evidence_id,case_id,platform,source_type,acquisition_mode,provenance_type,verification_status,trust_label,trust_score,review_status,evidence_type,title,body_text,comment_text,language,source_url,url,root_id,parent_id,created_at,collected_at,author_platform_hash,author_hash_method,author_identity_confidence,raw_author_id_removed,raw_author_name_removed,author_display_label,like_count,reply_count,share_count,view_count,content_hash,normalized_content_hash,canonical_url_hash,duplicate_group_id,duplicate_count,risk_flags,content_visibility,access_scope,source_capture_method,coverage_note,raw_data_safe,ingestion_metadata,is_root_content,influence_core_candidate,influence_core_type,source_identity_type,claim_summary,stance_hint,topic_hint,frame_hint,evidence_strength_hint,logic_strength_hint,emotional_intensity_hint,camp_state_hint,emotion_hint,people_cluster_hint,engagement_proxy
sgv1_7bb9e45e5885d3085846e206,donglu_sunjihai_youth_football_202606,weibo,major_platform_discussion_root,manual_url,manual_url,source_url_provided_unverified,medium,0.65,review_needed,creator_post,Weibo public discussion root 01,"Weibo public discussion root 01 This local snapshot is a selected controlled public opinion sample for the Dong Lu / Sun Jihai youth football route controversy. Platform/source category: weibo. Root index: 01. Topic focus: platform discussion. It mentions Dong Lu, Sun Jihai, youth football, Chinese football, route comparison, public response, media reframing, community discussion, and youth protection boundaries. Coverage limitations: selected controlled public sample only; not full web coverage; not full platform coverage; not full thread coverage; not official verification; not causal proof; not a judgment of who is right or wrong. Privacy note: no raw display names, profile URLs, private messages, minor identifying details, or family personal information are included.",,zh-CN,https://s.weibo.com/weibo?q=%E8%91%A3%E8%B7%AF%20%E5%AD%99%E7%BB%A7%E6%B5%B7%20%E9%9D%92%E8%AE%AD&sample=01,https://s.weibo.com/weibo?q=%E8%91%A3%E8%B7%AF%20%E5%AD%99%E7%BB%A7%E6%B5%B7%20%E9%9D%92%E8%AE%AD&sample=01,src_weibo_01,,2026-06-17T12:10:16.480Z,2026-06-17T12:10:16.480Z,,sha256_platform_case_salt,unknown,true,true,,0,0,0,0,sha256:40496b3100c9a263ba472f8e073c2a9a28e41ca406301e4a06fd5fe2261d2f81,sha256:f9ef1115cd69e3e083b07196c4801b8c5251f1b203e6b075e7f562f3c48d37b3,sha256:3bd5067e3f573d2910308b251ad37152a0b2ad9f82c7b53e8a6dd8d818b98ee5,dup_a7f464cc9faef2ac0b54,1,[],public,public,manual_public_snapshot,Selected public sample only. Not full-platform coverage. Not full-web coverage. Not full-thread coverage.,"{""asset_id"":""local-snapshot-src_weibo_01-root"",""run_id"":"""",""task_id"":"""",""source_path"":"""",""record_type"":""detail"",""field_score"":0,""keyword"":"""",""entity_ids"":[]}","{""normalized_from"":""opencrawler_local_asset"",""source_record_id"":""local-snapshot-src_weibo_01-root"",""source_type"":""major_platform_discussion_root"",""acquisition_mode"":""manual_url"",""normalized_at"":""2026-06-17T12:10:16.502Z"",""warnings"":[]}",true,true,creator_post,ordinary_user,,unknown,,unknown,unknown,unknown,unknown,,,,0
sgv1_205ba550d82a5772b2a415ac,donglu_sunjihai_youth_football_202606,weibo,major_platform_discussion_root,manual_url,manual_url,source_url_provided_unverified,medium,0.65,review_needed,creator_post,Weibo public discussion root 02,"Weibo public discussion root 02 This local snapshot is a selected controlled public opinion sample for the Dong Lu / Sun Jihai youth football route controversy. Platform/source category: weibo. Root index: 02. Topic focus: platform discussion. It mentions Dong Lu, Sun Jihai, youth football, Chinese football, route comparison, public response, media reframing, community discussion, and youth protection boundaries. Coverage limitations: selected controlled public sample only; not full web coverage; not full platform coverage; not full thread coverage; not official verification; not causal proof; not a judgment of who is right or wrong. Privacy note: no raw display names, profile URLs, private messages, minor identifying details, or family personal information are included.",,zh-CN,https://s.weibo.com/weibo?q=%E8%91%A3%E8%B7%AF%20%E5%AD%99%E7%BB%A7%E6%B5%B7%20%E9%9D%92%E8%AE%AD&sample=02,https://s.weibo.com/weibo?q=%E8%91%A3%E8%B7%AF%20%E5%AD%99%E7%BB%A7%E6%B5%B7%20%E9%9D%92%E8%AE%AD&sample=02,src_weibo_02,,2026-06-17T12:10:16.481Z,2026-06-17T12:10:16.481Z,,sha256_platform_case_salt,unknown,true,true,,0,0,0,0,sha256:478671749d661eb0a7346a039dd2618af714c45796c205cfae58868bb9179600,sha256:7ee6aaff70ab7d75aa59ea5b5aa557a58f9faab48f49a7afadf49b3f7be1488f,sha256:ac92664e95a8eb28cade549789f28d829560069f872788fc14859f4051bc3ac1,dup_80441f4f8c7d2aa75fac,1,[],public,public,manual_public_snapshot,Selected public sample only. Not full-platform coverage. Not full-web coverage. Not full-thread coverage.,"{""asset_id"":""local-snapshot-src_weibo_02-root"",""run_id"":"""",""task_id"":"""",""source_path"":"""",""record_type"":""detail"",""field_score"":0,""keyword"":"""",""entity_ids"":[]}","{""normalized_from"":""opencrawler_local_asset"",""source_record_id"":""local-snapshot-src_weibo_02-root"",""source_type"":""major_platform_discussion_root"",""acquisition_mode"":""manual_url"",""normalized_at"":""2026-06-17T12:10:16.502Z"",""warnings"":[]}",true,true,creator_post,ordinary_user,,unknown,,unknown,unknown,unknown,unknown,,,,0
sgv1_272aa7de6a81b59325b1f0b5,donglu_sunjihai_youth_football_202606,weibo,major_platform_discussion_root,manual_url,manual_url,source_url_provided_unverified,medium,0.65,review_needed,creator_post,Weibo public discussion root 03,"Weibo public discussion root 03 This local snapshot is a selected controlled public opinion sample for the Dong Lu / Sun Jihai youth football route controversy. Platform/source category: weibo. Root index: 03. Topic focus: platform discussion. It mentions Dong Lu, Sun Jihai, youth football, Chinese football, route comparison, public response, media reframing, community discussion, and youth protection boundaries. Coverage limitations: selected controlled public sample only; not full web coverage; not full platform coverage; not full thread coverage; not official verification; not causal proof; not a judgment of who is right or wrong. Privacy note: no raw display names, profile URLs, private messages, minor identifying details, or family personal information are included.",,zh-CN,https://s.weibo.com/weibo?q=%E8%91%A3%E8%B7%AF%20%E5%AD%99%E7%BB%A7%E6%B5%B7%20%E9%9D%92%E8%AE%AD&sample=03,https://s.weibo.com/weibo?q=%E8%91%A3%E8%B7%AF%20%E5%AD%99%E7%BB%A7%E6%B5%B7%20%E9%9D%92%E8%AE%AD&sample=03,src_weibo_03,,2026-06-17T12:10:16.481Z,2026-06-17T12:10:16.481Z,,sha256_platform_case_salt,unknown,true,true,,0,0,0,0,sha256:5e96901ba11b73ae77e6440e4a0f75860998f2f1b9b09aa7feecd21dfe10e3a9,sha256:3b3f8c35376b0b9bd0deb526153892f67b6d667376f9ff497e68b9e031619e2e,sha256:0e590a5f5c2a626952305ebf8b3619defb6eb9dae5174d682208e78008694226,dup_9d7e3305510fb1385167,1,[],public,public,manual_public_snapshot,Selected public sample only. Not full-platform coverage. Not full-web coverage. Not full-thread coverage.,"{""asset_id"":""local-snapshot-src_weibo_03-root"",""run_id"":"""",""task_id"":"""",""source_path"":"""",""record_type"":""detail"",""field_score"":0,""keyword"":"""",""entity_ids"":[]}","{""normalized_from"":""opencrawler_local_asset"",""source_record_id"":""local-snapshot-src_weibo_03-root"",""source_type"":""major_platform_discussion_root"",""acquisition_mode"":""manual_url"",""normalized_at"":""2026-06-17T12:10:16.502Z"",""warnings"":[]}",true,true,creator_post,ordinary_user,,unknown,,unknown,unknown,unknown,unknown,,,,0
sgv1_000854cb8b5ca41fb9827055,donglu_sunjihai_youth_football_202606,weibo,major_platform_discussion_root,manual_url,manual_url,source_url_provided_unverified,medium,0.65,review_needed,creator_post,Weibo public discussion root 04,"Weibo public discussion root 04 This local snapshot is a selected controlled public opinion sample for the Dong Lu / Sun Jihai youth football route controversy. Platform/source category: weibo. Root index: 04. Topic focus: platform discussion. It mentions Dong Lu, Sun Jihai, youth football, Chinese football, route comparison, public response, media reframing, community discussion, and youth protection boundaries. Coverage limitations: selected controlled public sample only; not full web coverage; not full platform coverage; not full thread coverage; not official verification; not causal proof; not a judgment of who is right or wrong. Privacy note: no raw display names, profile URLs, private messages, minor identifying details, or family personal information are included.",,zh-CN,https://s.weibo.com/weibo?q=%E8%91%A3%E8%B7%AF%20%E5%AD%99%E7%BB%A7%E6%B5%B7%20%E9%9D%92%E8%AE%AD&sample=04,https://s.weibo.com/weibo?q=%E8%91%A3%E8%B7%AF%20%E5%AD%99%E7%BB%A7%E6%B5%B7%20%E9%9D%92%E8%AE%AD&sample=04,src_weibo_04,,2026-06-17T12:10:16.481Z,2026-06-17T12:10:16.481Z,,sha256_platform_case_salt,unknown,true,true,,0,0,0,0,sha256:2d5dd3ac4f8fca935963249d56bfd4af91270bb0195c74b3f6014b3a10e154be,sha256:0b6eab19a20c5c74439118b318c17875160f2cb61b915726a2b9915513750e61,sha256:31aff54b61b9aa3c3c01f9e909fbb3fb3a75269d8330adb0172f4a3ba12748a2,dup_6a96e1e1733d2e7fc6ab,1,[],public,public,manual_public_snapshot,Selected public sample only. Not full-platform coverage. Not full-web coverage. Not full-thread coverage.,"{""asset_id"":""local-snapshot-src_weibo_04-root"",""run_id"":"""",""task_id"":"""",""source_path"":"""",""record_type"":""detail"",""field_score"":0,""keyword"":"""",""entity_ids"":[]}","{""normalized_from"":""opencrawler_local_asset"",""source_record_id"":""local-snapshot-src_weibo_04-root"",""source_type"":""major_platform_discussion_root"",""acquisition_mode"":""manual_url"",""normalized_at"":""2026-06-17T12:10:16.502Z"",""warnings"":[]}",true,true,creator_post,ordinary_user,,unknown,,unknown,unknown,unknown,unknown,,,,0
sgv1_ba4b3ef11f8df2018c7eb906,donglu_sunjihai_youth_football_202606,weibo,major_platform_discussion_root,manual_url,manual_url,source_url_provided_unverified,medium,0.65,review_needed,creator_post,Weibo public discussion root 05,"Weibo public discussion root 05 This local snapshot is a selected controlled public opinion sample for the Dong Lu / Sun Jihai youth football route controversy. Platform/source category: weibo. Root index: 05. Topic focus: platform discussion. It mentions Dong Lu, Sun Jihai, youth football, Chinese football, route comparison, public response, media reframing, community discussion, and youth protection boundaries. Coverage limitations: selected controlled public sample only; not full web coverage; not full platform coverage; not full thread coverage; not official verification; not causal proof; not a judgment of who is right or wrong. Privacy note: no raw display names, profile URLs, private messages, minor identifying details, or family personal information are included.",,zh-CN,https://s.weibo.com/weibo?q=%E8%91%A3%E8%B7%AF%20%E5%AD%99%E7%BB%A7%E6%B5%B7%20%E9%9D%92%E8%AE%AD&sample=05,https://s.weibo.com/weibo?q=%E8%91%A3%E8%B7%AF%20%E5%AD%99%E7%BB%A7%E6%B5%B7%20%E9%9D%92%E8%AE%AD&sample=05,src_weibo_05,,2026-06-17T12:10:16.482Z,2026-06-17T12:10:16.482Z,,sha256_platform_case_salt,unknown,true,true,,0,0,0,0,sha256:32e995a791ee61844ade2dbfb438580e42685f7f7e80100d0e6aaed05580917d,sha256:dfbdc613c0654cf1534977dec1dd32830b442e37aeee02d1ad04d149ca25e1b5,sha256:d7c6befecb83a7a94f66eabb5878bdd7d5210f0dc01a69c380c2ce99fba7bb2d,dup_9a60d004fae58e40d6a8,1,[],public,public,manual_public_snapshot,Selected public sample only. Not full-platform coverage. Not full-web coverage. Not full-thread coverage.,"{""asset_id"":""local-snapshot-src_weibo_05-root"",""run_id"":"""",""task_id"":"""",""source_path"":"""",""record_type"":""detail"",""field_score"":0,""keyword"":"""",""entity_ids"":[]}","{""normalized_from"":""opencrawler_local_asset"",""source_record_id"":""local-snapshot-src_weibo_05-root"",""source_type"":""major_platform_discussion_root"",""acquisition_mode"":""manual_url"",""normalized_at"":""2026-06-17T12:10:16.502Z"",""warnings"":[]}",true,true,creator_post,ordinary_user,,unknown,,unknown,unknown,unknown,unknown,,,,0
sgv1_5b409183845ffc9b7352fdd1,donglu_sunjihai_youth_football_202606,weibo,major_platform_discussion_root,manual_url,manual_url,source_url_provided_unverified,medium,0.65,review_needed,creator_post,Weibo public discussion root 06,"Weibo public discussion root 06 This local snapshot is a selected controlled public opinion sample for the Dong Lu / Sun Jihai youth football route controversy. Platform/source category: weibo. Root index: 06. Topic focus: platform discussion. It mentions Dong Lu, Sun Jihai, youth football, Chinese football, route comparison, public response, media reframing, community discussion, and youth protection boundaries. Coverage limitations: selected controlled public sample only; not full web coverage; not full platform coverage; not full thread coverage; not official verification; not causal proof; not a judgment of who is right or wrong. Privacy note: no raw display names, profile URLs, private messages, minor identifying details, or family personal information are included.",,zh-CN,https://s.weibo.com/weibo?q=%E8%91%A3%E8%B7%AF%20%E5%AD%99%E7%BB%A7%E6%B5%B7%20%E9%9D%92%E8%AE%AD&sample=06,https://s.weibo.com/weibo?q=%E8%91%A3%E8%B7%AF%20%E5%AD%99%E7%BB%A7%E6%B5%B7%20%E9%9D%92%E8%AE%AD&sample=06,src_weibo_06,,2026-06-17T12:10:16.482Z,2026-06-17T12:10:16.482Z,,sha256_platform_case_salt,unknown,true,true,,0,0,0,0,sha256:8c7da4c153badf6f9f5965553221b0b2feaff9939aa8a229bf25c69a0b8ff874,sha256:88ee222ee9c79e4ceb18aeb40960166e07257f58d4f441c38343c38d90b38569,sha256:7033a21e6244506dcf79c26a28c9110d1f5b5a3f98572971daefcd094965ed86,dup_acb19d8e52c4b450c42e,1,[],public,public,manual_public_snapshot,Selected public sample only. Not full-platform coverage. Not full-web coverage. Not full-thread coverage.,"{""asset_id"":""local-snapshot-src_weibo_06-root"",""run_id"":"""",""task_id"":"""",""source_path"":"""",""record_type"":""detail"",""field_score"":0,""keyword"":"""",""entity_ids"":[]}","{""normalized_from"":""opencrawler_local_asset"",""source_record_id"":""local-snapshot-src_weibo_06-root"",""source_type"":""major_platform_discussion_root"",""acquisition_mode"":""manual_url"",""normalized_at"":""2026-06-17T12:10:16.502Z"",""warnings"":[]}",true,true,creator_post,ordinary_user,,unknown,,unknown,unknown,unknown,unknown,,,,0
sgv1_d23706ef93953f3b82a049c6,donglu_sunjihai_youth_football_202606,weibo,major_platform_discussion_root,manual_url,manual_url,source_url_provided_unverified,medium,0.65,review_needed,creator_post,Weibo public discussion root 07,"Weibo public discussion root 07 This local snapshot is a selected controlled public opinion sample for the Dong Lu / Sun Jihai youth football route controversy. Platform/source category: weibo. Root index: 07. Topic focus: platform discussion. It mentions Dong Lu, Sun Jihai, youth football, Chinese football, route comparison, public response, media reframing, community discussion, and youth protection boundaries. Coverage limitations: selected controlled public sample only; not full web coverage; not full platform coverage; not full thread coverage; not official verification; not causal proof; not a judgment of who is right or wrong. Privacy note: no raw display names, profile URLs, private messages, minor identifying details, or family personal information are included.",,zh-CN,https://s.weibo.com/weibo?q=%E8%91%A3%E8%B7%AF%20%E5%AD%99%E7%BB%A7%E6%B5%B7%20%E9%9D%92%E8%AE%AD&sample=07,https://s.weibo.com/weibo?q=%E8%91%A3%E8%B7%AF%20%E5%AD%99%E7%BB%A7%E6%B5%B7%20%E9%9D%92%E8%AE%AD&sample=07,src_weibo_07,,2026-06-17T12:10:16.482Z,2026-06-17T12:10:16.482Z,,sha256_platform_case_salt,unknown,true,true,,0,0,0,0,sha256:f5220f64143757e350a023fb86c7f4ec6fb4a48a5c2a25eec94c0ea4127b9816,sha256:277366164ff6ec3f79504088d72b89815cacd21c6f1b75f64ba8470c0403cdda,sha256:8b381ed481391d106817752bbae94a20c98674a9f06056fc100f0e95f3d6de7a,dup_9f960121f471486a9dcb,1,[],public,public,manual_public_snapshot,Selected public sample only. Not full-platform coverage. Not full-web coverage. Not full-thread coverage.,"{""asset_id"":""local-snapshot-src_weibo_07-root"",""run_id"":"""",""task_id"":"""",""source_path"":"""",""record_type"":""detail"",""field_score"":0,""keyword"":"""",""entity_ids"":[]}","{""normalized_from"":""opencrawler_local_asset"",""source_record_id"":""local-snapshot-src_weibo_07-root"",""source_type"":""major_platform_discussion_root"",""acquisition_mode"":""manual_url"",""normalized_at"":""2026-06-17T12:10:16.502Z"",""warnings"":[]}",true,true,creator_post,ordinary_user,,unknown,,unknown,unknown,unknown,unknown,,,,0
sgv1_a4b1b04356c987487a7e338a,donglu_sunjihai_youth_football_202606,weibo,major_platform_discussion_root,manual_url,manual_url,source_url_provided_unverified,medium,0.65,review_needed,creator_post,Weibo public discussion root 08,"Weibo public discussion root 08 This local snapshot is a selected controlled public opinion sample for the Dong Lu / Sun Jihai youth football route controversy. Platform/source category: weibo. Root index: 08. Topic focus: platform discussion. It mentions Dong Lu, Sun Jihai, youth football, Chinese football, route comparison, public response, media reframing, community discussion, and youth protection boundaries. Coverage limitations: selected controlled public sample only; not full web coverage; not full platform coverage; not full thread coverage; not official verification; not causal proof; not a judgment of who is right or wrong. Privacy note: no raw display names, profile URLs, private messages, minor identifying details, or family personal information are included.",,zh-CN,https://s.weibo.com/weibo?q=%E8%91%A3%E8%B7%AF%20%E5%AD%99%E7%BB%A7%E6%B5%B7%20%E9%9D%92%E8%AE%AD&sample=08,https://s.weibo.com/weibo?q=%E8%91%A3%E8%B7%AF%20%E5%AD%99%E7%BB%A7%E6%B5%B7%20%E9%9D%92%E8%AE%AD&sample=08,src_weibo_08,,2026-06-17T12:10:16.482Z,2026-06-17T12:10:16.482Z,,sha256_platform_case_salt,unknown,true,true,,0,0,0,0,sha256:84d3648e9265e45127d3e092e3e28c83a8c199fc29726c5ed0ccbfb4bf6550bd,sha256:c11d93ad7c47b5b5d4fcd625c53c1e2f919ab929c0fc09677d12dd6aeb03720f,sha256:0e1349a5a6d840368e86c814fd869f410979901e35e15e854b37464141c644b5,dup_02294fa6ce2cbbf24b2a,1,[],public,public,manual_public_snapshot,Selected public sample only. Not full-platform coverage. Not full-web coverage. Not full-thread coverage.,"{""asset_id"":""local-snapshot-src_weibo_08-root"",""run_id"":"""",""task_id"":"""",""source_path"":"""",""record_type"":""detail"",""field_score"":0,""keyword"":"""",""entity_ids"":[]}","{""normalized_from"":""opencrawler_local_asset"",""source_record_id"":""local-snapshot-src_weibo_08-root"",""source_type"":""major_platform_discussion_root"",""acquisition_mode"":""manual_url"",""normalized_at"":""2026-06-17T12:10:16.502Z"",""warnings"":[]}",true,true,creator_post,ordinary_user,,unknown,,unknown,unknown,unknown,unknown,,,,0
sgv1_5b495a04fe0963c88395803b,donglu_sunjihai_youth_football_202606,weibo,major_platform_discussion_root,manual_url,manual_url,source_url_provided_unverified,medium,0.65,review_needed,creator_post,Weibo public discussion root 09,"Weibo public discussion root 09 This local snapshot is a selected controlled public opinion sample for the Dong Lu / Sun Jihai youth football route controversy. Platform/source category: weibo. Root index: 09. Topic focus: platform discussion. It mentions Dong Lu, Sun Jihai, youth football, Chinese football, route comparison, public response, media reframing, community discussion, and youth protection boundaries. Coverage limitations: selected controlled public sample only; not full web coverage; not full platform coverage; not full thread coverage; not official verification; not causal proof; not a judgment of who is right or wrong. Privacy note: no raw display names, profile URLs, private messages, minor identifying details, or family personal information are included.",,zh-CN,https://s.weibo.com/weibo?q=%E8%91%A3%E8%B7%AF%20%E5%AD%99%E7%BB%A7%E6%B5%B7%20%E9%9D%92%E8%AE%AD&sample=09,https://s.weibo.com/weibo?q=%E8%91%A3%E8%B7%AF%20%E5%AD%99%E7%BB%A7%E6%B5%B7%20%E9%9D%92%E8%AE%AD&sample=09,src_weibo_09,,2026-06-17T12:10:16.482Z,2026-06-17T12:10:16.482Z,,sha256_platform_case_salt,unknown,true,true,,0,0,0,0,sha256:4722a46eea11230863f5edd9d99259263df84830c3ce4a37b3358cfaf299e886,sha256:d445fe8f0402d7698d13e2ffa368f0b351741e0ebc19cdfb6107ae5d9edc3733,sha256:dd53ba3019b6f3686dcbaf31220c19122a14d18f07d639b3492ac90f8783aa29,dup_552d08b9a9dbb8c7fd43,1,[],public,public,manual_public_snapshot,Selected public sample only. Not full-platform coverage. Not full-web coverage. Not full-thread coverage.,"{""asset_id"":""local-snapshot-src_weibo_09-root"",""run_id"":"""",""task_id"":"""",""source_path"":"""",""record_type"":""detail"",""field_score"":0,""keyword"":"""",""entity_ids"":[]}","{""normalized_from"":""opencrawler_local_asset"",""source_record_id"":""local-snapshot-src_weibo_09-root"",""source_type"":""major_platform_discussion_root"",""acquisition_mode"":""manual_url"",""normalized_at"":""2026-06-17T12:10:16.502Z"",""warnings"":[]}",true,true,creator_post,ordinary_user,,unknown,,unknown,unknown,unknown,unknown,,,,0
sgv1_663bc0fa78bbad43867893ae,donglu_sunjihai_youth_football_202606,weibo,major_platform_discussion_root,manual_url,manual_url,source_url_provided_unverified,medium,0.65,review_needed,creator_post,Weibo public discussion root 10,"Weibo public discussion root 10 This local snapshot is a selected controlled public opinion sample for the Dong Lu / Sun Jihai youth football route controversy. Platform/source category: weibo. Root index: 10. Topic focus: platform discussion. It mentions Dong Lu, Sun Jihai, youth football, Chinese football, route comparison, public response, media reframing, community discussion, and youth protection boundaries. Coverage limitations: selected controlled public sample only; not full web coverage; not full platform coverage; not full thread coverage; not official verification; not causal proof; not a judgment of who is right or wrong. Privacy note: no raw display names, profile URLs, private messages, minor identifying details, or family personal information are included.",,zh-CN,https://s.weibo.com/weibo?q=%E8%91%A3%E8%B7%AF%20%E5%AD%99%E7%BB%A7%E6%B5%B7%20%E9%9D%92%E8%AE%AD&sample=10,https://s.weibo.com/weibo?q=%E8%91%A3%E8%B7%AF%20%E5%AD%99%E7%BB%A7%E6%B5%B7%20%E9%9D%92%E8%AE%AD&sample=10,src_weibo_10,,2026-06-17T12:10:16.483Z,2026-06-17T12:10:16.483Z,,sha256_platform_case_salt,unknown,true,true,,0,0,0,0,sha256:1c57136162a29d1b174b0be8120ead6cef8aea0adb19c5e8250ee06dd365fc73,sha256:477bbd97bd2c3940f4baada806b195b16bb0f04aceb9fb950adf343edea63126,sha256:d399be60d40e39bb1272189bfd9e9c835b6628449eebe501ac413a8de251d795,dup_30797c3a05649d464208,1,[],public,public,manual_public_snapshot,Selected public sample only. Not full-platform coverage. Not full-web coverage. Not full-thread coverage.,"{""asset_id"":""local-snapshot-src_weibo_10-root"",""run_id"":"""",""task_id"":"""",""source_path"":"""",""record_type"":""detail"",""field_score"":0,""keyword"":"""",""entity_ids"":[]}","{""normalized_from"":""opencrawler_local_asset"",""source_record_id"":""local-snapshot-src_weibo_10-root"",""source_type"":""major_platform_discussion_root"",""acquisition_mode"":""manual_url"",""normalized_at"":""2026-06-17T12:10:16.502Z"",""warnings"":[]}",true,true,creator_post,ordinary_user,,unknown,,unknown,unknown,unknown,unknown,,,,0
sgv1_f1926885404a7d31ddb2b84c,donglu_sunjihai_youth_football_202606,bilibili,video_discussion_root,manual_url,manual_url,source_url_provided_unverified,medium,0.65,review_needed,creator_video,Bilibili video discussion root 01,"Bilibili video discussion root 01 This local snapshot is a selected controlled public opinion sample for the Dong Lu / Sun Jihai youth football route controversy. Platform/source category: bilibili. Root index: 01. Topic focus: fan community reaction. It mentions Dong Lu, Sun Jihai, youth football, Chinese football, route comparison, public response, media reframing, community discussion, and youth protection boundaries. Coverage limitations: selected controlled public sample only; not full web coverage; not full platform coverage; not full thread coverage; not official verification; not causal proof; not a judgment of who is right or wrong. Privacy note: no raw display names, profile URLs, private messages, minor identifying details, or family personal information are included.",,zh-CN,https://search.bilibili.com/all?keyword=%E8%91%A3%E8%B7%AF%20%E5%AD%99%E7%BB%A7%E6%B5%B7%20%E9%9D%92%E8%AE%AD&sample=01,https://search.bilibili.com/all?keyword=%E8%91%A3%E8%B7%AF%20%E5%AD%99%E7%BB%A7%E6%B5%B7%20%E9%9D%92%E8%AE%AD&sample=01,src_bilibili_01,,2026-06-17T12:10:16.483Z,2026-06-17T12:10:16.483Z,,sha256_platform_case_salt,unknown,true,true,,0,0,0,0,sha256:ad4a826d5ba7a8258ffcd3cc51d534ea13307db1a3581f24bc00a3e4ae210393,sha256:41f0394a9cf27e1df211ef7481ae5b27301912b228ddc55643c259acbe88164a,sha256:5a1f0a09f8a68f8c35ed2914ba20d6317f216fba2da86acb5e62ee153a9beacf,dup_4f24813f9e5dfbdc217c,1,[],public,public,manual_public_snapshot,Selected public sample only. Not full-platform coverage. Not full-web coverage. Not full-thread coverage.,"{""asset_id"":""local-snapshot-src_bilibili_01-root"",""run_id"":"""",""task_id"":"""",""source_path"":"""",""record_type"":""detail"",""field_score"":0,""keyword"":"""",""entity_ids"":[]}","{""normalized_from"":""opencrawler_local_asset"",""source_record_id"":""local-snapshot-src_bilibili_01-root"",""source_type"":""video_discussion_root"",""acquisition_mode"":""manual_url"",""normalized_at"":""2026-06-17T12:10:16.502Z"",""warnings"":[]}",true,true,creator_video,up,,unknown,,unknown,unknown,unknown,unknown,,,,0
sgv1_3880715fffca9ba68e207b3f,donglu_sunjihai_youth_football_202606,bilibili,video_discussion_root,manual_url,manual_url,source_url_provided_unverified,medium,0.65,review_needed,creator_video,Bilibili video discussion root 02,"Bilibili video discussion root 02 This local snapshot is a selected controlled public opinion sample for the Dong Lu / Sun Jihai youth football route controversy. Platform/source category: bilibili. Root index: 02. Topic focus: fan community reaction. It mentions Dong Lu, Sun Jihai, youth football, Chinese football, route comparison, public response, media reframing, community discussion, and youth protection boundaries. Coverage limitations: selected controlled public sample only; not full web coverage; not full platform coverage; not full thread coverage; not official verification; not causal proof; not a judgment of who is right or wrong. Privacy note: no raw display names, profile URLs, private messages, minor identifying details, or family personal information are included.",,zh-CN,https://search.bilibili.com/all?keyword=%E8%91%A3%E8%B7%AF%20%E5%AD%99%E7%BB%A7%E6%B5%B7%20%E9%9D%92%E8%AE%AD&sample=02,https://search.bilibili.com/all?keyword=%E8%91%A3%E8%B7%AF%20%E5%AD%99%E7%BB%A7%E6%B5%B7%20%E9%9D%92%E8%AE%AD&sample=02,src_bilibili_02,,2026-06-17T12:10:16.483Z,2026-06-17T12:10:16.483Z,,sha256_platform_case_salt,unknown,true,true,,0,0,0,0,sha256:01c0e3edb75d0269aff2ab8a765dc47ce1702de14d4dcbdb95b643454ddef4df,sha256:97627721d28383bccee12cf975274417aa5b0d858677ce6bbed2dae87390386b,sha256:5f9e239aee30a1e10926012a87aef69911a3c5a687b6a106659f085f6ba403f6,dup_ea57683a46aa249034a2,1,[],public,public,manual_public_snapshot,Selected public sample only. Not full-platform coverage. Not full-web coverage. Not full-thread coverage.,"{""asset_id"":""local-snapshot-src_bilibili_02-root"",""run_id"":"""",""task_id"":"""",""source_path"":"""",""record_type"":""detail"",""field_score"":0,""keyword"":"""",""entity_ids"":[]}","{""normalized_from"":""opencrawler_local_asset"",""source_record_id"":""local-snapshot-src_bilibili_02-root"",""source_type"":""video_discussion_root"",""acquisition_mode"":""manual_url"",""normalized_at"":""2026-06-17T12:10:16.502Z"",""warnings"":[]}",true,true,creator_video,up,,unknown,,unknown,unknown,unknown,unknown,,,,0
sgv1_473f18a514bb9317c13ac774,donglu_sunjihai_youth_football_202606,bilibili,video_discussion_root,manual_url,manual_url,source_url_provided_unverified,medium,0.65,review_needed,creator_video,Bilibili video discussion root 03,"Bilibili video discussion root 03 This local snapshot is a selected controlled public opinion sample for the Dong Lu / Sun Jihai youth football route controversy. Platform/source category: bilibili. Root index: 03. Topic focus: fan community reaction. It mentions Dong Lu, Sun Jihai, youth football, Chinese football, route comparison, public response, media reframing, community discussion, and youth protection boundaries. Coverage limitations: selected controlled public sample only; not full web coverage; not full platform coverage; not full thread coverage; not official verification; not causal proof; not a judgment of who is right or wrong. Privacy note: no raw display names, profile URLs, private messages, minor identifying details, or family personal information are included.",,zh-CN,https://search.bilibili.com/all?keyword=%E8%91%A3%E8%B7%AF%20%E5%AD%99%E7%BB%A7%E6%B5%B7%20%E9%9D%92%E8%AE%AD&sample=03,https://search.bilibili.com/all?keyword=%E8%91%A3%E8%B7%AF%20%E5%AD%99%E7%BB%A7%E6%B5%B7%20%E9%9D%92%E8%AE%AD&sample=03,src_bilibili_03,,2026-06-17T12:10:16.483Z,2026-06-17T12:10:16.483Z,,sha256_platform_case_salt,unknown,true,true,,0,0,0,0,sha256:4895deb64adee167fa055d59bb8616a5174abfaf16baea3d7580f4ab84c5c678,sha256:ad0c2ff93a617334ca4dc38340ab7773a37b74869928cd970bec482bbd532d37,sha256:5a4897b64c1855ee55a9faa693573d0da054c5ecb861549a47ea75969de1e2b4,dup_30f463850c8971dbd21e,1,[],public,public,manual_public_snapshot,Selected public sample only. Not full-platform coverage. Not full-web coverage. Not full-thread coverage.,"{""asset_id"":""local-snapshot-src_bilibili_03-root"",""run_id"":"""",""task_id"":"""",""source_path"":"""",""record_type"":""detail"",""field_score"":0,""keyword"":"""",""entity_ids"":[]}","{""normalized_from"":""opencrawler_local_asset"",""source_record_id"":""local-snapshot-src_bilibili_03-root"",""source_type"":""video_discussion_root"",""acquisition_mode"":""manual_url"",""normalized_at"":""2026-06-17T12:10:16.502Z"",""warnings"":[]}",true,true,creator_video,up,,unknown,,unknown,unknown,unknown,unknown,,,,0
sgv1_e4443444b67ece05fceeb08c,donglu_sunjihai_youth_football_202606,bilibili,video_discussion_root,manual_url,manual_url,source_url_provided_unverified,medium,0.65,review_needed,creator_video,Bilibili video discussion root 04,"Bilibili video discussion root 04 This local snapshot is a selected controlled public opinion sample for the Dong Lu / Sun Jihai youth football route controversy. Platform/source category: bilibili. Root index: 04. Topic focus: fan community reaction. It mentions Dong Lu, Sun Jihai, youth football, Chinese football, route comparison, public response, media reframing, community discussion, and youth protection boundaries. Coverage limitations: selected controlled public sample only; not full web coverage; not full platform coverage; not full thread coverage; not official verification; not causal proof; not a judgment of who is right or wrong. Privacy note: no raw display names, profile URLs, private messages, minor identifying details, or family personal information are included.",,zh-CN,https://search.bilibili.com/all?keyword=%E8%91%A3%E8%B7%AF%20%E5%AD%99%E7%BB%A7%E6%B5%B7%20%E9%9D%92%E8%AE%AD&sample=04,https://search.bilibili.com/all?keyword=%E8%91%A3%E8%B7%AF%20%E5%AD%99%E7%BB%A7%E6%B5%B7%20%E9%9D%92%E8%AE%AD&sample=04,src_bilibili_04,,2026-06-17T12:10:16.483Z,2026-06-17T12:10:16.483Z,,sha256_platform_case_salt,unknown,true,true,,0,0,0,0,sha256:d4c9896202604808a2affc9909bc4a046eff2dc784b6c5336356951f8fbd1802,sha256:d0eea9bf17309db8a01c82db556f8c44f11f2b7571e4e3cd7bea7954cd9ddd74,sha256:affa9f0b686cc5c93d608369f5c0298f9f9dc2a58de06399c2dcfab72c3d8a2d,dup_cc768acf63b6c95bcbf1,1,[],public,public,manual_public_snapshot,Selected public sample only. Not full-platform coverage. Not full-web coverage. Not full-thread coverage.,"{""asset_id"":""local-snapshot-src_bilibili_04-root"",""run_id"":"""",""task_id"":"""",""source_path"":"""",""record_type"":""detail"",""field_score"":0,""keyword"":"""",""entity_ids"":[]}","{""normalized_from"":""opencrawler_local_asset"",""source_record_id"":""local-snapshot-src_bilibili_04-root"",""source_type"":""video_discussion_root"",""acquisition_mode"":""manual_url"",""normalized_at"":""2026-06-17T12:10:16.502Z"",""warnings"":[]}",true,true,creator_video,up,,unknown,,unknown,unknown,unknown,unknown,,,,0
sgv1_75af528a0816d90ed2ca641d,donglu_sunjihai_youth_football_202606,bilibili,video_discussion_root,manual_url,manual_url,source_url_provided_unverified,medium,0.65,review_needed,creator_video,Bilibili video discussion root 05,"Bilibili video discussion root 05 This local snapshot is a selected controlled public opinion sample for the Dong Lu / Sun Jihai youth football route controversy. Platform/source category: bilibili. Root index: 05. Topic focus: fan community reaction. It mentions Dong Lu, Sun Jihai, youth football, Chinese football, route comparison, public response, media reframing, community discussion, and youth protection boundaries. Coverage limitations: selected controlled public sample only; not full web coverage; not full platform coverage; not full thread coverage; not official verification; not causal proof; not a judgment of who is right or wrong. Privacy note: no raw display names, profile URLs, private messages, minor identifying details, or family personal information are included.",,zh-CN,https://search.bilibili.com/all?keyword=%E8%91%A3%E8%B7%AF%20%E5%AD%99%E7%BB%A7%E6%B5%B7%20%E9%9D%92%E8%AE%AD&sample=05,https://search.bilibili.com/all?keyword=%E8%91%A3%E8%B7%AF%20%E5%AD%99%E7%BB%A7%E6%B5%B7%20%E9%9D%92%E8%AE%AD&sample=05,src_bilibili_05,,2026-06-17T12:10:16.483Z,2026-06-17T12:10:16.483Z,,sha256_platform_case_salt,unknown,true,true,,0,0,0,0,sha256:9905adf3f3a4f4cf29155561c0b50da6759720f73e1163c1b3b0e76dfe333b80,sha256:1ce8dbabb8787889b94987fff2eb9346764f2c2b1f00d89b90083369175fdf82,sha256:54dc0de62c3405ee243129a840963b0a8746ddbae231cc1753f8ef5389cd88c1,dup_4404032356326ea63c27,1,[],public,public,manual_public_snapshot,Selected public sample only. Not full-platform coverage. Not full-web coverage. Not full-thread coverage.,"{""asset_id"":""local-snapshot-src_bilibili_05-root"",""run_id"":"""",""task_id"":"""",""source_path"":"""",""record_type"":""detail"",""field_score"":0,""keyword"":"""",""entity_ids"":[]}","{""normalized_from"":""opencrawler_local_asset"",""source_record_id"":""local-snapshot-src_bilibili_05-root"",""source_type"":""video_discussion_root"",""acquisition_mode"":""manual_url"",""normalized_at"":""2026-06-17T12:10:16.502Z"",""warnings"":[]}",true,true,creator_video,up,,unknown,,unknown,unknown,unknown,unknown,,,,0
sgv1_9f5bf8da427059d09eae05ec,donglu_sunjihai_youth_football_202606,bilibili,video_discussion_root,manual_url,manual_url,source_url_provided_unverified,medium,0.65,review_needed,creator_video,Bilibili video discussion root 06,"Bilibili video discussion root 06 This local snapshot is a selected controlled public opinion sample for the Dong Lu / Sun Jihai youth football route controversy. Platform/source category: bilibili. Root index: 06. Topic focus: fan community reaction. It mentions Dong Lu, Sun Jihai, youth football, Chinese football, route comparison, public response, media reframing, community discussion, and youth protection boundaries. Coverage limitations: selected controlled public sample only; not full web coverage; not full platform coverage; not full thread coverage; not official verification; not causal proof; not a judgment of who is right or wrong. Privacy note: no raw display names, profile URLs, private messages, minor identifying details, or family personal information are included.",,zh-CN,https://search.bilibili.com/all?keyword=%E8%91%A3%E8%B7%AF%20%E5%AD%99%E7%BB%A7%E6%B5%B7%20%E9%9D%92%E8%AE%AD&sample=06,https://search.bilibili.com/all?keyword=%E8%91%A3%E8%B7%AF%20%E5%AD%99%E7%BB%A7%E6%B5%B7%20%E9%9D%92%E8%AE%AD&sample=06,src_bilibili_06,,2026-06-17T12:10:16.484Z,2026-06-17T12:10:16.484Z,,sha256_platform_case_salt,unknown,true,true,,0,0,0,0,sha256:caa54519c3be061e2b16f7612582d9fcae21c32b08e39f7f391849b341fd1c32,sha256:aa3402023a8b5c7a964e71e085473d9765452d7d88231995482b8efcf32d9d3f,sha256:f6df28619ed94cdfdb51d48931580b9919a710cf6560b10f273c2f12d755631e,dup_573cc2b865e4a4a86aea,1,[],public,public,manual_public_snapshot,Selected public sample only. Not full-platform coverage. Not full-web coverage. Not full-thread coverage.,"{""asset_id"":""local-snapshot-src_bilibili_06-root"",""run_id"":"""",""task_id"":"""",""source_path"":"""",""record_type"":""detail"",""field_score"":0,""keyword"":"""",""entity_ids"":[]}","{""normalized_from"":""opencrawler_local_asset"",""source_record_id"":""local-snapshot-src_bilibili_06-root"",""source_type"":""video_discussion_root"",""acquisition_mode"":""manual_url"",""normalized_at"":""2026-06-17T12:10:16.502Z"",""warnings"":[]}",true,true,creator_video,up,,unknown,,unknown,unknown,unknown,unknown,,,,0
sgv1_68beae16396e7b4d2555f31b,donglu_sunjihai_youth_football_202606,bilibili,video_discussion_root,manual_url,manual_url,source_url_provided_unverified,medium,0.65,review_needed,creator_video,Bilibili video discussion root 07,"Bilibili video discussion root 07 This local snapshot is a selected controlled public opinion sample for the Dong Lu / Sun Jihai youth football route controversy. Platform/source category: bilibili. Root index: 07. Topic focus: fan community reaction. It mentions Dong Lu, Sun Jihai, youth football, Chinese football, route comparison, public response, media reframing, community discussion, and youth protection boundaries. Coverage limitations: selected controlled public sample only; not full web coverage; not full platform coverage; not full thread coverage; not official verification; not causal proof; not a judgment of who is right or wrong. Privacy note: no raw display names, profile URLs, private messages, minor identifying details, or family personal information are included.",,zh-CN,https://search.bilibili.com/all?keyword=%E8%91%A3%E8%B7%AF%20%E5%AD%99%E7%BB%A7%E6%B5%B7%20%E9%9D%92%E8%AE%AD&sample=07,https://search.bilibili.com/all?keyword=%E8%91%A3%E8%B7%AF%20%E5%AD%99%E7%BB%A7%E6%B5%B7%20%E9%9D%92%E8%AE%AD&sample=07,src_bilibili_07,,2026-06-17T12:10:16.484Z,2026-06-17T12:10:16.484Z,,sha256_platform_case_salt,unknown,true,true,,0,0,0,0,sha256:e8799d7559472f3ffcc41fc953904d501afb5f4e53ed08bb38f6ec4aae42e59b,sha256:b3e59b5f95962e6a15f490bce67030c21a9135a9587f6fb615a59067d7365495,sha256:d2a0895dcf1a292189fb18f38b0a7b6decc550c58a5b5e59eb881874483a8dc2,dup_7cd088e5c9e76602a51e,1,[],public,public,manual_public_snapshot,Selected public sample only. Not full-platform coverage. Not full-web coverage. Not full-thread coverage.,"{""asset_id"":""local-snapshot-src_bilibili_07-root"",""run_id"":"""",""task_id"":"""",""source_path"":"""",""record_type"":""detail"",""field_score"":0,""keyword"":"""",""entity_ids"":[]}","{""normalized_from"":""opencrawler_local_asset"",""source_record_id"":""local-snapshot-src_bilibili_07-root"",""source_type"":""video_discussion_root"",""acquisition_mode"":""manual_url"",""normalized_at"":""2026-06-17T12:10:16.502Z"",""warnings"":[]}",true,true,creator_video,up,,unknown,,unknown,unknown,unknown,unknown,,,,0
sgv1_363da0a4b4154fd911c1b9ab,donglu_sunjihai_youth_football_202606,tieba,forum_root_thread,manual_url,manual_url,source_url_provided_unverified,medium,0.65,review_needed,forum_thread,Tieba forum discussion root 01,"Tieba forum discussion root 01 This local snapshot is a selected controlled public opinion sample for the Dong Lu / Sun Jihai youth football route controversy. Platform/source category: tieba. Root index: 01. Topic focus: platform discussion. It mentions Dong Lu, Sun Jihai, youth football, Chinese football, route comparison, public response, media reframing, community discussion, and youth protection boundaries. Coverage limitations: selected controlled public sample only; not full web coverage; not full platform coverage; not full thread coverage; not official verification; not causal proof; not a judgment of who is right or wrong. Privacy note: no raw display names, profile URLs, private messages, minor identifying details, or family personal information are included.",,zh-CN,https://tieba.baidu.com/f?kw=%E4%B8%AD%E5%9B%BD%E8%B6%B3%E7%90%83&sample=01,https://tieba.baidu.com/f?kw=%E4%B8%AD%E5%9B%BD%E8%B6%B3%E7%90%83&sample=01,src_tieba_01,,2026-06-17T12:10:16.484Z,2026-06-17T12:10:16.484Z,,sha256_platform_case_salt,unknown,true,true,,0,0,0,0,sha256:5f6ecddbed61463d490d52924c1f0709e231d3529b50c6c4b8ad657926ccecdd,sha256:24c39c6ff39edaf1a0906f004c698874cc0ed22a951609627c522b97b62966f7,sha256:269ec08b9d27460a28696aebcd888e9bf0b6b640d02bcfd79e17f36a47c4cae2,dup_9b245190ffa2eb7f8a0a,1,[],public,public,manual_public_snapshot,Selected public sample only. Not full-platform coverage. Not full-web coverage. Not full-thread coverage.,"{""asset_id"":""local-snapshot-src_tieba_01-root"",""run_id"":"""",""task_id"":"""",""source_path"":"""",""record_type"":""detail"",""field_score"":0,""keyword"":"""",""entity_ids"":[]}","{""normalized_from"":""opencrawler_local_asset"",""source_record_id"":""local-snapshot-src_tieba_01-root"",""source_type"":""forum_root_thread"",""acquisition_mode"":""manual_url"",""normalized_at"":""2026-06-17T12:10:16.502Z"",""warnings"":[]}",true,true,forum_thread,community,,unknown,,unknown,unknown,unknown,unknown,,,,0
sgv1_14f18821fae2b366902dc231,donglu_sunjihai_youth_football_202606,tieba,forum_root_thread,manual_url,manual_url,source_url_provided_unverified,medium,0.65,review_needed,forum_thread,Tieba forum discussion root 02,"Tieba forum discussion root 02 This local snapshot is a selected controlled public opinion sample for the Dong Lu / Sun Jihai youth football route controversy. Platform/source category: tieba. Root index: 02. Topic focus: platform discussion. It mentions Dong Lu, Sun Jihai, youth football, Chinese football, route comparison, public response, media reframing, community discussion, and youth protection boundaries. Coverage limitations: selected controlled public sample only; not full web coverage; not full platform coverage; not full thread coverage; not official verification; not causal proof; not a judgment of who is right or wrong. Privacy note: no raw display names, profile URLs, private messages, minor identifying details, or family personal information are included.",,zh-CN,https://tieba.baidu.com/f?kw=%E4%B8%AD%E5%9B%BD%E8%B6%B3%E7%90%83&sample=02,https://tieba.baidu.com/f?kw=%E4%B8%AD%E5%9B%BD%E8%B6%B3%E7%90%83&sample=02,src_tieba_02,,2026-06-17T12:10:16.484Z,2026-06-17T12:10:16.484Z,,sha256_platform_case_salt,unknown,true,true,,0,0,0,0,sha256:0deb4ddaa041624e604fc88b1b830918030a1f3d891b1bfff271daba0e6cf3cf,sha256:2e2a18a2fca8803d70307d32556fda6b335c5126ebc2d76cff3396df68204641,sha256:171a433a0efccf82b6172f5162d076f8c3d8495ea1cfb1290a21a2db7fef46e2,dup_61367e2e34b16d38a64f,1,[],public,public,manual_public_snapshot,Selected public sample only. Not full-platform coverage. Not full-web coverage. Not full-thread coverage.,"{""asset_id"":""local-snapshot-src_tieba_02-root"",""run_id"":"""",""task_id"":"""",""source_path"":"""",""record_type"":""detail"",""field_score"":0,""keyword"":"""",""entity_ids"":[]}","{""normalized_from"":""opencrawler_local_asset"",""source_record_id"":""local-snapshot-src_tieba_02-root"",""source_type"":""forum_root_thread"",""acquisition_mode"":""manual_url"",""normalized_at"":""2026-06-17T12:10:16.502Z"",""warnings"":[]}",true,true,forum_thread,community,,unknown,,unknown,unknown,unknown,unknown,,,,0
sgv1_28f203a93ae7ffeb4780539c,donglu_sunjihai_youth_football_202606,tieba,forum_root_thread,manual_url,manual_url,source_url_provided_unverified,medium,0.65,review_needed,forum_thread,Tieba forum discussion root 03,"Tieba forum discussion root 03 This local snapshot is a selected controlled public opinion sample for the Dong Lu / Sun Jihai youth football route controversy. Platform/source category: tieba. Root index: 03. Topic focus: platform discussion. It mentions Dong Lu, Sun Jihai, youth football, Chinese football, route comparison, public response, media reframing, community discussion, and youth protection boundaries. Coverage limitations: selected controlled public sample only; not full web coverage; not full platform coverage; not full thread coverage; not official verification; not causal proof; not a judgment of who is right or wrong. Privacy note: no raw display names, profile URLs, private messages, minor identifying details, or family personal information are included.",,zh-CN,https://tieba.baidu.com/f?kw=%E4%B8%AD%E5%9B%BD%E8%B6%B3%E7%90%83&sample=03,https://tieba.baidu.com/f?kw=%E4%B8%AD%E5%9B%BD%E8%B6%B3%E7%90%83&sample=03,src_tieba_03,,2026-06-17T12:10:16.484Z,2026-06-17T12:10:16.484Z,,sha256_platform_case_salt,unknown,true,true,,0,0,0,0,sha256:d9df2330e52a3e01cffedf6c5c6d0fd0712c1a97127a700c708a80a4f5c2e8b5,sha256:46718dc711efc6aa8049c308e9d1df65e2fca8dd3ee485f37768c190499884db,sha256:77499df98d3b27d9a650cdd21cd86032f4d83a9d94e84c409c4472e550c045d4,dup_5e94527f8ece209f26f2,1,[],public,public,manual_public_snapshot,Selected public sample only. Not full-platform coverage. Not full-web coverage. Not full-thread coverage.,"{""asset_id"":""local-snapshot-src_tieba_03-root"",""run_id"":"""",""task_id"":"""",""source_path"":"""",""record_type"":""detail"",""field_score"":0,""keyword"":"""",""entity_ids"":[]}","{""normalized_from"":""opencrawler_local_asset"",""source_record_id"":""local-snapshot-src_tieba_03-root"",""source_type"":""forum_root_thread"",""acquisition_mode"":""manual_url"",""normalized_at"":""2026-06-17T12:10:16.502Z"",""warnings"":[]}",true,true,forum_thread,community,,unknown,,unknown,unknown,unknown,unknown,,,,0
sgv1_41e875a0bad17277f5b6d611,donglu_sunjihai_youth_football_202606,tieba,forum_root_thread,manual_url,manual_url,source_url_provided_unverified,medium,0.65,review_needed,forum_thread,Tieba forum discussion root 04,"Tieba forum discussion root 04 This local snapshot is a selected controlled public opinion sample for the Dong Lu / Sun Jihai youth football route controversy. Platform/source category: tieba. Root index: 04. Topic focus: platform discussion. It mentions Dong Lu, Sun Jihai, youth football, Chinese football, route comparison, public response, media reframing, community discussion, and youth protection boundaries. Coverage limitations: selected controlled public sample only; not full web coverage; not full platform coverage; not full thread coverage; not official verification; not causal proof; not a judgment of who is right or wrong. Privacy note: no raw display names, profile URLs, private messages, minor identifying details, or family personal information are included.",,zh-CN,https://tieba.baidu.com/f?kw=%E4%B8%AD%E5%9B%BD%E8%B6%B3%E7%90%83&sample=04,https://tieba.baidu.com/f?kw=%E4%B8%AD%E5%9B%BD%E8%B6%B3%E7%90%83&sample=04,src_tieba_04,,2026-06-17T12:10:16.484Z,2026-06-17T12:10:16.484Z,,sha256_platform_case_salt,unknown,true,true,,0,0,0,0,sha256:2f2ef75c67e929bda35bb883ed40453d7f61740c3c2ccf95c166527080d3d55c,sha256:e5862a9a8d49baeabe78dd4a5cb35ce84f26660614df76c7e0940c5f151e24cb,sha256:d50c1b2e09707533cea40ba9709b6db2ebdfe60bddf3414aaaed2fdb2a15d0b0,dup_95509edf377d8a0a8ad6,1,[],public,public,manual_public_snapshot,Selected public sample only. Not full-platform coverage. Not full-web coverage. Not full-thread coverage.,"{""asset_id"":""local-snapshot-src_tieba_04-root"",""run_id"":"""",""task_id"":"""",""source_path"":"""",""record_type"":""detail"",""field_score"":0,""keyword"":"""",""entity_ids"":[]}","{""normalized_from"":""opencrawler_local_asset"",""source_record_id"":""local-snapshot-src_tieba_04-root"",""source_type"":""forum_root_thread"",""acquisition_mode"":""manual_url"",""normalized_at"":""2026-06-17T12:10:16.502Z"",""warnings"":[]}",true,true,forum_thread,community,,unknown,,unknown,unknown,unknown,unknown,,,,0
sgv1_e172d8641695a9273f7dad8c,donglu_sunjihai_youth_football_202606,tieba,forum_root_thread,manual_url,manual_url,source_url_provided_unverified,medium,0.65,review_needed,forum_thread,Tieba forum discussion root 05,"Tieba forum discussion root 05 This local snapshot is a selected controlled public opinion sample for the Dong Lu / Sun Jihai youth football route controversy. Platform/source category: tieba. Root index: 05. Topic focus: platform discussion. It mentions Dong Lu, Sun Jihai, youth football, Chinese football, route comparison, public response, media reframing, community discussion, and youth protection boundaries. Coverage limitations: selected controlled public sample only; not full web coverage; not full platform coverage; not full thread coverage; not official verification; not causal proof; not a judgment of who is right or wrong. Privacy note: no raw display names, profile URLs, private messages, minor identifying details, or family personal information are included.",,zh-CN,https://tieba.baidu.com/f?kw=%E4%B8%AD%E5%9B%BD%E8%B6%B3%E7%90%83&sample=05,https://tieba.baidu.com/f?kw=%E4%B8%AD%E5%9B%BD%E8%B6%B3%E7%90%83&sample=05,src_tieba_05,,2026-06-17T12:10:16.485Z,2026-06-17T12:10:16.485Z,,sha256_platform_case_salt,unknown,true,true,,0,0,0,0,sha256:a8c313745dd7d4801432e58328c7dc0268d7cbbb43da746c7b3cfbcc75c1ddc7,sha256:f4d6842f7280a7b464081a76578ae19f6e97a7e05968dca3c1fe666e50c7a24a,sha256:05c66ca31b7b7becae0d3ecf838c24c19732a4baef55ec7905e88c890510b6d1,dup_78a26c9beb01ce7300c5,1,[],public,public,manual_public_snapshot,Selected public sample only. Not full-platform coverage. Not full-web coverage. Not full-thread coverage.,"{""asset_id"":""local-snapshot-src_tieba_05-root"",""run_id"":"""",""task_id"":"""",""source_path"":"""",""record_type"":""detail"",""field_score"":0,""keyword"":"""",""entity_ids"":[]}","{""normalized_from"":""opencrawler_local_asset"",""source_record_id"":""local-snapshot-src_tieba_05-root"",""source_type"":""forum_root_thread"",""acquisition_mode"":""manual_url"",""normalized_at"":""2026-06-17T12:10:16.502Z"",""warnings"":[]}",true,true,forum_thread,community,,unknown,,unknown,unknown,unknown,unknown,,,,0
sgv1_43408f1aa8f174af9d5cfa12,donglu_sunjihai_youth_football_202606,tieba,forum_root_thread,manual_url,manual_url,source_url_provided_unverified,medium,0.65,review_needed,forum_thread,Tieba forum discussion root 06,"Tieba forum discussion root 06 This local snapshot is a selected controlled public opinion sample for the Dong Lu / Sun Jihai youth football route controversy. Platform/source category: tieba. Root index: 06. Topic focus: platform discussion. It mentions Dong Lu, Sun Jihai, youth football, Chinese football, route comparison, public response, media reframing, community discussion, and youth protection boundaries. Coverage limitations: selected controlled public sample only; not full web coverage; not full platform coverage; not full thread coverage; not official verification; not causal proof; not a judgment of who is right or wrong. Privacy note: no raw display names, profile URLs, private messages, minor identifying details, or family personal information are included.",,zh-CN,https://tieba.baidu.com/f?kw=%E4%B8%AD%E5%9B%BD%E8%B6%B3%E7%90%83&sample=06,https://tieba.baidu.com/f?kw=%E4%B8%AD%E5%9B%BD%E8%B6%B3%E7%90%83&sample=06,src_tieba_06,,2026-06-17T12:10:16.485Z,2026-06-17T12:10:16.485Z,,sha256_platform_case_salt,unknown,true,true,,0,0,0,0,sha256:e914dcb1e619c00a56bd0242a4a39619d4a28c452dc57010648563c6bf18bebe,sha256:17345d5e6a6f7d08c22ebc23983a50538b682fa24c2dfc8eaa04e9339846fec9,sha256:b2b87bc931f4ac5409e90dfa4d9ac43694d77edec39e0cb9db1a4f108a19f9ae,dup_4302da862dde5d95631f,1,[],public,public,manual_public_snapshot,Selected public sample only. Not full-platform coverage. Not full-web coverage. Not full-thread coverage.,"{""asset_id"":""local-snapshot-src_tieba_06-root"",""run_id"":"""",""task_id"":"""",""source_path"":"""",""record_type"":""detail"",""field_score"":0,""keyword"":"""",""entity_ids"":[]}","{""normalized_from"":""opencrawler_local_asset"",""source_record_id"":""local-snapshot-src_tieba_06-root"",""source_type"":""forum_root_thread"",""acquisition_mode"":""manual_url"",""normalized_at"":""2026-06-17T12:10:16.502Z"",""warnings"":[]}",true,true,forum_thread,community,,unknown,,unknown,unknown,unknown,unknown,,,,0
sgv1_3866a93fbb9488b85c14a1a1,donglu_sunjihai_youth_football_202606,tieba,forum_root_thread,manual_url,manual_url,source_url_provided_unverified,medium,0.65,review_needed,forum_thread,Tieba forum discussion root 07,"Tieba forum discussion root 07 This local snapshot is a selected controlled public opinion sample for the Dong Lu / Sun Jihai youth football route controversy. Platform/source category: tieba. Root index: 07. Topic focus: platform discussion. It mentions Dong Lu, Sun Jihai, youth football, Chinese football, route comparison, public response, media reframing, community discussion, and youth protection boundaries. Coverage limitations: selected controlled public sample only; not full web coverage; not full platform coverage; not full thread coverage; not official verification; not causal proof; not a judgment of who is right or wrong. Privacy note: no raw display names, profile URLs, private messages, minor identifying details, or family personal information are included.",,zh-CN,https://tieba.baidu.com/f?kw=%E4%B8%AD%E5%9B%BD%E8%B6%B3%E7%90%83&sample=07,https://tieba.baidu.com/f?kw=%E4%B8%AD%E5%9B%BD%E8%B6%B3%E7%90%83&sample=07,src_tieba_07,,2026-06-17T12:10:16.485Z,2026-06-17T12:10:16.485Z,,sha256_platform_case_salt,unknown,true,true,,0,0,0,0,sha256:4b3934aa4b5e4f5f475e035ef9af5d93c564cb6ba67ec9137dbd31bb10dc5808,sha256:fbe9ce6fbf6639dee8b68beb0eb132669e6f909ae6c44f634560d4faa7009563,sha256:72a328c04fe3e0e046dd07f0c0916f70977605b5b03f8f6897923e9e8c4f61c7,dup_b7a796dfa6e2fa55ad21,1,[],public,public,manual_public_snapshot,Selected public sample only. Not full-platform coverage. Not full-web coverage. Not full-thread coverage.,"{""asset_id"":""local-snapshot-src_tieba_07-root"",""run_id"":"""",""task_id"":"""",""source_path"":"""",""record_type"":""detail"",""field_score"":0,""keyword"":"""",""entity_ids"":[]}","{""normalized_from"":""opencrawler_local_asset"",""source_record_id"":""local-snapshot-src_tieba_07-root"",""source_type"":""forum_root_thread"",""acquisition_mode"":""manual_url"",""normalized_at"":""2026-06-17T12:10:16.502Z"",""warnings"":[]}",true,true,forum_thread,community,,unknown,,unknown,unknown,unknown,unknown,,,,0
sgv1_4ca5321dfefd1b16d5eb3272,donglu_sunjihai_youth_football_202606,hupu,football_forum_discussion_root,manual_url,manual_url,source_url_provided_unverified,medium,0.65,review_needed,community_discussion,Hupu football forum discussion root 01,"Hupu football forum discussion root 01 This local snapshot is a selected controlled public opinion sample for the Dong Lu / Sun Jihai youth football route controversy. Platform/source category: hupu. Root index: 01. Topic focus: fan community reaction. It mentions Dong Lu, Sun Jihai, youth football, Chinese football, route comparison, public response, media reframing, community discussion, and youth protection boundaries. Coverage limitations: selected controlled public sample only; not full web coverage; not full platform coverage; not full thread coverage; not official verification; not causal proof; not a judgment of who is right or wrong. Privacy note: no raw display names, profile URLs, private messages, minor identifying details, or family personal information are included.",,zh-CN,https://bbs.hupu.com/search?q=%E8%91%A3%E8%B7%AF%20%E5%AD%99%E7%BB%A7%E6%B5%B7%20%E9%9D%92%E8%AE%AD&sample=01,https://bbs.hupu.com/search?q=%E8%91%A3%E8%B7%AF%20%E5%AD%99%E7%BB%A7%E6%B5%B7%20%E9%9D%92%E8%AE%AD&sample=01,src_hupu_01,,2026-06-17T12:10:16.485Z,2026-06-17T12:10:16.485Z,,sha256_platform_case_salt,unknown,true,true,,0,0,0,0,sha256:ee7d7aaca1cbaffa46bacfef32004b81efb555bf054c0f7b2ba554c4d0bd54a0,sha256:1d0c3e420f9bb8711a0d10eadbc14fd940821a1de1741ea93a6455e919719ef5,sha256:2d1878641dd40104376c9bbb3632a749369d28f5c8850b74e221cde9879b9b16,dup_64cce32390c0777a1873,1,[],public,public,manual_public_snapshot,Selected public sample only. Not full-platform coverage. Not full-web coverage. Not full-thread coverage.,"{""asset_id"":""local-snapshot-src_hupu_01-root"",""run_id"":"""",""task_id"":"""",""source_path"":"""",""record_type"":""detail"",""field_score"":0,""keyword"":"""",""entity_ids"":[]}","{""normalized_from"":""opencrawler_local_asset"",""source_record_id"":""local-snapshot-src_hupu_01-root"",""source_type"":""football_forum_discussion_root"",""acquisition_mode"":""manual_url"",""normalized_at"":""2026-06-17T12:10:16.502Z"",""warnings"":[]}",true,true,community_discussion,community,,unknown,,unknown,unknown,unknown,unknown,,,,0
sgv1_03cd85e13576f2073926f622,donglu_sunjihai_youth_football_202606,hupu,football_forum_discussion_root,manual_url,manual_url,source_url_provided_unverified,medium,0.65,review_needed,community_discussion,Hupu football forum discussion root 02,"Hupu football forum discussion root 02 This local snapshot is a selected controlled public opinion sample for the Dong Lu / Sun Jihai youth football route controversy. Platform/source category: hupu. Root index: 02. Topic focus: fan community reaction. It mentions Dong Lu, Sun Jihai, youth football, Chinese football, route comparison, public response, media reframing, community discussion, and youth protection boundaries. Coverage limitations: selected controlled public sample only; not full web coverage; not full platform coverage; not full thread coverage; not official verification; not causal proof; not a judgment of who is right or wrong. Privacy note: no raw display names, profile URLs, private messages, minor identifying details, or family personal information are included.",,zh-CN,https://bbs.hupu.com/search?q=%E8%91%A3%E8%B7%AF%20%E5%AD%99%E7%BB%A7%E6%B5%B7%20%E9%9D%92%E8%AE%AD&sample=02,https://bbs.hupu.com/search?q=%E8%91%A3%E8%B7%AF%20%E5%AD%99%E7%BB%A7%E6%B5%B7%20%E9%9D%92%E8%AE%AD&sample=02,src_hupu_02,,2026-06-17T12:10:16.485Z,2026-06-17T12:10:16.485Z,,sha256_platform_case_salt,unknown,true,true,,0,0,0,0,sha256:7e8124276ecc43e35b2ea2c39823e20ea1f97bcc6cf9df06f7dac091af3f7c1d,sha256:f78b498028d42d79cfd210ebce17b8d4e5caeeb75d61cf48025a212dc639fbaf,sha256:31636df55fef6b8e2314e7787b54b8b61347db48d6fff3cef3f38d034b8503ae,dup_022fe14dab861f610365,1,[],public,public,manual_public_snapshot,Selected public sample only. Not full-platform coverage. Not full-web coverage. Not full-thread coverage.,"{""asset_id"":""local-snapshot-src_hupu_02-root"",""run_id"":"""",""task_id"":"""",""source_path"":"""",""record_type"":""detail"",""field_score"":0,""keyword"":"""",""entity_ids"":[]}","{""normalized_from"":""opencrawler_local_asset"",""source_record_id"":""local-snapshot-src_hupu_02-root"",""source_type"":""football_forum_discussion_root"",""acquisition_mode"":""manual_url"",""normalized_at"":""2026-06-17T12:10:16.502Z"",""warnings"":[]}",true,true,community_discussion,community,,unknown,,unknown,unknown,unknown,unknown,,,,0
sgv1_ad719f71403e75620def8a25,donglu_sunjihai_youth_football_202606,hupu,football_forum_discussion_root,manual_url,manual_url,source_url_provided_unverified,medium,0.65,review_needed,community_discussion,Hupu football forum discussion root 03,"Hupu football forum discussion root 03 This local snapshot is a selected controlled public opinion sample for the Dong Lu / Sun Jihai youth football route controversy. Platform/source category: hupu. Root index: 03. Topic focus: fan community reaction. It mentions Dong Lu, Sun Jihai, youth football, Chinese football, route comparison, public response, media reframing, community discussion, and youth protection boundaries. Coverage limitations: selected controlled public sample only; not full web coverage; not full platform coverage; not full thread coverage; not official verification; not causal proof; not a judgment of who is right or wrong. Privacy note: no raw display names, profile URLs, private messages, minor identifying details, or family personal information are included.",,zh-CN,https://bbs.hupu.com/search?q=%E8%91%A3%E8%B7%AF%20%E5%AD%99%E7%BB%A7%E6%B5%B7%20%E9%9D%92%E8%AE%AD&sample=03,https://bbs.hupu.com/search?q=%E8%91%A3%E8%B7%AF%20%E5%AD%99%E7%BB%A7%E6%B5%B7%20%E9%9D%92%E8%AE%AD&sample=03,src_hupu_03,,2026-06-17T12:10:16.485Z,2026-06-17T12:10:16.485Z,,sha256_platform_case_salt,unknown,true,true,,0,0,0,0,sha256:de0fd34a5b6ec19a428a6b57db0396b34941781e5d37701c006191b18b1b8f9b,sha256:9fc0f218e3f577a8d41610aa705c7bb03a183671aa9a95d50955b6dd33028a0f,sha256:da98092cad1cbd2909ccda6ba707a2ec8e6676ed46c7f6209865a48ac5db91ce,dup_d4310a2d8192462ba278,1,[],public,public,manual_public_snapshot,Selected public sample only. Not full-platform coverage. Not full-web coverage. Not full-thread coverage.,"{""asset_id"":""local-snapshot-src_hupu_03-root"",""run_id"":"""",""task_id"":"""",""source_path"":"""",""record_type"":""detail"",""field_score"":0,""keyword"":"""",""entity_ids"":[]}","{""normalized_from"":""opencrawler_local_asset"",""source_record_id"":""local-snapshot-src_hupu_03-root"",""source_type"":""football_forum_discussion_root"",""acquisition_mode"":""manual_url"",""normalized_at"":""2026-06-17T12:10:16.502Z"",""warnings"":[]}",true,true,community_discussion,community,,unknown,,unknown,unknown,unknown,unknown,,,,0
sgv1_0bcf61b9adc22b638177dc34,donglu_sunjihai_youth_football_202606,hupu,football_forum_discussion_root,manual_url,manual_url,source_url_provided_unverified,medium,0.65,review_needed,community_discussion,Hupu football forum discussion root 04,"Hupu football forum discussion root 04 This local snapshot is a selected controlled public opinion sample for the Dong Lu / Sun Jihai youth football route controversy. Platform/source category: hupu. Root index: 04. Topic focus: fan community reaction. It mentions Dong Lu, Sun Jihai, youth football, Chinese football, route comparison, public response, media reframing, community discussion, and youth protection boundaries. Coverage limitations: selected controlled public sample only; not full web coverage; not full platform coverage; not full thread coverage; not official verification; not causal proof; not a judgment of who is right or wrong. Privacy note: no raw display names, profile URLs, private messages, minor identifying details, or family personal information are included.",,zh-CN,https://bbs.hupu.com/search?q=%E8%91%A3%E8%B7%AF%20%E5%AD%99%E7%BB%A7%E6%B5%B7%20%E9%9D%92%E8%AE%AD&sample=04,https://bbs.hupu.com/search?q=%E8%91%A3%E8%B7%AF%20%E5%AD%99%E7%BB%A7%E6%B5%B7%20%E9%9D%92%E8%AE%AD&sample=04,src_hupu_04,,2026-06-17T12:10:16.486Z,2026-06-17T12:10:16.486Z,,sha256_platform_case_salt,unknown,true,true,,0,0,0,0,sha256:850706429d1958edcd11beb658a561bb526bce0a45057abb463877abb58aad79,sha256:d7f30b1ead835ca3033467050e7ef9758fff7251dc2aa3ab70f8defc82b0a869,sha256:957d6e0a2bfe01d1a984d508bc24a0b65ada3095d26ee0aab5aeb8f61ff759c1,dup_de67c2eaeebbc481d114,1,[],public,public,manual_public_snapshot,Selected public sample only. Not full-platform coverage. Not full-web coverage. Not full-thread coverage.,"{""asset_id"":""local-snapshot-src_hupu_04-root"",""run_id"":"""",""task_id"":"""",""source_path"":"""",""record_type"":""detail"",""field_score"":0,""keyword"":"""",""entity_ids"":[]}","{""normalized_from"":""opencrawler_local_asset"",""source_record_id"":""local-snapshot-src_hupu_04-root"",""source_type"":""football_forum_discussion_root"",""acquisition_mode"":""manual_url"",""normalized_at"":""2026-06-17T12:10:16.502Z"",""warnings"":[]}",true,true,community_discussion,community,,unknown,,unknown,unknown,unknown,unknown,,,,0
sgv1_2084a51a082144c36ad2450b,donglu_sunjihai_youth_football_202606,dongqiudi,football_app_discussion_root,manual_url,manual_url,source_url_provided_unverified,medium,0.65,review_needed,community_discussion,Dongqiudi football discussion root 01,"Dongqiudi football discussion root 01 This local snapshot is a selected controlled public opinion sample for the Dong Lu / Sun Jihai youth football route controversy. Platform/source category: dongqiudi. Root index: 01. Topic focus: chinese football reputation. It mentions Dong Lu, Sun Jihai, youth football, Chinese football, route comparison, public response, media reframing, community discussion, and youth protection boundaries. Coverage limitations: selected controlled public sample only; not full web coverage; not full platform coverage; not full thread coverage; not official verification; not causal proof; not a judgment of who is right or wrong. Privacy note: no raw display names, profile URLs, private messages, minor identifying details, or family personal information are included.",,zh-CN,https://www.dongqiudi.com/search?keyword=%E8%91%A3%E8%B7%AF%20%E5%AD%99%E7%BB%A7%E6%B5%B7%20%E9%9D%92%E8%AE%AD&sample=01,https://www.dongqiudi.com/search?keyword=%E8%91%A3%E8%B7%AF%20%E5%AD%99%E7%BB%A7%E6%B5%B7%20%E9%9D%92%E8%AE%AD&sample=01,src_dongqiudi_01,,2026-06-17T12:10:16.486Z,2026-06-17T12:10:16.486Z,,sha256_platform_case_salt,unknown,true,true,,0,0,0,0,sha256:d9ede47ccbe17131c8382953d22509cdc8ef6a15a3207864d7b5fc8e949ad4c9,sha256:54244ba88e624ce726c0b4e54e94d7c61c8bbb9cd80de48dfb1c7553d9219def,sha256:d94317fe9d847c8b18b30e6aceb72b28c02749f72f417593e4de033adfeaad70,dup_b89bb324b84737ba0049,1,[],public,public,manual_public_snapshot,Selected public sample only. Not full-platform coverage. Not full-web coverage. Not full-thread coverage.,"{""asset_id"":""local-snapshot-src_dongqiudi_01-root"",""run_id"":"""",""task_id"":"""",""source_path"":"""",""record_type"":""detail"",""field_score"":0,""keyword"":"""",""entity_ids"":[]}","{""normalized_from"":""opencrawler_local_asset"",""source_record_id"":""local-snapshot-src_dongqiudi_01-root"",""source_type"":""football_app_discussion_root"",""acquisition_mode"":""manual_url"",""normalized_at"":""2026-06-17T12:10:16.502Z"",""warnings"":[]}",true,true,community_discussion,community,,unknown,,unknown,unknown,unknown,unknown,,,,0
sgv1_34181d51aef0230b5de52be0,donglu_sunjihai_youth_football_202606,dongqiudi,football_app_discussion_root,manual_url,manual_url,source_url_provided_unverified,medium,0.65,review_needed,community_discussion,Dongqiudi football discussion root 02,"Dongqiudi football discussion root 02 This local snapshot is a selected controlled public opinion sample for the Dong Lu / Sun Jihai youth football route controversy. Platform/source category: dongqiudi. Root index: 02. Topic focus: chinese football reputation. It mentions Dong Lu, Sun Jihai, youth football, Chinese football, route comparison, public response, media reframing, community discussion, and youth protection boundaries. Coverage limitations: selected controlled public sample only; not full web coverage; not full platform coverage; not full thread coverage; not official verification; not causal proof; not a judgment of who is right or wrong. Privacy note: no raw display names, profile URLs, private messages, minor identifying details, or family personal information are included.",,zh-CN,https://www.dongqiudi.com/search?keyword=%E8%91%A3%E8%B7%AF%20%E5%AD%99%E7%BB%A7%E6%B5%B7%20%E9%9D%92%E8%AE%AD&sample=02,https://www.dongqiudi.com/search?keyword=%E8%91%A3%E8%B7%AF%20%E5%AD%99%E7%BB%A7%E6%B5%B7%20%E9%9D%92%E8%AE%AD&sample=02,src_dongqiudi_02,,2026-06-17T12:10:16.486Z,2026-06-17T12:10:16.486Z,,sha256_platform_case_salt,unknown,true,true,,0,0,0,0,sha256:c0df3bc3f30c21cd4ee8b637d456461ab060ca52d0ef9b35d945d6ed51338aba,sha256:661b3e884760558a4c76c89d376c780618272b674e50875c6f0fb9809ee39b2c,sha256:f18e890e4b60aef483bcc77a772cabc75edcbebb1b1d0c7ebc18fa7a3248e9cb,dup_e0bfb567d7b90592ba2e,1,[],public,public,manual_public_snapshot,Selected public sample only. Not full-platform coverage. Not full-web coverage. Not full-thread coverage.,"{""asset_id"":""local-snapshot-src_dongqiudi_02-root"",""run_id"":"""",""task_id"":"""",""source_path"":"""",""record_type"":""detail"",""field_score"":0,""keyword"":"""",""entity_ids"":[]}","{""normalized_from"":""opencrawler_local_asset"",""source_record_id"":""local-snapshot-src_dongqiudi_02-root"",""source_type"":""football_app_discussion_root"",""acquisition_mode"":""manual_url"",""normalized_at"":""2026-06-17T12:10:16.502Z"",""warnings"":[]}",true,true,community_discussion,community,,unknown,,unknown,unknown,unknown,unknown,,,,0
sgv1_15ad4e70cfaf7a350973b44b,donglu_sunjihai_youth_football_202606,dongqiudi,football_app_discussion_root,manual_url,manual_url,source_url_provided_unverified,medium,0.65,review_needed,community_discussion,Dongqiudi football discussion root 03,"Dongqiudi football discussion root 03 This local snapshot is a selected controlled public opinion sample for the Dong Lu / Sun Jihai youth football route controversy. Platform/source category: dongqiudi. Root index: 03. Topic focus: chinese football reputation. It mentions Dong Lu, Sun Jihai, youth football, Chinese football, route comparison, public response, media reframing, community discussion, and youth protection boundaries. Coverage limitations: selected controlled public sample only; not full web coverage; not full platform coverage; not full thread coverage; not official verification; not causal proof; not a judgment of who is right or wrong. Privacy note: no raw display names, profile URLs, private messages, minor identifying details, or family personal information are included.",,zh-CN,https://www.dongqiudi.com/search?keyword=%E8%91%A3%E8%B7%AF%20%E5%AD%99%E7%BB%A7%E6%B5%B7%20%E9%9D%92%E8%AE%AD&sample=03,https://www.dongqiudi.com/search?keyword=%E8%91%A3%E8%B7%AF%20%E5%AD%99%E7%BB%A7%E6%B5%B7%20%E9%9D%92%E8%AE%AD&sample=03,src_dongqiudi_03,,2026-06-17T12:10:16.486Z,2026-06-17T12:10:16.486Z,,sha256_platform_case_salt,unknown,true,true,,0,0,0,0,sha256:3a77eff2cf4a00dcf1cdca0ec7a9bb0c87d0d3e220cf7298eb939ce4cec2c7f9,sha256:ba6dbfb359d077269583dfa9db1a520faa52c55db595123dd707b792aadc2355,sha256:98ec01e14c1a4f7aedbaaa218545384f6f7c2fc884c52f08c7af793e2f729836,dup_faa53d6e09ae62426d78,1,[],public,public,manual_public_snapshot,Selected public sample only. Not full-platform coverage. Not full-web coverage. Not full-thread coverage.,"{""asset_id"":""local-snapshot-src_dongqiudi_03-root"",""run_id"":"""",""task_id"":"""",""source_path"":"""",""record_type"":""detail"",""field_score"":0,""keyword"":"""",""entity_ids"":[]}","{""normalized_from"":""opencrawler_local_asset"",""source_record_id"":""local-snapshot-src_dongqiudi_03-root"",""source_type"":""football_app_discussion_root"",""acquisition_mode"":""manual_url"",""normalized_at"":""2026-06-17T12:10:16.502Z"",""warnings"":[]}",true,true,community_discussion,community,,unknown,,unknown,unknown,unknown,unknown,,,,0
sgv1_015abfc08fe9c12f869973db,donglu_sunjihai_youth_football_202606,manual_context,media_context_note,manual_url,external_agent_assisted,source_url_provided_unverified,medium,0.65,review_needed,media_article,Media reframing context note 01,"Media reframing context note 01 This local snapshot is a selected controlled public opinion sample for the Dong Lu / Sun Jihai youth football route controversy. Platform/source category: manual context. Root index: src media context 01. Topic focus: media reframing. It mentions Dong Lu, Sun Jihai, youth football, Chinese football, route comparison, public response, media reframing, community discussion, and youth protection boundaries. Coverage limitations: selected controlled public sample only; not full web coverage; not full platform coverage; not full thread coverage; not official verification; not causal proof; not a judgment of who is right or wrong. Privacy note: no raw display names, profile URLs, private messages, minor identifying details, or family personal information are included.",,zh-CN,local://manual-context/donglu-sunjihai-youth-football/media-context-01,local://manual-context/donglu-sunjihai-youth-football/media-context-01,src_media_context_01,,2026-06-17T12:10:16.486Z,2026-06-17T12:10:16.486Z,,sha256_platform_case_salt,unknown,true,true,,0,0,0,0,sha256:f5d321893ccffe34d584f8d96f665b4587596f173df15f482284d7a3e3b9ab2c,sha256:acfbf762a12452724db5bb1f53e0f6664a1a70828191e9fb08538f40971ea30c,sha256:8437f5182f270d90d150eea4ea05bbd43d5a4383f3e75aadf611aff0bd5c4e33,dup_60afcd5d828d961cebf1,1,[],public,public,manual_public_snapshot,Selected public sample only. Not full-platform coverage. Not full-web coverage. Not full-thread coverage.,"{""asset_id"":""local-snapshot-src_media_context_01-root"",""run_id"":"""",""task_id"":"""",""source_path"":"""",""record_type"":""detail"",""field_score"":0,""keyword"":"""",""entity_ids"":[]}","{""normalized_from"":""opencrawler_local_asset"",""source_record_id"":""local-snapshot-src_media_context_01-root"",""source_type"":""media_context_note"",""acquisition_mode"":""manual_url"",""normalized_at"":""2026-06-17T12:10:16.502Z"",""warnings"":[]}",true,true,media_article,media_outlet,,unknown,,unknown,unknown,unknown,unknown,,,,0
sgv1_c6a816e2b69b28634e034f8a,donglu_sunjihai_youth_football_202606,manual_context,public_response_context_note,manual_url,external_agent_assisted,source_url_provided_unverified,medium,0.65,review_needed,media_article,Public response context note 01,"Public response context note 01 This local snapshot is a selected controlled public opinion sample for the Dong Lu / Sun Jihai youth football route controversy. Platform/source category: manual context. Root index: src public response context 01. Topic focus: public response. It mentions Dong Lu, Sun Jihai, youth football, Chinese football, route comparison, public response, media reframing, community discussion, and youth protection boundaries. Coverage limitations: selected controlled public sample only; not full web coverage; not full platform coverage; not full thread coverage; not official verification; not causal proof; not a judgment of who is right or wrong. Privacy note: no raw display names, profile URLs, private messages, minor identifying details, or family personal information are included.",,zh-CN,local://manual-context/donglu-sunjihai-youth-football/public-response-01,local://manual-context/donglu-sunjihai-youth-football/public-response-01,src_public_response_context_01,,2026-06-17T12:10:16.487Z,2026-06-17T12:10:16.487Z,,sha256_platform_case_salt,unknown,true,true,,0,0,0,0,sha256:5c4e1fabeb3b0d6c1589f9b5bd6f61307daace2a165fb38849289906e73d7419,sha256:a95a5d59f4c23f2466f7e9ba5eb359b05781440f5b9f391e3312d6f648dd16ac,sha256:5d4e291c8b7d2f44fd120e6aa2f90e772f6cb2810d3dd12343d0f3d4d59175eb,dup_0a37050dfb91f0df2237,1,[],public,public,manual_public_snapshot,Selected public sample only. Not full-platform coverage. Not full-web coverage. Not full-thread coverage.,"{""asset_id"":""local-snapshot-src_public_response_context_01-root"",""run_id"":"""",""task_id"":"""",""source_path"":"""",""record_type"":""detail"",""field_score"":0,""keyword"":"""",""entity_ids"":[]}","{""normalized_from"":""opencrawler_local_asset"",""source_record_id"":""local-snapshot-src_public_response_context_01-root"",""source_type"":""public_response_context_note"",""acquisition_mode"":""manual_url"",""normalized_at"":""2026-06-17T12:10:16.502Z"",""warnings"":[]}",true,true,media_article,media_outlet,,unknown,,unknown,unknown,unknown,unknown,,,,0
sgv1_6f6c052518537c6ef9b10358,donglu_sunjihai_youth_football_202606,manual_context,children_protection_context_note,manual_url,external_agent_assisted,source_url_provided_unverified,medium,0.65,review_needed,media_article,Children protection boundary context note 01,"Children protection boundary context note 01 This local snapshot is a selected controlled public opinion sample for the Dong Lu / Sun Jihai youth football route controversy. Platform/source category: manual context. Root index: src children boundary context 01. Topic focus: children protection boundary. It mentions Dong Lu, Sun Jihai, youth football, Chinese football, route comparison, public response, media reframing, community discussion, and youth protection boundaries. Coverage limitations: selected controlled public sample only; not full web coverage; not full platform coverage; not full thread coverage; not official verification; not causal proof; not a judgment of who is right or wrong. Privacy note: no raw display names, profile URLs, private messages, minor identifying details, or family personal information are included.",,zh-CN,local://manual-context/donglu-sunjihai-youth-football/children-boundary-01,local://manual-context/donglu-sunjihai-youth-football/children-boundary-01,src_children_boundary_context_01,,2026-06-17T12:10:16.487Z,2026-06-17T12:10:16.487Z,,sha256_platform_case_salt,unknown,true,true,,0,0,0,0,sha256:2e4d140060c51c02fa50e172a2d6c4934430f0f78a335f3db43c959431165229,sha256:798cc095b8afe1d40e434d98fda52ba4f73e01a823a3b8aec5f08afa09f585d5,sha256:13969f198ac9069fcca74f47dc02814c35f4ce2b13eb4964f54056b3161b3165,dup_6d18ebcc80bddea595c6,1,[],public,public,manual_public_snapshot,Selected public sample only. Not full-platform coverage. Not full-web coverage. Not full-thread coverage.,"{""asset_id"":""local-snapshot-src_children_boundary_context_01-root"",""run_id"":"""",""task_id"":"""",""source_path"":"""",""record_type"":""detail"",""field_score"":0,""keyword"":"""",""entity_ids"":[]}","{""normalized_from"":""opencrawler_local_asset"",""source_record_id"":""local-snapshot-src_children_boundary_context_01-root"",""source_type"":""children_protection_context_note"",""acquisition_mode"":""manual_url"",""normalized_at"":""2026-06-17T12:10:16.502Z"",""warnings"":[]}",true,true,media_article,media_outlet,,unknown,,unknown,unknown,unknown,unknown,,,,0
sgv1_88fabc8ceba92eb1fd5a7a53,donglu_sunjihai_youth_football_202606,manual_context,contract_or_responsibility_context_note,manual_url,external_agent_assisted,source_url_provided_unverified,medium,0.65,review_needed,media_article,Contract or responsibility context note 01,"Contract or responsibility context note 01 This local snapshot is a selected controlled public opinion sample for the Dong Lu / Sun Jihai youth football route controversy. Platform/source category: manual context. Root index: src contract context 01. Topic focus: contract or responsibility dispute. It mentions Dong Lu, Sun Jihai, youth football, Chinese football, route comparison, public response, media reframing, community discussion, and youth protection boundaries. Coverage limitations: selected controlled public sample only; not full web coverage; not full platform coverage; not full thread coverage; not official verification; not causal proof; not a judgment of who is right or wrong. Privacy note: no raw display names, profile URLs, private messages, minor identifying details, or family personal information are included.",,zh-CN,local://manual-context/donglu-sunjihai-youth-football/contract-context-01,local://manual-context/donglu-sunjihai-youth-football/contract-context-01,src_contract_context_01,,2026-06-17T12:10:16.487Z,2026-06-17T12:10:16.487Z,,sha256_platform_case_salt,unknown,true,true,,0,0,0,0,sha256:9abe03f274419812d53d811b233bcd9123db6afea4dfc7c475fef3910907009b,sha256:c07ac6306ed8139bc28ef53fffd1748bb96d92692d400fae3d1ac88f9c3bd3f7,sha256:039882655a45314161ccd6ff45a9e52af488912ca6d08379f1e84e043100583d,dup_9709753c3dfb33d39dc1,1,[],public,public,manual_public_snapshot,Selected public sample only. Not full-platform coverage. Not full-web coverage. Not full-thread coverage.,"{""asset_id"":""local-snapshot-src_contract_context_01-root"",""run_id"":"""",""task_id"":"""",""source_path"":"""",""record_type"":""detail"",""field_score"":0,""keyword"":"""",""entity_ids"":[]}","{""normalized_from"":""opencrawler_local_asset"",""source_record_id"":""local-snapshot-src_contract_context_01-root"",""source_type"":""contract_or_responsibility_context_note"",""acquisition_mode"":""manual_url"",""normalized_at"":""2026-06-17T12:10:16.502Z"",""warnings"":[]}",true,true,media_article,media_outlet,,unknown,,unknown,unknown,unknown,unknown,,,,0
sgv1_e39fcd8159dbf34d623fba6d,donglu_sunjihai_youth_football_202606,weibo,social_platform,manual_url,external_agent_assisted,source_url_provided_unverified,medium_low,0.45,review_needed,comment,,,???????????????? ??01-01?,zh-CN,https://s.weibo.com/weibo?q=%E8%91%A3%E8%B7%AF%20%E5%AD%99%E7%BB%A7%E6%B5%B7%20%E9%9D%92%E8%AE%AD&sample=01,https://s.weibo.com/weibo?q=%E8%91%A3%E8%B7%AF%20%E5%AD%99%E7%BB%A7%E6%B5%B7%20%E9%9D%92%E8%AE%AD&sample=01,src_weibo_01,,2026-06-03T09:00:00.000Z,2026-06-17T12:10:16.487Z,,sha256_platform_case_salt,unknown,true,true,,1,2,0,0,sha256:d77b76013858eacdfd7cb1ab24e80794b983cc4efa78ee4733037c4bca1db2cf,sha256:d77b76013858eacdfd7cb1ab24e80794b983cc4efa78ee4733037c4bca1db2cf,sha256:3bd5067e3f573d2910308b251ad37152a0b2ad9f82c7b53e8a6dd8d818b98ee5,dup_1a7dd410f4614336c51d,1,[],public,public,manual_comment_sample,Selected public sample only. Not full-platform coverage. Not full-web coverage. Not full-thread coverage.,"{""asset_id"":""local-snapshot-src_weibo_01-comment-1-1"",""run_id"":"""",""task_id"":"""",""source_path"":"""",""record_type"":""comment"",""field_score"":0,""keyword"":"""",""entity_ids"":[]}","{""normalized_from"":""opencrawler_local_asset"",""source_record_id"":""local-snapshot-src_weibo_01-comment-1-1"",""source_type"":""social_platform"",""acquisition_mode"":""manual_url"",""normalized_at"":""2026-06-17T12:10:16.502Z"",""warnings"":[]}",false,false,,ordinary_user,,unknown,media_reframing,unknown,unknown,unknown,unknown,unknown,unknown,unknown,5
sgv1_9170dd4310d4f19804aac113,donglu_sunjihai_youth_football_202606,weibo,social_platform,manual_url,external_agent_assisted,source_url_provided_unverified,medium_low,0.45,review_needed,comment,,,???????????????????????? ??01-02?,zh-CN,https://s.weibo.com/weibo?q=%E8%91%A3%E8%B7%AF%20%E5%AD%99%E7%BB%A7%E6%B5%B7%20%E9%9D%92%E8%AE%AD&sample=01,https://s.weibo.com/weibo?q=%E8%91%A3%E8%B7%AF%20%E5%AD%99%E7%BB%A7%E6%B5%B7%20%E9%9D%92%E8%AE%AD&sample=01,src_weibo_01,,2026-06-04T10:00:00.000Z,2026-06-17T12:10:16.488Z,,sha256_platform_case_salt,unknown,true,true,,2,3,0,0,sha256:4504833c7a2ca0b8aa485910a57471fcc4486b02f9b052f833630216519cdc47,sha256:4504833c7a2ca0b8aa485910a57471fcc4486b02f9b052f833630216519cdc47,sha256:3bd5067e3f573d2910308b251ad37152a0b2ad9f82c7b53e8a6dd8d818b98ee5,dup_f81bab873006938b1de8,1,[],public,public,manual_comment_sample,Selected public sample only. Not full-platform coverage. Not full-web coverage. Not full-thread coverage.,"{""asset_id"":""local-snapshot-src_weibo_01-comment-1-2"",""run_id"":"""",""task_id"":"""",""source_path"":"""",""record_type"":""comment"",""field_score"":0,""keyword"":"""",""entity_ids"":[]}","{""normalized_from"":""opencrawler_local_asset"",""source_record_id"":""local-snapshot-src_weibo_01-comment-1-2"",""source_type"":""social_platform"",""acquisition_mode"":""manual_url"",""normalized_at"":""2026-06-17T12:10:16.502Z"",""warnings"":[]}",false,false,,ordinary_user,,support_donglu_view,fan_community_reaction,unknown,unknown,unknown,unknown,core_support,curiosity,route_supporter_donglu,8
sgv1_a0a4ca012153147b31243192,donglu_sunjihai_youth_football_202606,weibo,social_platform,manual_url,external_agent_assisted,source_url_provided_unverified,medium_low,0.45,review_needed,comment,,,??????????????????????????? ??01-03?,zh-CN,https://s.weibo.com/weibo?q=%E8%91%A3%E8%B7%AF%20%E5%AD%99%E7%BB%A7%E6%B5%B7%20%E9%9D%92%E8%AE%AD&sample=01,https://s.weibo.com/weibo?q=%E8%91%A3%E8%B7%AF%20%E5%AD%99%E7%BB%A7%E6%B5%B7%20%E9%9D%92%E8%AE%AD&sample=01,src_weibo_01,,2026-06-05T11:00:00.000Z,2026-06-17T12:10:16.488Z,,sha256_platform_case_salt,unknown,true,true,,3,4,0,0,sha256:e3e5e5764555c909cd72aee447db71ff8b92350cf45bbe09043c41d9c4c02014,sha256:e3e5e5764555c909cd72aee447db71ff8b92350cf45bbe09043c41d9c4c02014,sha256:3bd5067e3f573d2910308b251ad37152a0b2ad9f82c7b53e8a6dd8d818b98ee5,dup_ce395fa066a59b285e0e,1,[],public,public,manual_comment_sample,Selected public sample only. Not full-platform coverage. Not full-web coverage. Not full-thread coverage.,"{""asset_id"":""local-snapshot-src_weibo_01-comment-1-3"",""run_id"":"""",""task_id"":"""",""source_path"":"""",""record_type"":""comment"",""field_score"":0,""keyword"":"""",""entity_ids"":[]}","{""normalized_from"":""opencrawler_local_asset"",""source_record_id"":""local-snapshot-src_weibo_01-comment-1-3"",""source_type"":""social_platform"",""acquisition_mode"":""manual_url"",""normalized_at"":""2026-06-17T12:10:16.502Z"",""warnings"":[]}",false,false,,ordinary_user,,support_sunjihai_view,children_protection_boundary,unknown,unknown,unknown,unknown,core_support,curiosity,route_supporter_sunjihai,11
sgv1_125b8efd638263db8c6388d5,donglu_sunjihai_youth_football_202606,weibo,social_platform,manual_url,external_agent_assisted,source_url_provided_unverified,medium_low,0.45,review_needed,comment,,,??????????????????? ??01-04?,zh-CN,https://s.weibo.com/weibo?q=%E8%91%A3%E8%B7%AF%20%E5%AD%99%E7%BB%A7%E6%B5%B7%20%E9%9D%92%E8%AE%AD&sample=01,https://s.weibo.com/weibo?q=%E8%91%A3%E8%B7%AF%20%E5%AD%99%E7%BB%A7%E6%B5%B7%20%E9%9D%92%E8%AE%AD&sample=01,src_weibo_01,,2026-06-06T12:00:00.000Z,2026-06-17T12:10:16.488Z,,sha256_platform_case_salt,unknown,true,true,,4,5,0,0,sha256:4bf298c510dbc34f136155fe5ea6731a370a0815d09f08d04114d74147fb445a,sha256:4bf298c510dbc34f136155fe5ea6731a370a0815d09f08d04114d74147fb445a,sha256:3bd5067e3f573d2910308b251ad37152a0b2ad9f82c7b53e8a6dd8d818b98ee5,dup_c935624e15b2d0213d9b,1,[],public,public,manual_comment_sample,Selected public sample only. Not full-platform coverage. Not full-web coverage. Not full-thread coverage.,"{""asset_id"":""local-snapshot-src_weibo_01-comment-1-4"",""run_id"":"""",""task_id"":"""",""source_path"":"""",""record_type"":""comment"",""field_score"":0,""keyword"":"""",""entity_ids"":[]}","{""normalized_from"":""opencrawler_local_asset"",""source_record_id"":""local-snapshot-src_weibo_01-comment-1-4"",""source_type"":""social_platform"",""acquisition_mode"":""manual_url"",""normalized_at"":""2026-06-17T12:10:16.502Z"",""warnings"":[]}",false,false,,ordinary_user,,neutral_process_focused,chinese_football_reputation,unknown,unknown,unknown,unknown,bridge,neutral,process_observer,14
sgv1_d484b72aa8e3ae4e7d0845d2,donglu_sunjihai_youth_football_202606,weibo,social_platform,manual_url,external_agent_assisted,source_url_provided_unverified,medium_low,0.45,review_needed,comment,,,??????????????????????????? ??01-05?,zh-CN,https://s.weibo.com/weibo?q=%E8%91%A3%E8%B7%AF%20%E5%AD%99%E7%BB%A7%E6%B5%B7%20%E9%9D%92%E8%AE%AD&sample=01,https://s.weibo.com/weibo?q=%E8%91%A3%E8%B7%AF%20%E5%AD%99%E7%BB%A7%E6%B5%B7%20%E9%9D%92%E8%AE%AD&sample=01,src_weibo_01,,2026-06-07T13:00:00.000Z,2026-06-17T12:10:16.488Z,,sha256_platform_case_salt,unknown,true,true,,5,6,0,0,sha256:fc439ef8a1a41c4539a070c206cac557658cc14c31a0bb1490e399a930026d74,sha256:fc439ef8a1a41c4539a070c206cac557658cc14c31a0bb1490e399a930026d74,sha256:3bd5067e3f573d2910308b251ad37152a0b2ad9f82c7b53e8a6dd8d818b98ee5,dup_624d4e9c829a4e1a6ed6,1,[],public,public,manual_comment_sample,Selected public sample only. Not full-platform coverage. Not full-web coverage. Not full-thread coverage.,"{""asset_id"":""local-snapshot-src_weibo_01-comment-1-5"",""run_id"":"""",""task_id"":"""",""source_path"":"""",""record_type"":""comment"",""field_score"":0,""keyword"":"""",""entity_ids"":[]}","{""normalized_from"":""opencrawler_local_asset"",""source_record_id"":""local-snapshot-src_weibo_01-comment-1-5"",""source_type"":""social_platform"",""acquisition_mode"":""manual_url"",""normalized_at"":""2026-06-17T12:10:16.502Z"",""warnings"":[]}",false,false,,ordinary_user,,youth_training_concern,platform_discussion,unknown,unknown,unknown,unknown,neutral,concern,youth_training_concern_cluster,17
sgv1_a68ba8b029aea56ab47b68dc,donglu_sunjihai_youth_football_202606,weibo,social_platform,manual_url,external_agent_assisted,source_url_provided_unverified,medium_low,0.45,review_needed,comment,,,????????????????????? ??01-06?,zh-CN,https://s.weibo.com/weibo?q=%E8%91%A3%E8%B7%AF%20%E5%AD%99%E7%BB%A7%E6%B5%B7%20%E9%9D%92%E8%AE%AD&sample=01,https://s.weibo.com/weibo?q=%E8%91%A3%E8%B7%AF%20%E5%AD%99%E7%BB%A7%E6%B5%B7%20%E9%9D%92%E8%AE%AD&sample=01,src_weibo_01,,2026-06-08T14:00:00.000Z,2026-06-17T12:10:16.488Z,,sha256_platform_case_salt,unknown,true,true,,6,7,0,0,sha256:74661d9aab30affb0aab8c1618d0bc2e783bd47e76a1de4ad66109ddbec11dc0,sha256:74661d9aab30affb0aab8c1618d0bc2e783bd47e76a1de4ad66109ddbec11dc0,sha256:3bd5067e3f573d2910308b251ad37152a0b2ad9f82c7b53e8a6dd8d818b98ee5,dup_c4334dcd29c165c09d5b,1,[],public,public,manual_comment_sample,Selected public sample only. Not full-platform coverage. Not full-web coverage. Not full-thread coverage.,"{""asset_id"":""local-snapshot-src_weibo_01-comment-1-6"",""run_id"":"""",""task_id"":"""",""source_path"":"""",""record_type"":""comment"",""field_score"":0,""keyword"":"""",""entity_ids"":[]}","{""normalized_from"":""opencrawler_local_asset"",""source_record_id"":""local-snapshot-src_weibo_01-comment-1-6"",""source_type"":""social_platform"",""acquisition_mode"":""manual_url"",""normalized_at"":""2026-06-17T12:10:16.502Z"",""warnings"":[]}",false,false,,ordinary_user,,anti_conflict_fatigue,extreme_cluster_or_trolling,unknown,unknown,unknown,unknown,fatigue,fatigue,fatigue_cluster,20
sgv1_c909aa37db7c5cf72a768ab0,donglu_sunjihai_youth_football_202606,weibo,social_platform,manual_url,external_agent_assisted,source_url_provided_unverified,medium_low,0.45,review_needed,comment,,,?????????????????????? ??01-07?,zh-CN,https://s.weibo.com/weibo?q=%E8%91%A3%E8%B7%AF%20%E5%AD%99%E7%BB%A7%E6%B5%B7%20%E9%9D%92%E8%AE%AD&sample=01,https://s.weibo.com/weibo?q=%E8%91%A3%E8%B7%AF%20%E5%AD%99%E7%BB%A7%E6%B5%B7%20%E9%9D%92%E8%AE%AD&sample=01,src_weibo_01,,2026-06-09T15:00:00.000Z,2026-06-17T12:10:16.488Z,,sha256_platform_case_salt,unknown,true,true,,7,8,0,0,sha256:b7953dbe00f3e408d574d7897de4f5b3a949b50c9582f81eecc981f5fb727de3,sha256:b7953dbe00f3e408d574d7897de4f5b3a949b50c9582f81eecc981f5fb727de3,sha256:3bd5067e3f573d2910308b251ad37152a0b2ad9f82c7b53e8a6dd8d818b98ee5,dup_b9c0e48bb70c41a455a2,1,[],public,public,manual_comment_sample,Selected public sample only. Not full-platform coverage. Not full-web coverage. Not full-thread coverage.,"{""asset_id"":""local-snapshot-src_weibo_01-comment-1-7"",""run_id"":"""",""task_id"":"""",""source_path"":"""",""record_type"":""comment"",""field_score"":0,""keyword"":"""",""entity_ids"":[]}","{""normalized_from"":""opencrawler_local_asset"",""source_record_id"":""local-snapshot-src_weibo_01-comment-1-7"",""source_type"":""social_platform"",""acquisition_mode"":""manual_url"",""normalized_at"":""2026-06-17T12:10:16.502Z"",""warnings"":[]}",false,false,,ordinary_user,,media_context,unknown,unknown,unknown,unknown,unknown,bridge,neutral,media_context_reader,23
sgv1_91c3d3c76111f2f72001a988,donglu_sunjihai_youth_football_202606,weibo,social_platform,manual_url,external_agent_assisted,source_url_provided_unverified,medium_low,0.45,review_needed,comment,,,??????????????????????? ??01-08?,zh-CN,https://s.weibo.com/weibo?q=%E8%91%A3%E8%B7%AF%20%E5%AD%99%E7%BB%A7%E6%B5%B7%20%E9%9D%92%E8%AE%AD&sample=01,https://s.weibo.com/weibo?q=%E8%91%A3%E8%B7%AF%20%E5%AD%99%E7%BB%A7%E6%B5%B7%20%E9%9D%92%E8%AE%AD&sample=01,src_weibo_01,,2026-06-10T16:00:00.000Z,2026-06-17T12:10:16.488Z,,sha256_platform_case_salt,unknown,true,true,,8,9,0,0,sha256:8eac606e62b9764172ea98fdb6436da6a720df8b7286efd392b40a8c1d2b243d,sha256:8eac606e62b9764172ea98fdb6436da6a720df8b7286efd392b40a8c1d2b243d,sha256:3bd5067e3f573d2910308b251ad37152a0b2ad9f82c7b53e8a6dd8d818b98ee5,dup_7c4c1b10df6d15dfe497,1,[],public,public,manual_comment_sample,Selected public sample only. Not full-platform coverage. Not full-web coverage. Not full-thread coverage.,"{""asset_id"":""local-snapshot-src_weibo_01-comment-1-8"",""run_id"":"""",""task_id"":"""",""source_path"":"""",""record_type"":""comment"",""field_score"":0,""keyword"":"""",""entity_ids"":[]}","{""normalized_from"":""opencrawler_local_asset"",""source_record_id"":""local-snapshot-src_weibo_01-comment-1-8"",""source_type"":""social_platform"",""acquisition_mode"":""manual_url"",""normalized_at"":""2026-06-17T12:10:16.502Z"",""warnings"":[]}",false,false,,ordinary_user,,extreme_attack_or_trolling,youth_training_model,unknown,unknown,unknown,unknown,isolated_extreme,anger,isolated_extreme_cluster,26
sgv1_f3c5738e2293df27e5f73020,donglu_sunjihai_youth_football_202606,weibo,social_platform,manual_url,external_agent_assisted,source_url_provided_unverified,medium_low,0.45,review_needed,comment,,,????????????????? ??01-09?,zh-CN,https://s.weibo.com/weibo?q=%E8%91%A3%E8%B7%AF%20%E5%AD%99%E7%BB%A7%E6%B5%B7%20%E9%9D%92%E8%AE%AD&sample=01,https://s.weibo.com/weibo?q=%E8%91%A3%E8%B7%AF%20%E5%AD%99%E7%BB%A7%E6%B5%B7%20%E9%9D%92%E8%AE%AD&sample=01,src_weibo_01,,2026-06-11T17:00:00.000Z,2026-06-17T12:10:16.488Z,,sha256_platform_case_salt,unknown,true,true,,9,10,0,0,sha256:8458ac3435eeec6722f9b199a5091d0cbf288cc52f3f28580114364366844a6f,sha256:8458ac3435eeec6722f9b199a5091d0cbf288cc52f3f28580114364366844a6f,sha256:3bd5067e3f573d2910308b251ad37152a0b2ad9f82c7b53e8a6dd8d818b98ee5,dup_75f45fb3850e2876f813,1,[],public,public,manual_comment_sample,Selected public sample only. Not full-platform coverage. Not full-web coverage. Not full-thread coverage.,"{""asset_id"":""local-snapshot-src_weibo_01-comment-1-9"",""run_id"":"""",""task_id"":"""",""source_path"":"""",""record_type"":""comment"",""field_score"":0,""keyword"":"""",""entity_ids"":[]}","{""normalized_from"":""opencrawler_local_asset"",""source_record_id"":""local-snapshot-src_weibo_01-comment-1-9"",""source_type"":""social_platform"",""acquisition_mode"":""manual_url"",""normalized_at"":""2026-06-17T12:10:16.502Z"",""warnings"":[]}",false,false,,ordinary_user,,unknown,contract_or_responsibility_dispute,unknown,unknown,unknown,unknown,unknown,unknown,unknown,29
sgv1_d1fece18bd376060ce818bdc,donglu_sunjihai_youth_football_202606,weibo,social_platform,manual_url,external_agent_assisted,source_url_provided_unverified,medium_low,0.45,review_needed,comment,,,???????????????????????? ??01-10?,zh-CN,https://s.weibo.com/weibo?q=%E8%91%A3%E8%B7%AF%20%E5%AD%99%E7%BB%A7%E6%B5%B7%20%E9%9D%92%E8%AE%AD&sample=01,https://s.weibo.com/weibo?q=%E8%91%A3%E8%B7%AF%20%E5%AD%99%E7%BB%A7%E6%B5%B7%20%E9%9D%92%E8%AE%AD&sample=01,src_weibo_01,,2026-06-12T18:00:00.000Z,2026-06-17T12:10:16.488Z,,sha256_platform_case_salt,unknown,true,true,,10,11,0,0,sha256:fe85e73e769b61d70831c3824c3a21db720bdd4bfca7b42e368a709683322ea1,sha256:fe85e73e769b61d70831c3824c3a21db720bdd4bfca7b42e368a709683322ea1,sha256:3bd5067e3f573d2910308b251ad37152a0b2ad9f82c7b53e8a6dd8d818b98ee5,dup_0edafd4a12565fec8728,1,[],public,public,manual_comment_sample,Selected public sample only. Not full-platform coverage. Not full-web coverage. Not full-thread coverage.,"{""asset_id"":""local-snapshot-src_weibo_01-comment-1-10"",""run_id"":"""",""task_id"":"""",""source_path"":"""",""record_type"":""comment"",""field_score"":0,""keyword"":"""",""entity_ids"":[]}","{""normalized_from"":""opencrawler_local_asset"",""source_record_id"":""local-snapshot-src_weibo_01-comment-1-10"",""source_type"":""social_platform"",""acquisition_mode"":""manual_url"",""normalized_at"":""2026-06-17T12:10:16.502Z"",""warnings"":[]}",false,false,,ordinary_user,,support_donglu_view,public_response,unknown,unknown,unknown,unknown,core_support,curiosity,route_supporter_donglu,32
sgv1_98dc6b0f79deffa8c8924e1b,donglu_sunjihai_youth_football_202606,weibo,social_platform,manual_url,external_agent_assisted,source_url_provided_unverified,medium_low,0.45,review_needed,comment,,,?????????????????????????? ??01-11?,zh-CN,https://s.weibo.com/weibo?q=%E8%91%A3%E8%B7%AF%20%E5%AD%99%E7%BB%A7%E6%B5%B7%20%E9%9D%92%E8%AE%AD&sample=01,https://s.weibo.com/weibo?q=%E8%91%A3%E8%B7%AF%20%E5%AD%99%E7%BB%A7%E6%B5%B7%20%E9%9D%92%E8%AE%AD&sample=01,src_weibo_01,,2026-06-13T19:00:00.000Z,2026-06-17T12:10:16.488Z,,sha256_platform_case_salt,unknown,true,true,,11,12,0,0,sha256:454868cff12a8b9c2ed9dc66b5b1a9c89bc28c65526629f2044b4308b975c292,sha256:454868cff12a8b9c2ed9dc66b5b1a9c89bc28c65526629f2044b4308b975c292,sha256:3bd5067e3f573d2910308b251ad37152a0b2ad9f82c7b53e8a6dd8d818b98ee5,dup_6f154914eafbc501e148,1,[],public,public,manual_comment_sample,Selected public sample only. Not full-platform coverage. Not full-web coverage. Not full-thread coverage.,"{""asset_id"":""local-snapshot-src_weibo_01-comment-1-11"",""run_id"":"""",""task_id"":"""",""source_path"":"""",""record_type"":""comment"",""field_score"":0,""keyword"":"""",""entity_ids"":[]}","{""normalized_from"":""opencrawler_local_asset"",""source_record_id"":""local-snapshot-src_weibo_01-comment-1-11"",""source_type"":""social_platform"",""acquisition_mode"":""manual_url"",""normalized_at"":""2026-06-17T12:10:16.502Z"",""warnings"":[]}",false,false,,ordinary_user,,support_sunjihai_view,media_reframing,unknown,unknown,unknown,unknown,core_support,curiosity,route_supporter_sunjihai,35
sgv1_e00139906ad9aa9afa0bf047,donglu_sunjihai_youth_football_202606,weibo,social_platform,manual_url,external_agent_assisted,source_url_provided_unverified,medium_low,0.45,review_needed,comment,,,???????????????????????????? ??01-12?,zh-CN,https://s.weibo.com/weibo?q=%E8%91%A3%E8%B7%AF%20%E5%AD%99%E7%BB%A7%E6%B5%B7%20%E9%9D%92%E8%AE%AD&sample=01,https://s.weibo.com/weibo?q=%E8%91%A3%E8%B7%AF%20%E5%AD%99%E7%BB%A7%E6%B5%B7%20%E9%9D%92%E8%AE%AD&sample=01,src_weibo_01,,2026-06-14T20:00:00.000Z,2026-06-17T12:10:16.488Z,,sha256_platform_case_salt,unknown,true,true,,12,13,0,0,sha256:3383293291538123580e172b35c8d024c1fd8c481a46a1f2106eafcc26049c8d,sha256:3383293291538123580e172b35c8d024c1fd8c481a46a1f2106eafcc26049c8d,sha256:3bd5067e3f573d2910308b251ad37152a0b2ad9f82c7b53e8a6dd8d818b98ee5,dup_141fe809fd53610139ca,1,[],public,public,manual_comment_sample,Selected public sample only. Not full-platform coverage. Not full-web coverage. Not full-thread coverage.,"{""asset_id"":""local-snapshot-src_weibo_01-comment-1-12"",""run_id"":"""",""task_id"":"""",""source_path"":"""",""record_type"":""comment"",""field_score"":0,""keyword"":"""",""entity_ids"":[]}","{""normalized_from"":""opencrawler_local_asset"",""source_record_id"":""local-snapshot-src_weibo_01-comment-1-12"",""source_type"":""social_platform"",""acquisition_mode"":""manual_url"",""normalized_at"":""2026-06-17T12:10:16.502Z"",""warnings"":[]}",false,false,,ordinary_user,,neutral_process_focused,fan_community_reaction,unknown,unknown,unknown,unknown,bridge,neutral,process_observer,38
sgv1_1231356e915ed774b7349a4c,donglu_sunjihai_youth_football_202606,weibo,social_platform,manual_url,external_agent_assisted,source_url_provided_unverified,medium_low,0.45,review_needed,comment,,,?????????????????????? ??01-13?,zh-CN,https://s.weibo.com/weibo?q=%E8%91%A3%E8%B7%AF%20%E5%AD%99%E7%BB%A7%E6%B5%B7%20%E9%9D%92%E8%AE%AD&sample=01,https://s.weibo.com/weibo?q=%E8%91%A3%E8%B7%AF%20%E5%AD%99%E7%BB%A7%E6%B5%B7%20%E9%9D%92%E8%AE%AD&sample=01,src_weibo_01,,2026-06-01T21:00:00.000Z,2026-06-17T12:10:16.488Z,,sha256_platform_case_salt,unknown,true,true,,13,14,0,0,sha256:a54af305267ff5d65d3f3e38a7acba9d4a43a5a4f9074d2e2c2638073407409f,sha256:a54af305267ff5d65d3f3e38a7acba9d4a43a5a4f9074d2e2c2638073407409f,sha256:3bd5067e3f573d2910308b251ad37152a0b2ad9f82c7b53e8a6dd8d818b98ee5,dup_c5fc6afbabe939f81d69,1,[],public,public,manual_comment_sample,Selected public sample only. Not full-platform coverage. Not full-web coverage. Not full-thread coverage.,"{""asset_id"":""local-snapshot-src_weibo_01-comment-1-13"",""run_id"":"""",""task_id"":"""",""source_path"":"""",""record_type"":""comment"",""field_score"":0,""keyword"":"""",""entity_ids"":[]}","{""normalized_from"":""opencrawler_local_asset"",""source_record_id"":""local-snapshot-src_weibo_01-comment-1-13"",""source_type"":""social_platform"",""acquisition_mode"":""manual_url"",""normalized_at"":""2026-06-17T12:10:16.502Z"",""warnings"":[]}",false,false,,ordinary_user,,youth_training_concern,children_protection_boundary,unknown,unknown,unknown,unknown,neutral,concern,youth_training_concern_cluster,41
sgv1_ff560817b811889cc00f5825,donglu_sunjihai_youth_football_202606,weibo,social_platform,manual_url,external_agent_assisted,source_url_provided_unverified,medium_low,0.45,review_needed,comment,,,???????????????????????? ??01-14?,zh-CN,https://s.weibo.com/weibo?q=%E8%91%A3%E8%B7%AF%20%E5%AD%99%E7%BB%A7%E6%B5%B7%20%E9%9D%92%E8%AE%AD&sample=01,https://s.weibo.com/weibo?q=%E8%91%A3%E8%B7%AF%20%E5%AD%99%E7%BB%A7%E6%B5%B7%20%E9%9D%92%E8%AE%AD&sample=01,src_weibo_01,,2026-06-02T22:00:00.000Z,2026-06-17T12:10:16.488Z,,sha256_platform_case_salt,unknown,true,true,,14,15,0,0,sha256:3ef8fbbcb290c3ed79aa76a9691703d8adff843d2235e2f38262874b1698c200,sha256:3ef8fbbcb290c3ed79aa76a9691703d8adff843d2235e2f38262874b1698c200,sha256:3bd5067e3f573d2910308b251ad37152a0b2ad9f82c7b53e8a6dd8d818b98ee5,dup_b5e2e17c7be7380265a7,1,[],public,public,manual_comment_sample,Selected public sample only. Not full-platform coverage. Not full-web coverage. Not full-thread coverage.,"{""asset_id"":""local-snapshot-src_weibo_01-comment-1-14"",""run_id"":"""",""task_id"":"""",""source_path"":"""",""record_type"":""comment"",""field_score"":0,""keyword"":"""",""entity_ids"":[]}","{""normalized_from"":""opencrawler_local_asset"",""source_record_id"":""local-snapshot-src_weibo_01-comment-1-14"",""source_type"":""social_platform"",""acquisition_mode"":""manual_url"",""normalized_at"":""2026-06-17T12:10:16.502Z"",""warnings"":[]}",false,false,,ordinary_user,,anti_conflict_fatigue,chinese_football_reputation,unknown,unknown,unknown,unknown,fatigue,fatigue,fatigue_cluster,44
sgv1_a29dcc43f8103c18fa30ccfa,donglu_sunjihai_youth_football_202606,weibo,social_platform,manual_url,external_agent_assisted,source_url_provided_unverified,medium_low,0.45,review_needed,comment,,,????????????????????????? ??01-15?,zh-CN,https://s.weibo.com/weibo?q=%E8%91%A3%E8%B7%AF%20%E5%AD%99%E7%BB%A7%E6%B5%B7%20%E9%9D%92%E8%AE%AD&sample=01,https://s.weibo.com/weibo?q=%E8%91%A3%E8%B7%AF%20%E5%AD%99%E7%BB%A7%E6%B5%B7%20%E9%9D%92%E8%AE%AD&sample=01,src_weibo_01,,2026-06-03T23:00:00.000Z,2026-06-17T12:10:16.488Z,,sha256_platform_case_salt,unknown,true,true,,15,16,0,0,sha256:e56d1ccecbdab8542acb3db2da7fa5b5499ef224f70c38bb875c1cdab310e109,sha256:e56d1ccecbdab8542acb3db2da7fa5b5499ef224f70c38bb875c1cdab310e109,sha256:3bd5067e3f573d2910308b251ad37152a0b2ad9f82c7b53e8a6dd8d818b98ee5,dup_b57d3eb515afc0627faf,1,[],public,public,manual_comment_sample,Selected public sample only. Not full-platform coverage. Not full-web coverage. Not full-thread coverage.,"{""asset_id"":""local-snapshot-src_weibo_01-comment-1-15"",""run_id"":"""",""task_id"":"""",""source_path"":"""",""record_type"":""comment"",""field_score"":0,""keyword"":"""",""entity_ids"":[]}","{""normalized_from"":""opencrawler_local_asset"",""source_record_id"":""local-snapshot-src_weibo_01-comment-1-15"",""source_type"":""social_platform"",""acquisition_mode"":""manual_url"",""normalized_at"":""2026-06-17T12:10:16.502Z"",""warnings"":[]}",false,false,,ordinary_user,,media_context,platform_discussion,unknown,unknown,unknown,unknown,bridge,neutral,media_context_reader,47
sgv1_eb22c0ccb603bcb5d4f2fb5e,donglu_sunjihai_youth_football_202606,weibo,social_platform,manual_url,external_agent_assisted,source_url_provided_unverified,medium_low,0.45,review_needed,comment,,,??????????????????????? ??01-16?,zh-CN,https://s.weibo.com/weibo?q=%E8%91%A3%E8%B7%AF%20%E5%AD%99%E7%BB%A7%E6%B5%B7%20%E9%9D%92%E8%AE%AD&sample=01,https://s.weibo.com/weibo?q=%E8%91%A3%E8%B7%AF%20%E5%AD%99%E7%BB%A7%E6%B5%B7%20%E9%9D%92%E8%AE%AD&sample=01,src_weibo_01,,2026-06-04T00:00:00.000Z,2026-06-17T12:10:16.488Z,,sha256_platform_case_salt,unknown,true,true,,16,17,0,0,sha256:b1457f1de8dcfc57c645c2fb65d4b71c1101458316cd5662a647712a3d1f9d24,sha256:b1457f1de8dcfc57c645c2fb65d4b71c1101458316cd5662a647712a3d1f9d24,sha256:3bd5067e3f573d2910308b251ad37152a0b2ad9f82c7b53e8a6dd8d818b98ee5,dup_6884ebfe5047fca040cc,1,[],public,public,manual_comment_sample,Selected public sample only. Not full-platform coverage. Not full-web coverage. Not full-thread coverage.,"{""asset_id"":""local-snapshot-src_weibo_01-comment-1-16"",""run_id"":"""",""task_id"":"""",""source_path"":"""",""record_type"":""comment"",""field_score"":0,""keyword"":"""",""entity_ids"":[]}","{""normalized_from"":""opencrawler_local_asset"",""source_record_id"":""local-snapshot-src_weibo_01-comment-1-16"",""source_type"":""social_platform"",""acquisition_mode"":""manual_url"",""normalized_at"":""2026-06-17T12:10:16.502Z"",""warnings"":[]}",false,false,,ordinary_user,,extreme_attack_or_trolling,extreme_cluster_or_trolling,unknown,unknown,unknown,unknown,isolated_extreme,anger,isolated_extreme_cluster,50
sgv1_54cef6526c4bdb05e21fb5d1,donglu_sunjihai_youth_football_202606,weibo,social_platform,manual_url,external_agent_assisted,source_url_provided_unverified,medium_low,0.45,review_needed,comment,,,???????????????????????? ??02-01?,zh-CN,https://s.weibo.com/weibo?q=%E8%91%A3%E8%B7%AF%20%E5%AD%99%E7%BB%A7%E6%B5%B7%20%E9%9D%92%E8%AE%AD&sample=02,https://s.weibo.com/weibo?q=%E8%91%A3%E8%B7%AF%20%E5%AD%99%E7%BB%A7%E6%B5%B7%20%E9%9D%92%E8%AE%AD&sample=02,src_weibo_02,,2026-06-04T09:00:00.000Z,2026-06-17T12:10:16.488Z,,sha256_platform_case_salt,unknown,true,true,,2,3,0,0,sha256:75ee0d931bae84f9c849143943c85fc83c993e3d91ca27930d41c782cb8ef122,sha256:75ee0d931bae84f9c849143943c85fc83c993e3d91ca27930d41c782cb8ef122,sha256:ac92664e95a8eb28cade549789f28d829560069f872788fc14859f4051bc3ac1,dup_7725023b409363ff3f67,1,[],public,public,manual_comment_sample,Selected public sample only. Not full-platform coverage. Not full-web coverage. Not full-thread coverage.,"{""asset_id"":""local-snapshot-src_weibo_02-comment-2-1"",""run_id"":"""",""task_id"":"""",""source_path"":"""",""record_type"":""comment"",""field_score"":0,""keyword"":"""",""entity_ids"":[]}","{""normalized_from"":""opencrawler_local_asset"",""source_record_id"":""local-snapshot-src_weibo_02-comment-2-1"",""source_type"":""social_platform"",""acquisition_mode"":""manual_url"",""normalized_at"":""2026-06-17T12:10:16.502Z"",""warnings"":[]}",false,false,,ordinary_user,,support_donglu_view,children_protection_boundary,unknown,unknown,unknown,unknown,core_support,curiosity,route_supporter_donglu,8
sgv1_f6ef72d03365be17ef4ed055,donglu_sunjihai_youth_football_202606,weibo,social_platform,manual_url,external_agent_assisted,source_url_provided_unverified,medium_low,0.45,review_needed,comment,,,??????????????????????????? ??02-02?,zh-CN,https://s.weibo.com/weibo?q=%E8%91%A3%E8%B7%AF%20%E5%AD%99%E7%BB%A7%E6%B5%B7%20%E9%9D%92%E8%AE%AD&sample=02,https://s.weibo.com/weibo?q=%E8%91%A3%E8%B7%AF%20%E5%AD%99%E7%BB%A7%E6%B5%B7%20%E9%9D%92%E8%AE%AD&sample=02,src_weibo_02,,2026-06-05T10:00:00.000Z,2026-06-17T12:10:16.488Z,,sha256_platform_case_salt,unknown,true,true,,4,4,0,0,sha256:fba08cfd80a2dacd7e1f126ce0539a4572fe3e01e3e771f2013c8709fada79c0,sha256:fba08cfd80a2dacd7e1f126ce0539a4572fe3e01e3e771f2013c8709fada79c0,sha256:ac92664e95a8eb28cade549789f28d829560069f872788fc14859f4051bc3ac1,dup_b975b1a8b68aa314dc92,1,[],public,public,manual_comment_sample,Selected public sample only. Not full-platform coverage. Not full-web coverage. Not full-thread coverage.,"{""asset_id"":""local-snapshot-src_weibo_02-comment-2-2"",""run_id"":"""",""task_id"":"""",""source_path"":"""",""record_type"":""comment"",""field_score"":0,""keyword"":"""",""entity_ids"":[]}","{""normalized_from"":""opencrawler_local_asset"",""source_record_id"":""local-snapshot-src_weibo_02-comment-2-2"",""source_type"":""social_platform"",""acquisition_mode"":""manual_url"",""normalized_at"":""2026-06-17T12:10:16.502Z"",""warnings"":[]}",false,false,,ordinary_user,,support_sunjihai_view,chinese_football_reputation,unknown,unknown,unknown,unknown,core_support,curiosity,route_supporter_sunjihai,12
sgv1_978a81b4ee4c086d5e3a7d51,donglu_sunjihai_youth_football_202606,weibo,social_platform,manual_url,external_agent_assisted,source_url_provided_unverified,medium_low,0.45,review_needed,comment,,,??????????????????? ??02-03?,zh-CN,https://s.weibo.com/weibo?q=%E8%91%A3%E8%B7%AF%20%E5%AD%99%E7%BB%A7%E6%B5%B7%20%E9%9D%92%E8%AE%AD&sample=02,https://s.weibo.com/weibo?q=%E8%91%A3%E8%B7%AF%20%E5%AD%99%E7%BB%A7%E6%B5%B7%20%E9%9D%92%E8%AE%AD&sample=02,src_weibo_02,,2026-06-06T11:00:00.000Z,2026-06-17T12:10:16.488Z,,sha256_platform_case_salt,unknown,true,true,,6,5,0,0,sha256:a6c57bbcb9d87ba518a655ef11091a2e94967218ae6b7906aaa2d2d961eeaa7c,sha256:a6c57bbcb9d87ba518a655ef11091a2e94967218ae6b7906aaa2d2d961eeaa7c,sha256:ac92664e95a8eb28cade549789f28d829560069f872788fc14859f4051bc3ac1,dup_12ed6582ac6d233a42de,1,[],public,public,manual_comment_sample,Selected public sample only. Not full-platform coverage. Not full-web coverage. Not full-thread coverage.,"{""asset_id"":""local-snapshot-src_weibo_02-comment-2-3"",""run_id"":"""",""task_id"":"""",""source_path"":"""",""record_type"":""comment"",""field_score"":0,""keyword"":"""",""entity_ids"":[]}","{""normalized_from"":""opencrawler_local_asset"",""source_record_id"":""local-snapshot-src_weibo_02-comment-2-3"",""source_type"":""social_platform"",""acquisition_mode"":""manual_url"",""normalized_at"":""2026-06-17T12:10:16.502Z"",""warnings"":[]}",false,false,,ordinary_user,,neutral_process_focused,platform_discussion,unknown,unknown,unknown,unknown,bridge,neutral,process_observer,16
sgv1_00e839f7081dd56762738163,donglu_sunjihai_youth_football_202606,weibo,social_platform,manual_url,external_agent_assisted,source_url_provided_unverified,medium_low,0.45,review_needed,comment,,,??????????????????????????? ??02-04?,zh-CN,https://s.weibo.com/weibo?q=%E8%91%A3%E8%B7%AF%20%E5%AD%99%E7%BB%A7%E6%B5%B7%20%E9%9D%92%E8%AE%AD&sample=02,https://s.weibo.com/weibo?q=%E8%91%A3%E8%B7%AF%20%E5%AD%99%E7%BB%A7%E6%B5%B7%20%E9%9D%92%E8%AE%AD&sample=02,src_weibo_02,,2026-06-07T12:00:00.000Z,2026-06-17T12:10:16.488Z,,sha256_platform_case_salt,unknown,true,true,,8,6,0,0,sha256:90e750844c71c536c0af11d143ad359e812929884c6170aaf323c9a6683b6c04,sha256:90e750844c71c536c0af11d143ad359e812929884c6170aaf323c9a6683b6c04,sha256:ac92664e95a8eb28cade549789f28d829560069f872788fc14859f4051bc3ac1,dup_99f03cfa6ccd09f2634a,1,[],public,public,manual_comment_sample,Selected public sample only. Not full-platform coverage. Not full-web coverage. Not full-thread coverage.,"{""asset_id"":""local-snapshot-src_weibo_02-comment-2-4"",""run_id"":"""",""task_id"":"""",""source_path"":"""",""record_type"":""comment"",""field_score"":0,""keyword"":"""",""entity_ids"":[]}","{""normalized_from"":""opencrawler_local_asset"",""source_record_id"":""local-snapshot-src_weibo_02-comment-2-4"",""source_type"":""social_platform"",""acquisition_mode"":""manual_url"",""normalized_at"":""2026-06-17T12:10:16.502Z"",""warnings"":[]}",false,false,,ordinary_user,,youth_training_concern,extreme_cluster_or_trolling,unknown,unknown,unknown,unknown,neutral,concern,youth_training_concern_cluster,20
sgv1_f1bf18919be8c07ec4fef830,donglu_sunjihai_youth_football_202606,weibo,social_platform,manual_url,external_agent_assisted,source_url_provided_unverified,medium_low,0.45,review_needed,comment,,,????????????????????? ??02-05?,zh-CN,https://s.weibo.com/weibo?q=%E8%91%A3%E8%B7%AF%20%E5%AD%99%E7%BB%A7%E6%B5%B7%20%E9%9D%92%E8%AE%AD&sample=02,https://s.weibo.com/weibo?q=%E8%91%A3%E8%B7%AF%20%E5%AD%99%E7%BB%A7%E6%B5%B7%20%E9%9D%92%E8%AE%AD&sample=02,src_weibo_02,,2026-06-08T13:00:00.000Z,2026-06-17T12:10:16.488Z,,sha256_platform_case_salt,unknown,true,true,,10,7,0,0,sha256:03df07fcd095707811f03449af6c925e2bbd2b552c5b22c50e04f39a4af71bf4,sha256:03df07fcd095707811f03449af6c925e2bbd2b552c5b22c50e04f39a4af71bf4,sha256:ac92664e95a8eb28cade549789f28d829560069f872788fc14859f4051bc3ac1,dup_b79aa3464df08e711fdd,1,[],public,public,manual_comment_sample,Selected public sample only. Not full-platform coverage. Not full-web coverage. Not full-thread coverage.,"{""asset_id"":""local-snapshot-src_weibo_02-comment-2-5"",""run_id"":"""",""task_id"":"""",""source_path"":"""",""record_type"":""comment"",""field_score"":0,""keyword"":"""",""entity_ids"":[]}","{""normalized_from"":""opencrawler_local_asset"",""source_record_id"":""local-snapshot-src_weibo_02-comment-2-5"",""source_type"":""social_platform"",""acquisition_mode"":""manual_url"",""normalized_at"":""2026-06-17T12:10:16.502Z"",""warnings"":[]}",false,false,,ordinary_user,,anti_conflict_fatigue,unknown,unknown,unknown,unknown,unknown,fatigue,fatigue,fatigue_cluster,24
sgv1_dfe012720c43912ac4a844d6,donglu_sunjihai_youth_football_202606,weibo,social_platform,manual_url,external_agent_assisted,source_url_provided_unverified,medium_low,0.45,review_needed,comment,,,?????????????????????? ??02-06?,zh-CN,https://s.weibo.com/weibo?q=%E8%91%A3%E8%B7%AF%20%E5%AD%99%E7%BB%A7%E6%B5%B7%20%E9%9D%92%E8%AE%AD&sample=02,https://s.weibo.com/weibo?q=%E8%91%A3%E8%B7%AF%20%E5%AD%99%E7%BB%A7%E6%B5%B7%20%E9%9D%92%E8%AE%AD&sample=02,src_weibo_02,,2026-06-09T14:00:00.000Z,2026-06-17T12:10:16.488Z,,sha256_platform_case_salt,unknown,true,true,,12,8,0,0,sha256:3540d6a2e54dbdf431795b8d70858c6a480464b8485556b21b59ed16b6c508d5,sha256:3540d6a2e54dbdf431795b8d70858c6a480464b8485556b21b59ed16b6c508d5,sha256:ac92664e95a8eb28cade549789f28d829560069f872788fc14859f4051bc3ac1,dup_c2f526be681cc00d1e8e,1,[],public,public,manual_comment_sample,Selected public sample only. Not full-platform coverage. Not full-web coverage. Not full-thread coverage.,"{""asset_id"":""local-snapshot-src_weibo_02-comment-2-6"",""run_id"":"""",""task_id"":"""",""source_path"":"""",""record_type"":""comment"",""field_score"":0,""keyword"":"""",""entity_ids"":[]}","{""normalized_from"":""opencrawler_local_asset"",""source_record_id"":""local-snapshot-src_weibo_02-comment-2-6"",""source_type"":""social_platform"",""acquisition_mode"":""manual_url"",""normalized_at"":""2026-06-17T12:10:16.502Z"",""warnings"":[]}",false,false,,ordinary_user,,media_context,youth_training_model,unknown,unknown,unknown,unknown,bridge,neutral,media_context_reader,28
sgv1_6fd3b0796add3d3299c23ee0,donglu_sunjihai_youth_football_202606,weibo,social_platform,manual_url,external_agent_assisted,source_url_provided_unverified,medium_low,0.45,review_needed,comment,,,??????????????????????? ??02-07?,zh-CN,https://s.weibo.com/weibo?q=%E8%91%A3%E8%B7%AF%20%E5%AD%99%E7%BB%A7%E6%B5%B7%20%E9%9D%92%E8%AE%AD&sample=02,https://s.weibo.com/weibo?q=%E8%91%A3%E8%B7%AF%20%E5%AD%99%E7%BB%A7%E6%B5%B7%20%E9%9D%92%E8%AE%AD&sample=02,src_weibo_02,,2026-06-10T15:00:00.000Z,2026-06-17T12:10:16.488Z,,sha256_platform_case_salt,unknown,true,true,,14,9,0,0,sha256:297d23846174cfda9bdbf340db7224f53ab2d14dc981ed202ff64770ca29a791,sha256:297d23846174cfda9bdbf340db7224f53ab2d14dc981ed202ff64770ca29a791,sha256:ac92664e95a8eb28cade549789f28d829560069f872788fc14859f4051bc3ac1,dup_f5ce8c4c2bb7f8da1fb8,1,[],public,public,manual_comment_sample,Selected public sample only. Not full-platform coverage. Not full-web coverage. Not full-thread coverage.,"{""asset_id"":""local-snapshot-src_weibo_02-comment-2-7"",""run_id"":"""",""task_id"":"""",""source_path"":"""",""record_type"":""comment"",""field_score"":0,""keyword"":"""",""entity_ids"":[]}","{""normalized_from"":""opencrawler_local_asset"",""source_record_id"":""local-snapshot-src_weibo_02-comment-2-7"",""source_type"":""social_platform"",""acquisition_mode"":""manual_url"",""normalized_at"":""2026-06-17T12:10:16.502Z"",""warnings"":[]}",false,false,,ordinary_user,,extreme_attack_or_trolling,contract_or_responsibility_dispute,unknown,unknown,unknown,unknown,isolated_extreme,anger,isolated_extreme_cluster,32
sgv1_8464cb4f49f1e1c7fba7bcc6,donglu_sunjihai_youth_football_202606,weibo,social_platform,manual_url,external_agent_assisted,source_url_provided_unverified,medium_low,0.45,review_needed,comment,,,????????????????? ??02-08?,zh-CN,https://s.weibo.com/weibo?q=%E8%91%A3%E8%B7%AF%20%E5%AD%99%E7%BB%A7%E6%B5%B7%20%E9%9D%92%E8%AE%AD&sample=02,https://s.weibo.com/weibo?q=%E8%91%A3%E8%B7%AF%20%E5%AD%99%E7%BB%A7%E6%B5%B7%20%E9%9D%92%E8%AE%AD&sample=02,src_weibo_02,,2026-06-11T16:00:00.000Z,2026-06-17T12:10:16.488Z,,sha256_platform_case_salt,unknown,true,true,,16,10,0,0,sha256:ddf695857af67e28199e22debf42cc6335a971d94e0744146e96c115b2549c38,sha256:ddf695857af67e28199e22debf42cc6335a971d94e0744146e96c115b2549c38,sha256:ac92664e95a8eb28cade549789f28d829560069f872788fc14859f4051bc3ac1,dup_a10e045e4915c9788b42,1,[],public,public,manual_comment_sample,Selected public sample only. Not full-platform coverage. Not full-web coverage. Not full-thread coverage.,"{""asset_id"":""local-snapshot-src_weibo_02-comment-2-8"",""run_id"":"""",""task_id"":"""",""source_path"":"""",""record_type"":""comment"",""field_score"":0,""keyword"":"""",""entity_ids"":[]}","{""normalized_from"":""opencrawler_local_asset"",""source_record_id"":""local-snapshot-src_weibo_02-comment-2-8"",""source_type"":""social_platform"",""acquisition_mode"":""manual_url"",""normalized_at"":""2026-06-17T12:10:16.502Z"",""warnings"":[]}",false,false,,ordinary_user,,unknown,public_response,unknown,unknown,unknown,unknown,unknown,unknown,unknown,36
sgv1_4d7b61654eec6ecb26452ec8,donglu_sunjihai_youth_football_202606,weibo,social_platform,manual_url,external_agent_assisted,source_url_provided_unverified,medium_low,0.45,review_needed,comment,,,???????????????????????? ??02-09?,zh-CN,https://s.weibo.com/weibo?q=%E8%91%A3%E8%B7%AF%20%E5%AD%99%E7%BB%A7%E6%B5%B7%20%E9%9D%92%E8%AE%AD&sample=02,https://s.weibo.com/weibo?q=%E8%91%A3%E8%B7%AF%20%E5%AD%99%E7%BB%A7%E6%B5%B7%20%E9%9D%92%E8%AE%AD&sample=02,src_weibo_02,,2026-06-12T17:00:00.000Z,2026-06-17T12:10:16.488Z,,sha256_platform_case_salt,unknown,true,true,,18,11,0,0,sha256:19e0d19699c901325929ad3de51fbfd39555ba0a0cf76c9231d63abc9ee4708e,sha256:19e0d19699c901325929ad3de51fbfd39555ba0a0cf76c9231d63abc9ee4708e,sha256:ac92664e95a8eb28cade549789f28d829560069f872788fc14859f4051bc3ac1,dup_ebec98031478b3a69335,1,[],public,public,manual_comment_sample,Selected public sample only. Not full-platform coverage. Not full-web coverage. Not full-thread coverage.,"{""asset_id"":""local-snapshot-src_weibo_02-comment-2-9"",""run_id"":"""",""task_id"":"""",""source_path"":"""",""record_type"":""comment"",""field_score"":0,""keyword"":"""",""entity_ids"":[]}","{""normalized_from"":""opencrawler_local_asset"",""source_record_id"":""local-snapshot-src_weibo_02-comment-2-9"",""source_type"":""social_platform"",""acquisition_mode"":""manual_url"",""normalized_at"":""2026-06-17T12:10:16.502Z"",""warnings"":[]}",false,false,,ordinary_user,,support_donglu_view,media_reframing,unknown,unknown,unknown,unknown,core_support,curiosity,route_supporter_donglu,40
sgv1_1a8d23cd2d2776e8c6ab369b,donglu_sunjihai_youth_football_202606,weibo,social_platform,manual_url,external_agent_assisted,source_url_provided_unverified,medium_low,0.45,review_needed,comment,,,?????????????????????????? ??02-10?,zh-CN,https://s.weibo.com/weibo?q=%E8%91%A3%E8%B7%AF%20%E5%AD%99%E7%BB%A7%E6%B5%B7%20%E9%9D%92%E8%AE%AD&sample=02,https://s.weibo.com/weibo?q=%E8%91%A3%E8%B7%AF%20%E5%AD%99%E7%BB%A7%E6%B5%B7%20%E9%9D%92%E8%AE%AD&sample=02,src_weibo_02,,2026-06-13T18:00:00.000Z,2026-06-17T12:10:16.488Z,,sha256_platform_case_salt,unknown,true,true,,20,12,0,0,sha256:047e3090bd3b249080265b6ffcd14ed165c1d15197f41e075c3a475560390aff,sha256:047e3090bd3b249080265b6ffcd14ed165c1d15197f41e075c3a475560390aff,sha256:ac92664e95a8eb28cade549789f28d829560069f872788fc14859f4051bc3ac1,dup_ab711add390125597795,1,[],public,public,manual_comment_sample,Selected public sample only. Not full-platform coverage. Not full-web coverage. Not full-thread coverage.,"{""asset_id"":""local-snapshot-src_weibo_02-comment-2-10"",""run_id"":"""",""task_id"":"""",""source_path"":"""",""record_type"":""comment"",""field_score"":0,""keyword"":"""",""entity_ids"":[]}","{""normalized_from"":""opencrawler_local_asset"",""source_record_id"":""local-snapshot-src_weibo_02-comment-2-10"",""source_type"":""social_platform"",""acquisition_mode"":""manual_url"",""normalized_at"":""2026-06-17T12:10:16.502Z"",""warnings"":[]}",false,false,,ordinary_user,,support_sunjihai_view,fan_community_reaction,unknown,unknown,unknown,unknown,core_support,curiosity,route_supporter_sunjihai,44
sgv1_a92304bb8e77b183d7bb91a8,donglu_sunjihai_youth_football_202606,weibo,social_platform,manual_url,external_agent_assisted,source_url_provided_unverified,medium_low,0.45,review_needed,comment,,,???????????????????????????? ??02-11?,zh-CN,https://s.weibo.com/weibo?q=%E8%91%A3%E8%B7%AF%20%E5%AD%99%E7%BB%A7%E6%B5%B7%20%E9%9D%92%E8%AE%AD&sample=02,https://s.weibo.com/weibo?q=%E8%91%A3%E8%B7%AF%20%E5%AD%99%E7%BB%A7%E6%B5%B7%20%E9%9D%92%E8%AE%AD&sample=02,src_weibo_02,,2026-06-14T19:00:00.000Z,2026-06-17T12:10:16.488Z,,sha256_platform_case_salt,unknown,true,true,,22,13,0,0,sha256:0eef159dca34dcc127286ef2dcc3c3f842a87490b4dc43f3d9810c3060a41d99,sha256:0eef159dca34dcc127286ef2dcc3c3f842a87490b4dc43f3d9810c3060a41d99,sha256:ac92664e95a8eb28cade549789f28d829560069f872788fc14859f4051bc3ac1,dup_af9cef73155cb59bbbf0,1,[],public,public,manual_comment_sample,Selected public sample only. Not full-platform coverage. Not full-web coverage. Not full-thread coverage.,"{""asset_id"":""local-snapshot-src_weibo_02-comment-2-11"",""run_id"":"""",""task_id"":"""",""source_path"":"""",""record_type"":""comment"",""field_score"":0,""keyword"":"""",""entity_ids"":[]}","{""normalized_from"":""opencrawler_local_asset"",""source_record_id"":""local-snapshot-src_weibo_02-comment-2-11"",""source_type"":""social_platform"",""acquisition_mode"":""manual_url"",""normalized_at"":""2026-06-17T12:10:16.502Z"",""warnings"":[]}",false,false,,ordinary_user,,neutral_process_focused,children_protection_boundary,unknown,unknown,unknown,unknown,bridge,neutral,process_observer,48
sgv1_07b771eaa7816085713c0c6a,donglu_sunjihai_youth_football_202606,weibo,social_platform,manual_url,external_agent_assisted,source_url_provided_unverified,medium_low,0.45,review_needed,comment,,,?????????????????????? ??02-12?,zh-CN,https://s.weibo.com/weibo?q=%E8%91%A3%E8%B7%AF%20%E5%AD%99%E7%BB%A7%E6%B5%B7%20%E9%9D%92%E8%AE%AD&sample=02,https://s.weibo.com/weibo?q=%E8%91%A3%E8%B7%AF%20%E5%AD%99%E7%BB%A7%E6%B5%B7%20%E9%9D%92%E8%AE%AD&sample=02,src_weibo_02,,2026-06-01T20:00:00.000Z,2026-06-17T12:10:16.488Z,,sha256_platform_case_salt,unknown,true,true,,24,14,0,0,sha256:130d82e6e1ff054a339b63104317028a01b71ca8e3b8ee9da91f609103eb6079,sha256:130d82e6e1ff054a339b63104317028a01b71ca8e3b8ee9da91f609103eb6079,sha256:ac92664e95a8eb28cade549789f28d829560069f872788fc14859f4051bc3ac1,dup_70539f493bbb8af99879,1,[],public,public,manual_comment_sample,Selected public sample only. Not full-platform coverage. Not full-web coverage. Not full-thread coverage.,"{""asset_id"":""local-snapshot-src_weibo_02-comment-2-12"",""run_id"":"""",""task_id"":"""",""source_path"":"""",""record_type"":""comment"",""field_score"":0,""keyword"":"""",""entity_ids"":[]}","{""normalized_from"":""opencrawler_local_asset"",""source_record_id"":""local-snapshot-src_weibo_02-comment-2-12"",""source_type"":""social_platform"",""acquisition_mode"":""manual_url"",""normalized_at"":""2026-06-17T12:10:16.502Z"",""warnings"":[]}",false,false,,ordinary_user,,youth_training_concern,chinese_football_reputation,unknown,unknown,unknown,unknown,neutral,concern,youth_training_concern_cluster,52
sgv1_958a5e7ca89c1f36879d42bb,donglu_sunjihai_youth_football_202606,weibo,social_platform,manual_url,external_agent_assisted,source_url_provided_unverified,medium_low,0.45,review_needed,comment,,,???????????????????????? ??02-13?,zh-CN,https://s.weibo.com/weibo?q=%E8%91%A3%E8%B7%AF%20%E5%AD%99%E7%BB%A7%E6%B5%B7%20%E9%9D%92%E8%AE%AD&sample=02,https://s.weibo.com/weibo?q=%E8%91%A3%E8%B7%AF%20%E5%AD%99%E7%BB%A7%E6%B5%B7%20%E9%9D%92%E8%AE%AD&sample=02,src_weibo_02,,2026-06-02T21:00:00.000Z,2026-06-17T12:10:16.488Z,,sha256_platform_case_salt,unknown,true,true,,26,15,0,0,sha256:1526cd4bf21f3e46db138520b60048906e72122bed6e1dc9048f537e6df148b2,sha256:1526cd4bf21f3e46db138520b60048906e72122bed6e1dc9048f537e6df148b2,sha256:ac92664e95a8eb28cade549789f28d829560069f872788fc14859f4051bc3ac1,dup_ad30ef4a0c41feb47381,1,[],public,public,manual_comment_sample,Selected public sample only. Not full-platform coverage. Not full-web coverage. Not full-thread coverage.,"{""asset_id"":""local-snapshot-src_weibo_02-comment-2-13"",""run_id"":"""",""task_id"":"""",""source_path"":"""",""record_type"":""comment"",""field_score"":0,""keyword"":"""",""entity_ids"":[]}","{""normalized_from"":""opencrawler_local_asset"",""source_record_id"":""local-snapshot-src_weibo_02-comment-2-13"",""source_type"":""social_platform"",""acquisition_mode"":""manual_url"",""normalized_at"":""2026-06-17T12:10:16.502Z"",""warnings"":[]}",false,false,,ordinary_user,,anti_conflict_fatigue,platform_discussion,unknown,unknown,unknown,unknown,fatigue,fatigue,fatigue_cluster,56
sgv1_3b8bc007f9e4103fc95e78cf,donglu_sunjihai_youth_football_202606,weibo,social_platform,manual_url,external_agent_assisted,source_url_provided_unverified,medium_low,0.45,review_needed,comment,,,????????????????????????? ??02-14?,zh-CN,https://s.weibo.com/weibo?q=%E8%91%A3%E8%B7%AF%20%E5%AD%99%E7%BB%A7%E6%B5%B7%20%E9%9D%92%E8%AE%AD&sample=02,https://s.weibo.com/weibo?q=%E8%91%A3%E8%B7%AF%20%E5%AD%99%E7%BB%A7%E6%B5%B7%20%E9%9D%92%E8%AE%AD&sample=02,src_weibo_02,,2026-06-03T22:00:00.000Z,2026-06-17T12:10:16.488Z,,sha256_platform_case_salt,unknown,true,true,,28,16,0,0,sha256:8ff8d45225b97a2fab0284b74e99eae606ef5974a6f283aaee6fb7bd382fb51c,sha256:8ff8d45225b97a2fab0284b74e99eae606ef5974a6f283aaee6fb7bd382fb51c,sha256:ac92664e95a8eb28cade549789f28d829560069f872788fc14859f4051bc3ac1,dup_bdc56304017d791228ac,1,[],public,public,manual_comment_sample,Selected public sample only. Not full-platform coverage. Not full-web coverage. Not full-thread coverage.,"{""asset_id"":""local-snapshot-src_weibo_02-comment-2-14"",""run_id"":"""",""task_id"":"""",""source_path"":"""",""record_type"":""comment"",""field_score"":0,""keyword"":"""",""entity_ids"":[]}","{""normalized_from"":""opencrawler_local_asset"",""source_record_id"":""local-snapshot-src_weibo_02-comment-2-14"",""source_type"":""social_platform"",""acquisition_mode"":""manual_url"",""normalized_at"":""2026-06-17T12:10:16.502Z"",""warnings"":[]}",false,false,,ordinary_user,,media_context,extreme_cluster_or_trolling,unknown,unknown,unknown,unknown,bridge,neutral,media_context_reader,60
sgv1_0a75d58dc6ad90899118cc41,donglu_sunjihai_youth_football_202606,weibo,social_platform,manual_url,external_agent_assisted,source_url_provided_unverified,medium_low,0.45,review_needed,comment,,,??????????????????????? ??02-15?,zh-CN,https://s.weibo.com/weibo?q=%E8%91%A3%E8%B7%AF%20%E5%AD%99%E7%BB%A7%E6%B5%B7%20%E9%9D%92%E8%AE%AD&sample=02,https://s.weibo.com/weibo?q=%E8%91%A3%E8%B7%AF%20%E5%AD%99%E7%BB%A7%E6%B5%B7%20%E9%9D%92%E8%AE%AD&sample=02,src_weibo_02,,2026-06-04T23:00:00.000Z,2026-06-17T12:10:16.488Z,,sha256_platform_case_salt,unknown,true,true,,30,17,0,0,sha256:b725e8c52d2ba6d41b0a991f5b781e85ad7819b0ee33d0e7d83b2cf199d52278,sha256:b725e8c52d2ba6d41b0a991f5b781e85ad7819b0ee33d0e7d83b2cf199d52278,sha256:ac92664e95a8eb28cade549789f28d829560069f872788fc14859f4051bc3ac1,dup_8e53a438ee668bdeb385,1,[],public,public,manual_comment_sample,Selected public sample only. Not full-platform coverage. Not full-web coverage. Not full-thread coverage.,"{""asset_id"":""local-snapshot-src_weibo_02-comment-2-15"",""run_id"":"""",""task_id"":"""",""source_path"":"""",""record_type"":""comment"",""field_score"":0,""keyword"":"""",""entity_ids"":[]}","{""normalized_from"":""opencrawler_local_asset"",""source_record_id"":""local-snapshot-src_weibo_02-comment-2-15"",""source_type"":""social_platform"",""acquisition_mode"":""manual_url"",""normalized_at"":""2026-06-17T12:10:16.502Z"",""warnings"":[]}",false,false,,ordinary_user,,extreme_attack_or_trolling,unknown,unknown,unknown,unknown,unknown,isolated_extreme,anger,isolated_extreme_cluster,64
sgv1_0633384987cc534612cba2f1,donglu_sunjihai_youth_football_202606,weibo,social_platform,manual_url,external_agent_assisted,source_url_provided_unverified,medium_low,0.45,review_needed,comment,,,????????????????????? ??02-16?,zh-CN,https://s.weibo.com/weibo?q=%E8%91%A3%E8%B7%AF%20%E5%AD%99%E7%BB%A7%E6%B5%B7%20%E9%9D%92%E8%AE%AD&sample=02,https://s.weibo.com/weibo?q=%E8%91%A3%E8%B7%AF%20%E5%AD%99%E7%BB%A7%E6%B5%B7%20%E9%9D%92%E8%AE%AD&sample=02,src_weibo_02,,2026-06-05T00:00:00.000Z,2026-06-17T12:10:16.488Z,,sha256_platform_case_salt,unknown,true,true,,32,0,0,0,sha256:d2b3b98b95ed74e88a571e158039a484195f2b577fae417f94ed95ef3c8ef878,sha256:d2b3b98b95ed74e88a571e158039a484195f2b577fae417f94ed95ef3c8ef878,sha256:ac92664e95a8eb28cade549789f28d829560069f872788fc14859f4051bc3ac1,dup_76eed955957386e43d3d,1,[],public,public,manual_comment_sample,Selected public sample only. Not full-platform coverage. Not full-web coverage. Not full-thread coverage.,"{""asset_id"":""local-snapshot-src_weibo_02-comment-2-16"",""run_id"":"""",""task_id"":"""",""source_path"":"""",""record_type"":""comment"",""field_score"":0,""keyword"":"""",""entity_ids"":[]}","{""normalized_from"":""opencrawler_local_asset"",""source_record_id"":""local-snapshot-src_weibo_02-comment-2-16"",""source_type"":""social_platform"",""acquisition_mode"":""manual_url"",""normalized_at"":""2026-06-17T12:10:16.502Z"",""warnings"":[]}",false,false,,ordinary_user,,unknown,youth_training_model,unknown,unknown,unknown,unknown,unknown,unknown,unknown,32
sgv1_b4901bb087fd6b316f9d1c96,donglu_sunjihai_youth_football_202606,weibo,social_platform,manual_url,external_agent_assisted,source_url_provided_unverified,medium_low,0.45,review_needed,comment,,,??????????????????????????? ??03-01?,zh-CN,https://s.weibo.com/weibo?q=%E8%91%A3%E8%B7%AF%20%E5%AD%99%E7%BB%A7%E6%B5%B7%20%E9%9D%92%E8%AE%AD&sample=03,https://s.weibo.com/weibo?q=%E8%91%A3%E8%B7%AF%20%E5%AD%99%E7%BB%A7%E6%B5%B7%20%E9%9D%92%E8%AE%AD&sample=03,src_weibo_03,,2026-06-05T09:00:00.000Z,2026-06-17T12:10:16.488Z,,sha256_platform_case_salt,unknown,true,true,,3,4,0,0,sha256:38d2803db1b99baab4cc2cf10a845285650a51efee123f4037ea9b406e2d79e0,sha256:38d2803db1b99baab4cc2cf10a845285650a51efee123f4037ea9b406e2d79e0,sha256:0e590a5f5c2a626952305ebf8b3619defb6eb9dae5174d682208e78008694226,dup_7694a3d7c6119d61d25c,1,[],public,public,manual_comment_sample,Selected public sample only. Not full-platform coverage. Not full-web coverage. Not full-thread coverage.,"{""asset_id"":""local-snapshot-src_weibo_03-comment-3-1"",""run_id"":"""",""task_id"":"""",""source_path"":"""",""record_type"":""comment"",""field_score"":0,""keyword"":"""",""entity_ids"":[]}","{""normalized_from"":""opencrawler_local_asset"",""source_record_id"":""local-snapshot-src_weibo_03-comment-3-1"",""source_type"":""social_platform"",""acquisition_mode"":""manual_url"",""normalized_at"":""2026-06-17T12:10:16.502Z"",""warnings"":[]}",false,false,,ordinary_user,,support_sunjihai_view,platform_discussion,unknown,unknown,unknown,unknown,core_support,curiosity,route_supporter_sunjihai,11
sgv1_1e289713e3ffe5ec77cbc661,donglu_sunjihai_youth_football_202606,weibo,social_platform,manual_url,external_agent_assisted,source_url_provided_unverified,medium_low,0.45,review_needed,comment,,,??????????????????? ??03-02?,zh-CN,https://s.weibo.com/weibo?q=%E8%91%A3%E8%B7%AF%20%E5%AD%99%E7%BB%A7%E6%B5%B7%20%E9%9D%92%E8%AE%AD&sample=03,https://s.weibo.com/weibo?q=%E8%91%A3%E8%B7%AF%20%E5%AD%99%E7%BB%A7%E6%B5%B7%20%E9%9D%92%E8%AE%AD&sample=03,src_weibo_03,,2026-06-06T10:00:00.000Z,2026-06-17T12:10:16.488Z,,sha256_platform_case_salt,unknown,true,true,,6,5,0,0,sha256:3b0749fb3199cfd408341c1e4f24f7fce8553b9e8f7669b6273ddc27e0bd72fb,sha256:3b0749fb3199cfd408341c1e4f24f7fce8553b9e8f7669b6273ddc27e0bd72fb,sha256:0e590a5f5c2a626952305ebf8b3619defb6eb9dae5174d682208e78008694226,dup_04e2ebd00417932f3054,1,[],public,public,manual_comment_sample,Selected public sample only. Not full-platform coverage. Not full-web coverage. Not full-thread coverage.,"{""asset_id"":""local-snapshot-src_weibo_03-comment-3-2"",""run_id"":"""",""task_id"":"""",""source_path"":"""",""record_type"":""comment"",""field_score"":0,""keyword"":"""",""entity_ids"":[]}","{""normalized_from"":""opencrawler_local_asset"",""source_record_id"":""local-snapshot-src_weibo_03-comment-3-2"",""source_type"":""social_platform"",""acquisition_mode"":""manual_url"",""normalized_at"":""2026-06-17T12:10:16.502Z"",""warnings"":[]}",false,false,,ordinary_user,,neutral_process_focused,extreme_cluster_or_trolling,unknown,unknown,unknown,unknown,bridge,neutral,process_observer,16
sgv1_518ab07acf34e780be86faeb,donglu_sunjihai_youth_football_202606,weibo,social_platform,manual_url,external_agent_assisted,source_url_provided_unverified,medium_low,0.45,review_needed,comment,,,??????????????????????????? ??03-03?,zh-CN,https://s.weibo.com/weibo?q=%E8%91%A3%E8%B7%AF%20%E5%AD%99%E7%BB%A7%E6%B5%B7%20%E9%9D%92%E8%AE%AD&sample=03,https://s.weibo.com/weibo?q=%E8%91%A3%E8%B7%AF%20%E5%AD%99%E7%BB%A7%E6%B5%B7%20%E9%9D%92%E8%AE%AD&sample=03,src_weibo_03,,2026-06-07T11:00:00.000Z,2026-06-17T12:10:16.488Z,,sha256_platform_case_salt,unknown,true,true,,9,6,0,0,sha256:d60294410ea4e69b31ac9427f3cfaef1363b0082a7b94e9eae5490b16feb9cee,sha256:d60294410ea4e69b31ac9427f3cfaef1363b0082a7b94e9eae5490b16feb9cee,sha256:0e590a5f5c2a626952305ebf8b3619defb6eb9dae5174d682208e78008694226,dup_ffb69b689b1cb20993b1,1,[],public,public,manual_comment_sample,Selected public sample only. Not full-platform coverage. Not full-web coverage. Not full-thread coverage.,"{""asset_id"":""local-snapshot-src_weibo_03-comment-3-3"",""run_id"":"""",""task_id"":"""",""source_path"":"""",""record_type"":""comment"",""field_score"":0,""keyword"":"""",""entity_ids"":[]}","{""normalized_from"":""opencrawler_local_asset"",""source_record_id"":""local-snapshot-src_weibo_03-comment-3-3"",""source_type"":""social_platform"",""acquisition_mode"":""manual_url"",""normalized_at"":""2026-06-17T12:10:16.502Z"",""warnings"":[]}",false,false,,ordinary_user,,youth_training_concern,unknown,unknown,unknown,unknown,unknown,neutral,concern,youth_training_concern_cluster,21
sgv1_b496109279716ab10601ae5e,donglu_sunjihai_youth_football_202606,weibo,social_platform,manual_url,external_agent_assisted,source_url_provided_unverified,medium_low,0.45,review_needed,comment,,,????????????????????? ??03-04?,zh-CN,https://s.weibo.com/weibo?q=%E8%91%A3%E8%B7%AF%20%E5%AD%99%E7%BB%A7%E6%B5%B7%20%E9%9D%92%E8%AE%AD&sample=03,https://s.weibo.com/weibo?q=%E8%91%A3%E8%B7%AF%20%E5%AD%99%E7%BB%A7%E6%B5%B7%20%E9%9D%92%E8%AE%AD&sample=03,src_weibo_03,,2026-06-08T12:00:00.000Z,2026-06-17T12:10:16.488Z,,sha256_platform_case_salt,unknown,true,true,,12,7,0,0,sha256:57a15e2e5099fd461ecff0b5cd91c0889b8389dbe477d38947a211ec5c805fa3,sha256:57a15e2e5099fd461ecff0b5cd91c0889b8389dbe477d38947a211ec5c805fa3,sha256:0e590a5f5c2a626952305ebf8b3619defb6eb9dae5174d682208e78008694226,dup_249275419df121c227f2,1,[],public,public,manual_comment_sample,Selected public sample only. Not full-platform coverage. Not full-web coverage. Not full-thread coverage.,"{""asset_id"":""local-snapshot-src_weibo_03-comment-3-4"",""run_id"":"""",""task_id"":"""",""source_path"":"""",""record_type"":""comment"",""field_score"":0,""keyword"":"""",""entity_ids"":[]}","{""normalized_from"":""opencrawler_local_asset"",""source_record_id"":""local-snapshot-src_weibo_03-comment-3-4"",""source_type"":""social_platform"",""acquisition_mode"":""manual_url"",""normalized_at"":""2026-06-17T12:10:16.502Z"",""warnings"":[]}",false,false,,ordinary_user,,anti_conflict_fatigue,youth_training_model,unknown,unknown,unknown,unknown,fatigue,fatigue,fatigue_cluster,26
sgv1_98918dc59a2d8660217864ff,donglu_sunjihai_youth_football_202606,weibo,social_platform,manual_url,external_agent_assisted,source_url_provided_unverified,medium_low,0.45,review_needed,comment,,,?????????????????????? ??03-05?,zh-CN,https://s.weibo.com/weibo?q=%E8%91%A3%E8%B7%AF%20%E5%AD%99%E7%BB%A7%E6%B5%B7%20%E9%9D%92%E8%AE%AD&sample=03,https://s.weibo.com/weibo?q=%E8%91%A3%E8%B7%AF%20%E5%AD%99%E7%BB%A7%E6%B5%B7%20%E9%9D%92%E8%AE%AD&sample=03,src_weibo_03,,2026-06-09T13:00:00.000Z,2026-06-17T12:10:16.488Z,,sha256_platform_case_salt,unknown,true,true,,15,8,0,0,sha256:0df6c744619e290f2bbef0cdd6d0e29732d92c1a4c0a38b6cf952353b220f7bb,sha256:0df6c744619e290f2bbef0cdd6d0e29732d92c1a4c0a38b6cf952353b220f7bb,sha256:0e590a5f5c2a626952305ebf8b3619defb6eb9dae5174d682208e78008694226,dup_8571f326575604bff546,1,[],public,public,manual_comment_sample,Selected public sample only. Not full-platform coverage. Not full-web coverage. Not full-thread coverage.,"{""asset_id"":""local-snapshot-src_weibo_03-comment-3-5"",""run_id"":"""",""task_id"":"""",""source_path"":"""",""record_type"":""comment"",""field_score"":0,""keyword"":"""",""entity_ids"":[]}","{""normalized_from"":""opencrawler_local_asset"",""source_record_id"":""local-snapshot-src_weibo_03-comment-3-5"",""source_type"":""social_platform"",""acquisition_mode"":""manual_url"",""normalized_at"":""2026-06-17T12:10:16.502Z"",""warnings"":[]}",false,false,,ordinary_user,,media_context,contract_or_responsibility_dispute,unknown,unknown,unknown,unknown,bridge,neutral,media_context_reader,31
sgv1_57c6335628d9fdecd951ddd8,donglu_sunjihai_youth_football_202606,weibo,social_platform,manual_url,external_agent_assisted,source_url_provided_unverified,medium_low,0.45,review_needed,comment,,,??????????????????????? ??03-06?,zh-CN,https://s.weibo.com/weibo?q=%E8%91%A3%E8%B7%AF%20%E5%AD%99%E7%BB%A7%E6%B5%B7%20%E9%9D%92%E8%AE%AD&sample=03,https://s.weibo.com/weibo?q=%E8%91%A3%E8%B7%AF%20%E5%AD%99%E7%BB%A7%E6%B5%B7%20%E9%9D%92%E8%AE%AD&sample=03,src_weibo_03,,2026-06-10T14:00:00.000Z,2026-06-17T12:10:16.489Z,,sha256_platform_case_salt,unknown,true,true,,18,9,0,0,sha256:8cbd2a5f666e2d6dd5802b231f364a2ae43d2f70daf7ff8452b2ab9920229687,sha256:8cbd2a5f666e2d6dd5802b231f364a2ae43d2f70daf7ff8452b2ab9920229687,sha256:0e590a5f5c2a626952305ebf8b3619defb6eb9dae5174d682208e78008694226,dup_f94e790d532f56d6e05d,1,[],public,public,manual_comment_sample,Selected public sample only. Not full-platform coverage. Not full-web coverage. Not full-thread coverage.,"{""asset_id"":""local-snapshot-src_weibo_03-comment-3-6"",""run_id"":"""",""task_id"":"""",""source_path"":"""",""record_type"":""comment"",""field_score"":0,""keyword"":"""",""entity_ids"":[]}","{""normalized_from"":""opencrawler_local_asset"",""source_record_id"":""local-snapshot-src_weibo_03-comment-3-6"",""source_type"":""social_platform"",""acquisition_mode"":""manual_url"",""normalized_at"":""2026-06-17T12:10:16.502Z"",""warnings"":[]}",false,false,,ordinary_user,,extreme_attack_or_trolling,public_response,unknown,unknown,unknown,unknown,isolated_extreme,anger,isolated_extreme_cluster,36
sgv1_e6f4df26a43603aa714a8eb7,donglu_sunjihai_youth_football_202606,weibo,social_platform,manual_url,external_agent_assisted,source_url_provided_unverified,medium_low,0.45,review_needed,comment,,,????????????????? ??03-07?,zh-CN,https://s.weibo.com/weibo?q=%E8%91%A3%E8%B7%AF%20%E5%AD%99%E7%BB%A7%E6%B5%B7%20%E9%9D%92%E8%AE%AD&sample=03,https://s.weibo.com/weibo?q=%E8%91%A3%E8%B7%AF%20%E5%AD%99%E7%BB%A7%E6%B5%B7%20%E9%9D%92%E8%AE%AD&sample=03,src_weibo_03,,2026-06-11T15:00:00.000Z,2026-06-17T12:10:16.489Z,,sha256_platform_case_salt,unknown,true,true,,21,10,0,0,sha256:aadc8f83adb242049ae23a1f24fed0bfd61b3eadba3910a5508ec4ffe5a0ffc6,sha256:aadc8f83adb242049ae23a1f24fed0bfd61b3eadba3910a5508ec4ffe5a0ffc6,sha256:0e590a5f5c2a626952305ebf8b3619defb6eb9dae5174d682208e78008694226,dup_ea7eb986d24eb9d9d656,1,[],public,public,manual_comment_sample,Selected public sample only. Not full-platform coverage. Not full-web coverage. Not full-thread coverage.,"{""asset_id"":""local-snapshot-src_weibo_03-comment-3-7"",""run_id"":"""",""task_id"":"""",""source_path"":"""",""record_type"":""comment"",""field_score"":0,""keyword"":"""",""entity_ids"":[]}","{""normalized_from"":""opencrawler_local_asset"",""source_record_id"":""local-snapshot-src_weibo_03-comment-3-7"",""source_type"":""social_platform"",""acquisition_mode"":""manual_url"",""normalized_at"":""2026-06-17T12:10:16.502Z"",""warnings"":[]}",false,false,,ordinary_user,,unknown,media_reframing,unknown,unknown,unknown,unknown,unknown,unknown,unknown,41
sgv1_1bd4eea370aac171cbb906a7,donglu_sunjihai_youth_football_202606,weibo,social_platform,manual_url,external_agent_assisted,source_url_provided_unverified,medium_low,0.45,review_needed,comment,,,???????????????????????? ??03-08?,zh-CN,https://s.weibo.com/weibo?q=%E8%91%A3%E8%B7%AF%20%E5%AD%99%E7%BB%A7%E6%B5%B7%20%E9%9D%92%E8%AE%AD&sample=03,https://s.weibo.com/weibo?q=%E8%91%A3%E8%B7%AF%20%E5%AD%99%E7%BB%A7%E6%B5%B7%20%E9%9D%92%E8%AE%AD&sample=03,src_weibo_03,,2026-06-12T16:00:00.000Z,2026-06-17T12:10:16.489Z,,sha256_platform_case_salt,unknown,true,true,,24,11,0,0,sha256:fa12333fb6f7baa1f685609c4fd72a0099988a286d9b96efafd50ae8040e748f,sha256:fa12333fb6f7baa1f685609c4fd72a0099988a286d9b96efafd50ae8040e748f,sha256:0e590a5f5c2a626952305ebf8b3619defb6eb9dae5174d682208e78008694226,dup_f9eca34817720bca0268,1,[],public,public,manual_comment_sample,Selected public sample only. Not full-platform coverage. Not full-web coverage. Not full-thread coverage.,"{""asset_id"":""local-snapshot-src_weibo_03-comment-3-8"",""run_id"":"""",""task_id"":"""",""source_path"":"""",""record_type"":""comment"",""field_score"":0,""keyword"":"""",""entity_ids"":[]}","{""normalized_from"":""opencrawler_local_asset"",""source_record_id"":""local-snapshot-src_weibo_03-comment-3-8"",""source_type"":""social_platform"",""acquisition_mode"":""manual_url"",""normalized_at"":""2026-06-17T12:10:16.502Z"",""warnings"":[]}",false,false,,ordinary_user,,support_donglu_view,fan_community_reaction,unknown,unknown,unknown,unknown,core_support,curiosity,route_supporter_donglu,46
sgv1_2106d1318ebb1f180bb8be81,donglu_sunjihai_youth_football_202606,weibo,social_platform,manual_url,external_agent_assisted,source_url_provided_unverified,medium_low,0.45,review_needed,comment,,,?????????????????????????? ??03-09?,zh-CN,https://s.weibo.com/weibo?q=%E8%91%A3%E8%B7%AF%20%E5%AD%99%E7%BB%A7%E6%B5%B7%20%E9%9D%92%E8%AE%AD&sample=03,https://s.weibo.com/weibo?q=%E8%91%A3%E8%B7%AF%20%E5%AD%99%E7%BB%A7%E6%B5%B7%20%E9%9D%92%E8%AE%AD&sample=03,src_weibo_03,,2026-06-13T17:00:00.000Z,2026-06-17T12:10:16.489Z,,sha256_platform_case_salt,unknown,true,true,,27,12,0,0,sha256:98087b6b14145726da0bd3a5bbfc6eb2c7a9ae502e77eddee72e209fe6d1fdf5,sha256:98087b6b14145726da0bd3a5bbfc6eb2c7a9ae502e77eddee72e209fe6d1fdf5,sha256:0e590a5f5c2a626952305ebf8b3619defb6eb9dae5174d682208e78008694226,dup_167285eca87174f0435a,1,[],public,public,manual_comment_sample,Selected public sample only. Not full-platform coverage. Not full-web coverage. Not full-thread coverage.,"{""asset_id"":""local-snapshot-src_weibo_03-comment-3-9"",""run_id"":"""",""task_id"":"""",""source_path"":"""",""record_type"":""comment"",""field_score"":0,""keyword"":"""",""entity_ids"":[]}","{""normalized_from"":""opencrawler_local_asset"",""source_record_id"":""local-snapshot-src_weibo_03-comment-3-9"",""source_type"":""social_platform"",""acquisition_mode"":""manual_url"",""normalized_at"":""2026-06-17T12:10:16.502Z"",""warnings"":[]}",false,false,,ordinary_user,,support_sunjihai_view,children_protection_boundary,unknown,unknown,unknown,unknown,core_support,curiosity,route_supporter_sunjihai,51
sgv1_920b523a8bd47ce95a1d807e,donglu_sunjihai_youth_football_202606,weibo,social_platform,manual_url,external_agent_assisted,source_url_provided_unverified,medium_low,0.45,review_needed,comment,,,???????????????????????????? ??03-10?,zh-CN,https://s.weibo.com/weibo?q=%E8%91%A3%E8%B7%AF%20%E5%AD%99%E7%BB%A7%E6%B5%B7%20%E9%9D%92%E8%AE%AD&sample=03,https://s.weibo.com/weibo?q=%E8%91%A3%E8%B7%AF%20%E5%AD%99%E7%BB%A7%E6%B5%B7%20%E9%9D%92%E8%AE%AD&sample=03,src_weibo_03,,2026-06-14T18:00:00.000Z,2026-06-17T12:10:16.489Z,,sha256_platform_case_salt,unknown,true,true,,30,13,0,0,sha256:c1f5e55db8365d74b695ff9b7ae4dbc7dab51cb8e59042595223b0be303fb626,sha256:c1f5e55db8365d74b695ff9b7ae4dbc7dab51cb8e59042595223b0be303fb626,sha256:0e590a5f5c2a626952305ebf8b3619defb6eb9dae5174d682208e78008694226,dup_e072fa1a3da8dc406970,1,[],public,public,manual_comment_sample,Selected public sample only. Not full-platform coverage. Not full-web coverage. Not full-thread coverage.,"{""asset_id"":""local-snapshot-src_weibo_03-comment-3-10"",""run_id"":"""",""task_id"":"""",""source_path"":"""",""record_type"":""comment"",""field_score"":0,""keyword"":"""",""entity_ids"":[]}","{""normalized_from"":""opencrawler_local_asset"",""source_record_id"":""local-snapshot-src_weibo_03-comment-3-10"",""source_type"":""social_platform"",""acquisition_mode"":""manual_url"",""normalized_at"":""2026-06-17T12:10:16.502Z"",""warnings"":[]}",false,false,,ordinary_user,,neutral_process_focused,chinese_football_reputation,unknown,unknown,unknown,unknown,bridge,neutral,process_observer,56
sgv1_dc75959bc34a294b1dd20836,donglu_sunjihai_youth_football_202606,weibo,social_platform,manual_url,external_agent_assisted,source_url_provided_unverified,medium_low,0.45,review_needed,comment,,,?????????????????????? ??03-11?,zh-CN,https://s.weibo.com/weibo?q=%E8%91%A3%E8%B7%AF%20%E5%AD%99%E7%BB%A7%E6%B5%B7%20%E9%9D%92%E8%AE%AD&sample=03,https://s.weibo.com/weibo?q=%E8%91%A3%E8%B7%AF%20%E5%AD%99%E7%BB%A7%E6%B5%B7%20%E9%9D%92%E8%AE%AD&sample=03,src_weibo_03,,2026-06-01T19:00:00.000Z,2026-06-17T12:10:16.489Z,,sha256_platform_case_salt,unknown,true,true,,33,14,0,0,sha256:dfeafb64eb6364e82baa8c346c277e0bb175d26db79954849d7d5b6c999829eb,sha256:dfeafb64eb6364e82baa8c346c277e0bb175d26db79954849d7d5b6c999829eb,sha256:0e590a5f5c2a626952305ebf8b3619defb6eb9dae5174d682208e78008694226,dup_f9b5e19fc58fdc569d78,1,[],public,public,manual_comment_sample,Selected public sample only. Not full-platform coverage. Not full-web coverage. Not full-thread coverage.,"{""asset_id"":""local-snapshot-src_weibo_03-comment-3-11"",""run_id"":"""",""task_id"":"""",""source_path"":"""",""record_type"":""comment"",""field_score"":0,""keyword"":"""",""entity_ids"":[]}","{""normalized_from"":""opencrawler_local_asset"",""source_record_id"":""local-snapshot-src_weibo_03-comment-3-11"",""source_type"":""social_platform"",""acquisition_mode"":""manual_url"",""normalized_at"":""2026-06-17T12:10:16.502Z"",""warnings"":[]}",false,false,,ordinary_user,,youth_training_concern,platform_discussion,unknown,unknown,unknown,unknown,neutral,concern,youth_training_concern_cluster,61
sgv1_b1d24fbb51f157ec449fb1ac,donglu_sunjihai_youth_football_202606,weibo,social_platform,manual_url,external_agent_assisted,source_url_provided_unverified,medium_low,0.45,review_needed,comment,,,???????????????????????? ??03-12?,zh-CN,https://s.weibo.com/weibo?q=%E8%91%A3%E8%B7%AF%20%E5%AD%99%E7%BB%A7%E6%B5%B7%20%E9%9D%92%E8%AE%AD&sample=03,https://s.weibo.com/weibo?q=%E8%91%A3%E8%B7%AF%20%E5%AD%99%E7%BB%A7%E6%B5%B7%20%E9%9D%92%E8%AE%AD&sample=03,src_weibo_03,,2026-06-02T20:00:00.000Z,2026-06-17T12:10:16.489Z,,sha256_platform_case_salt,unknown,true,true,,36,15,0,0,sha256:ea745f13c0f8851d8b4638d064069574e9f9a4e67e577820e978ab49c419509d,sha256:ea745f13c0f8851d8b4638d064069574e9f9a4e67e577820e978ab49c419509d,sha256:0e590a5f5c2a626952305ebf8b3619defb6eb9dae5174d682208e78008694226,dup_8274256f1db54bf5966d,1,[],public,public,manual_comment_sample,Selected public sample only. Not full-platform coverage. Not full-web coverage. Not full-thread coverage.,"{""asset_id"":""local-snapshot-src_weibo_03-comment-3-12"",""run_id"":"""",""task_id"":"""",""source_path"":"""",""record_type"":""comment"",""field_score"":0,""keyword"":"""",""entity_ids"":[]}","{""normalized_from"":""opencrawler_local_asset"",""source_record_id"":""local-snapshot-src_weibo_03-comment-3-12"",""source_type"":""social_platform"",""acquisition_mode"":""manual_url"",""normalized_at"":""2026-06-17T12:10:16.502Z"",""warnings"":[]}",false,false,,ordinary_user,,anti_conflict_fatigue,extreme_cluster_or_trolling,unknown,unknown,unknown,unknown,fatigue,fatigue,fatigue_cluster,66
sgv1_e2124b36f5c37d7e37aeae72,donglu_sunjihai_youth_football_202606,weibo,social_platform,manual_url,external_agent_assisted,source_url_provided_unverified,medium_low,0.45,review_needed,comment,,,????????????????????????? ??03-13?,zh-CN,https://s.weibo.com/weibo?q=%E8%91%A3%E8%B7%AF%20%E5%AD%99%E7%BB%A7%E6%B5%B7%20%E9%9D%92%E8%AE%AD&sample=03,https://s.weibo.com/weibo?q=%E8%91%A3%E8%B7%AF%20%E5%AD%99%E7%BB%A7%E6%B5%B7%20%E9%9D%92%E8%AE%AD&sample=03,src_weibo_03,,2026-06-03T21:00:00.000Z,2026-06-17T12:10:16.489Z,,sha256_platform_case_salt,unknown,true,true,,39,16,0,0,sha256:57537a10d91bacb09b053ea1878417fe590b24e9fb3c6ea0b20e346fe7987907,sha256:57537a10d91bacb09b053ea1878417fe590b24e9fb3c6ea0b20e346fe7987907,sha256:0e590a5f5c2a626952305ebf8b3619defb6eb9dae5174d682208e78008694226,dup_957c09c86d708b17a8d5,1,[],public,public,manual_comment_sample,Selected public sample only. Not full-platform coverage. Not full-web coverage. Not full-thread coverage.,"{""asset_id"":""local-snapshot-src_weibo_03-comment-3-13"",""run_id"":"""",""task_id"":"""",""source_path"":"""",""record_type"":""comment"",""field_score"":0,""keyword"":"""",""entity_ids"":[]}","{""normalized_from"":""opencrawler_local_asset"",""source_record_id"":""local-snapshot-src_weibo_03-comment-3-13"",""source_type"":""social_platform"",""acquisition_mode"":""manual_url"",""normalized_at"":""2026-06-17T12:10:16.502Z"",""warnings"":[]}",false,false,,ordinary_user,,media_context,unknown,unknown,unknown,unknown,unknown,bridge,neutral,media_context_reader,71
sgv1_ed7c88c1b0e44f40c72fb71a,donglu_sunjihai_youth_football_202606,weibo,social_platform,manual_url,external_agent_assisted,source_url_provided_unverified,medium_low,0.45,review_needed,comment,,,??????????????????????? ??03-14?,zh-CN,https://s.weibo.com/weibo?q=%E8%91%A3%E8%B7%AF%20%E5%AD%99%E7%BB%A7%E6%B5%B7%20%E9%9D%92%E8%AE%AD&sample=03,https://s.weibo.com/weibo?q=%E8%91%A3%E8%B7%AF%20%E5%AD%99%E7%BB%A7%E6%B5%B7%20%E9%9D%92%E8%AE%AD&sample=03,src_weibo_03,,2026-06-04T22:00:00.000Z,2026-06-17T12:10:16.489Z,,sha256_platform_case_salt,unknown,true,true,,42,17,0,0,sha256:4bc733d8697706773ac8f65599475d086f6b49025c7659c2f3c490756e6868dc,sha256:4bc733d8697706773ac8f65599475d086f6b49025c7659c2f3c490756e6868dc,sha256:0e590a5f5c2a626952305ebf8b3619defb6eb9dae5174d682208e78008694226,dup_5da5a21916976f5affe5,1,[],public,public,manual_comment_sample,Selected public sample only. Not full-platform coverage. Not full-web coverage. Not full-thread coverage.,"{""asset_id"":""local-snapshot-src_weibo_03-comment-3-14"",""run_id"":"""",""task_id"":"""",""source_path"":"""",""record_type"":""comment"",""field_score"":0,""keyword"":"""",""entity_ids"":[]}","{""normalized_from"":""opencrawler_local_asset"",""source_record_id"":""local-snapshot-src_weibo_03-comment-3-14"",""source_type"":""social_platform"",""acquisition_mode"":""manual_url"",""normalized_at"":""2026-06-17T12:10:16.502Z"",""warnings"":[]}",false,false,,ordinary_user,,extreme_attack_or_trolling,youth_training_model,unknown,unknown,unknown,unknown,isolated_extreme,anger,isolated_extreme_cluster,76
sgv1_8ef7c6d81300068928c8d735,donglu_sunjihai_youth_football_202606,weibo,social_platform,manual_url,external_agent_assisted,source_url_provided_unverified,medium_low,0.45,review_needed,comment,,,????????????????????? ??03-15?,zh-CN,https://s.weibo.com/weibo?q=%E8%91%A3%E8%B7%AF%20%E5%AD%99%E7%BB%A7%E6%B5%B7%20%E9%9D%92%E8%AE%AD&sample=03,https://s.weibo.com/weibo?q=%E8%91%A3%E8%B7%AF%20%E5%AD%99%E7%BB%A7%E6%B5%B7%20%E9%9D%92%E8%AE%AD&sample=03,src_weibo_03,,2026-06-05T23:00:00.000Z,2026-06-17T12:10:16.489Z,,sha256_platform_case_salt,unknown,true,true,,45,0,0,0,sha256:94f738ff4f3917df5a059c824fc962c8c7afec97233a31bd0c433887ed9318c4,sha256:94f738ff4f3917df5a059c824fc962c8c7afec97233a31bd0c433887ed9318c4,sha256:0e590a5f5c2a626952305ebf8b3619defb6eb9dae5174d682208e78008694226,dup_4698eb6610afd197001e,1,[],public,public,manual_comment_sample,Selected public sample only. Not full-platform coverage. Not full-web coverage. Not full-thread coverage.,"{""asset_id"":""local-snapshot-src_weibo_03-comment-3-15"",""run_id"":"""",""task_id"":"""",""source_path"":"""",""record_type"":""comment"",""field_score"":0,""keyword"":"""",""entity_ids"":[]}","{""normalized_from"":""opencrawler_local_asset"",""source_record_id"":""local-snapshot-src_weibo_03-comment-3-15"",""source_type"":""social_platform"",""acquisition_mode"":""manual_url"",""normalized_at"":""2026-06-17T12:10:16.502Z"",""warnings"":[]}",false,false,,ordinary_user,,unknown,contract_or_responsibility_dispute,unknown,unknown,unknown,unknown,unknown,unknown,unknown,45
sgv1_bb2949272add88f5fe0f6ca8,donglu_sunjihai_youth_football_202606,weibo,social_platform,manual_url,external_agent_assisted,source_url_provided_unverified,medium_low,0.45,review_needed,comment,,,??????????????????????????? ??03-16?,zh-CN,https://s.weibo.com/weibo?q=%E8%91%A3%E8%B7%AF%20%E5%AD%99%E7%BB%A7%E6%B5%B7%20%E9%9D%92%E8%AE%AD&sample=03,https://s.weibo.com/weibo?q=%E8%91%A3%E8%B7%AF%20%E5%AD%99%E7%BB%A7%E6%B5%B7%20%E9%9D%92%E8%AE%AD&sample=03,src_weibo_03,,2026-06-06T00:00:00.000Z,2026-06-17T12:10:16.489Z,,sha256_platform_case_salt,unknown,true,true,,48,1,0,0,sha256:15105706a549b36d4d5ccdc44bfbf07ef996e1bf82e6e8496c75153e364b983b,sha256:15105706a549b36d4d5ccdc44bfbf07ef996e1bf82e6e8496c75153e364b983b,sha256:0e590a5f5c2a626952305ebf8b3619defb6eb9dae5174d682208e78008694226,dup_bbf1f9954a70cdd91ee4,1,[],public,public,manual_comment_sample,Selected public sample only. Not full-platform coverage. Not full-web coverage. Not full-thread coverage.,"{""asset_id"":""local-snapshot-src_weibo_03-comment-3-16"",""run_id"":"""",""task_id"":"""",""source_path"":"""",""record_type"":""comment"",""field_score"":0,""keyword"":"""",""entity_ids"":[]}","{""normalized_from"":""opencrawler_local_asset"",""source_record_id"":""local-snapshot-src_weibo_03-comment-3-16"",""source_type"":""social_platform"",""acquisition_mode"":""manual_url"",""normalized_at"":""2026-06-17T12:10:16.502Z"",""warnings"":[]}",false,false,,ordinary_user,,support_donglu_view,public_response,unknown,unknown,unknown,unknown,core_support,curiosity,route_supporter_donglu,50
sgv1_4293f84cf7b563b7cb8f6315,donglu_sunjihai_youth_football_202606,weibo,social_platform,manual_url,external_agent_assisted,source_url_provided_unverified,medium_low,0.45,review_needed,comment,,,??????????????????? ??04-01?,zh-CN,https://s.weibo.com/weibo?q=%E8%91%A3%E8%B7%AF%20%E5%AD%99%E7%BB%A7%E6%B5%B7%20%E9%9D%92%E8%AE%AD&sample=04,https://s.weibo.com/weibo?q=%E8%91%A3%E8%B7%AF%20%E5%AD%99%E7%BB%A7%E6%B5%B7%20%E9%9D%92%E8%AE%AD&sample=04,src_weibo_04,,2026-06-06T09:00:00.000Z,2026-06-17T12:10:16.489Z,,sha256_platform_case_salt,unknown,true,true,,4,5,0,0,sha256:b8de3ab6e11efd822f91e860316513adac39d2c1f5cec7a4bf7d53173240ae1f,sha256:b8de3ab6e11efd822f91e860316513adac39d2c1f5cec7a4bf7d53173240ae1f,sha256:31aff54b61b9aa3c3c01f9e909fbb3fb3a75269d8330adb0172f4a3ba12748a2,dup_5efa71359ab2da8d2576,1,[],public,public,manual_comment_sample,Selected public sample only. Not full-platform coverage. Not full-web coverage. Not full-thread coverage.,"{""asset_id"":""local-snapshot-src_weibo_04-comment-4-1"",""run_id"":"""",""task_id"":"""",""source_path"":"""",""record_type"":""comment"",""field_score"":0,""keyword"":"""",""entity_ids"":[]}","{""normalized_from"":""opencrawler_local_asset"",""source_record_id"":""local-snapshot-src_weibo_04-comment-4-1"",""source_type"":""social_platform"",""acquisition_mode"":""manual_url"",""normalized_at"":""2026-06-17T12:10:16.502Z"",""warnings"":[]}",false,false,,ordinary_user,,neutral_process_focused,unknown,unknown,unknown,unknown,unknown,bridge,neutral,process_observer,14
sgv1_fd4c71efb7a4e50c7af7e73a,donglu_sunjihai_youth_football_202606,weibo,social_platform,manual_url,external_agent_assisted,source_url_provided_unverified,medium_low,0.45,review_needed,comment,,,??????????????????????????? ??04-02?,zh-CN,https://s.weibo.com/weibo?q=%E8%91%A3%E8%B7%AF%20%E5%AD%99%E7%BB%A7%E6%B5%B7%20%E9%9D%92%E8%AE%AD&sample=04,https://s.weibo.com/weibo?q=%E8%91%A3%E8%B7%AF%20%E5%AD%99%E7%BB%A7%E6%B5%B7%20%E9%9D%92%E8%AE%AD&sample=04,src_weibo_04,,2026-06-07T10:00:00.000Z,2026-06-17T12:10:16.489Z,,sha256_platform_case_salt,unknown,true,true,,8,6,0,0,sha256:bd5725a5e5516ed94df224cc79f24db056444da29bc262769f36c4259a18b3bc,sha256:bd5725a5e5516ed94df224cc79f24db056444da29bc262769f36c4259a18b3bc,sha256:31aff54b61b9aa3c3c01f9e909fbb3fb3a75269d8330adb0172f4a3ba12748a2,dup_8ab094a7e041fcc61432,1,[],public,public,manual_comment_sample,Selected public sample only. Not full-platform coverage. Not full-web coverage. Not full-thread coverage.,"{""asset_id"":""local-snapshot-src_weibo_04-comment-4-2"",""run_id"":"""",""task_id"":"""",""source_path"":"""",""record_type"":""comment"",""field_score"":0,""keyword"":"""",""entity_ids"":[]}","{""normalized_from"":""opencrawler_local_asset"",""source_record_id"":""local-snapshot-src_weibo_04-comment-4-2"",""source_type"":""social_platform"",""acquisition_mode"":""manual_url"",""normalized_at"":""2026-06-17T12:10:16.502Z"",""warnings"":[]}",false,false,,ordinary_user,,youth_training_concern,youth_training_model,unknown,unknown,unknown,unknown,neutral,concern,youth_training_concern_cluster,20
sgv1_0095641db7cda6bf2daf1407,donglu_sunjihai_youth_football_202606,weibo,social_platform,manual_url,external_agent_assisted,source_url_provided_unverified,medium_low,0.45,review_needed,comment,,,????????????????????? ??04-03?,zh-CN,https://s.weibo.com/weibo?q=%E8%91%A3%E8%B7%AF%20%E5%AD%99%E7%BB%A7%E6%B5%B7%20%E9%9D%92%E8%AE%AD&sample=04,https://s.weibo.com/weibo?q=%E8%91%A3%E8%B7%AF%20%E5%AD%99%E7%BB%A7%E6%B5%B7%20%E9%9D%92%E8%AE%AD&sample=04,src_weibo_04,,2026-06-08T11:00:00.000Z,2026-06-17T12:10:16.489Z,,sha256_platform_case_salt,unknown,true,true,,12,7,0,0,sha256:368c2e9ab28ba1e470826c1906f59a66f2fa4cc53e431c775861c48cc70030a3,sha256:368c2e9ab28ba1e470826c1906f59a66f2fa4cc53e431c775861c48cc70030a3,sha256:31aff54b61b9aa3c3c01f9e909fbb3fb3a75269d8330adb0172f4a3ba12748a2,dup_9536200d286407690c26,1,[],public,public,manual_comment_sample,Selected public sample only. Not full-platform coverage. Not full-web coverage. Not full-thread coverage.,"{""asset_id"":""local-snapshot-src_weibo_04-comment-4-3"",""run_id"":"""",""task_id"":"""",""source_path"":"""",""record_type"":""comment"",""field_score"":0,""keyword"":"""",""entity_ids"":[]}","{""normalized_from"":""opencrawler_local_asset"",""source_record_id"":""local-snapshot-src_weibo_04-comment-4-3"",""source_type"":""social_platform"",""acquisition_mode"":""manual_url"",""normalized_at"":""2026-06-17T12:10:16.502Z"",""warnings"":[]}",false,false,,ordinary_user,,anti_conflict_fatigue,contract_or_responsibility_dispute,unknown,unknown,unknown,unknown,fatigue,fatigue,fatigue_cluster,26
sgv1_2ff1d92197424c022b33c48a,donglu_sunjihai_youth_football_202606,weibo,social_platform,manual_url,external_agent_assisted,source_url_provided_unverified,medium_low,0.45,review_needed,comment,,,?????????????????????? ??04-04?,zh-CN,https://s.weibo.com/weibo?q=%E8%91%A3%E8%B7%AF%20%E5%AD%99%E7%BB%A7%E6%B5%B7%20%E9%9D%92%E8%AE%AD&sample=04,https://s.weibo.com/weibo?q=%E8%91%A3%E8%B7%AF%20%E5%AD%99%E7%BB%A7%E6%B5%B7%20%E9%9D%92%E8%AE%AD&sample=04,src_weibo_04,,2026-06-09T12:00:00.000Z,2026-06-17T12:10:16.489Z,,sha256_platform_case_salt,unknown,true,true,,16,8,0,0,sha256:0122a11ed91bcea2198ba63b0565a867336065eb1efa14c2e75ef4387d917c1b,sha256:0122a11ed91bcea2198ba63b0565a867336065eb1efa14c2e75ef4387d917c1b,sha256:31aff54b61b9aa3c3c01f9e909fbb3fb3a75269d8330adb0172f4a3ba12748a2,dup_cda2f47e4829e4500936,1,[],public,public,manual_comment_sample,Selected public sample only. Not full-platform coverage. Not full-web coverage. Not full-thread coverage.,"{""asset_id"":""local-snapshot-src_weibo_04-comment-4-4"",""run_id"":"""",""task_id"":"""",""source_path"":"""",""record_type"":""comment"",""field_score"":0,""keyword"":"""",""entity_ids"":[]}","{""normalized_from"":""opencrawler_local_asset"",""source_record_id"":""local-snapshot-src_weibo_04-comment-4-4"",""source_type"":""social_platform"",""acquisition_mode"":""manual_url"",""normalized_at"":""2026-06-17T12:10:16.502Z"",""warnings"":[]}",false,false,,ordinary_user,,media_context,public_response,unknown,unknown,unknown,unknown,bridge,neutral,media_context_reader,32
sgv1_b405750ed3c1b5fb25228482,donglu_sunjihai_youth_football_202606,weibo,social_platform,manual_url,external_agent_assisted,source_url_provided_unverified,medium_low,0.45,review_needed,comment,,,??????????????????????? ??04-05?,zh-CN,https://s.weibo.com/weibo?q=%E8%91%A3%E8%B7%AF%20%E5%AD%99%E7%BB%A7%E6%B5%B7%20%E9%9D%92%E8%AE%AD&sample=04,https://s.weibo.com/weibo?q=%E8%91%A3%E8%B7%AF%20%E5%AD%99%E7%BB%A7%E6%B5%B7%20%E9%9D%92%E8%AE%AD&sample=04,src_weibo_04,,2026-06-10T13:00:00.000Z,2026-06-17T12:10:16.489Z,,sha256_platform_case_salt,unknown,true,true,,20,9,0,0,sha256:6a2c56656e78f2bf1f62e43ae7830ff8e321ca91f324987d432410ee9aa3cd05,sha256:6a2c56656e78f2bf1f62e43ae7830ff8e321ca91f324987d432410ee9aa3cd05,sha256:31aff54b61b9aa3c3c01f9e909fbb3fb3a75269d8330adb0172f4a3ba12748a2,dup_e6814e9b39dfa51b711c,1,[],public,public,manual_comment_sample,Selected public sample only. Not full-platform coverage. Not full-web coverage. Not full-thread coverage.,"{""asset_id"":""local-snapshot-src_weibo_04-comment-4-5"",""run_id"":"""",""task_id"":"""",""source_path"":"""",""record_type"":""comment"",""field_score"":0,""keyword"":"""",""entity_ids"":[]}","{""normalized_from"":""opencrawler_local_asset"",""source_record_id"":""local-snapshot-src_weibo_04-comment-4-5"",""source_type"":""social_platform"",""acquisition_mode"":""manual_url"",""normalized_at"":""2026-06-17T12:10:16.502Z"",""warnings"":[]}",false,false,,ordinary_user,,extreme_attack_or_trolling,media_reframing,unknown,unknown,unknown,unknown,isolated_extreme,anger,isolated_extreme_cluster,38
sgv1_0073c6ebc7d80de3909b79c9,donglu_sunjihai_youth_football_202606,weibo,social_platform,manual_url,external_agent_assisted,source_url_provided_unverified,medium_low,0.45,review_needed,comment,,,????????????????? ??04-06?,zh-CN,https://s.weibo.com/weibo?q=%E8%91%A3%E8%B7%AF%20%E5%AD%99%E7%BB%A7%E6%B5%B7%20%E9%9D%92%E8%AE%AD&sample=04,https://s.weibo.com/weibo?q=%E8%91%A3%E8%B7%AF%20%E5%AD%99%E7%BB%A7%E6%B5%B7%20%E9%9D%92%E8%AE%AD&sample=04,src_weibo_04,,2026-06-11T14:00:00.000Z,2026-06-17T12:10:16.489Z,,sha256_platform_case_salt,unknown,true,true,,24,10,0,0,sha256:6fd4fe7914613a1e8bd4dc3b133b3b4e8c12d9a23c7d8622844b39dcac7ded80,sha256:6fd4fe7914613a1e8bd4dc3b133b3b4e8c12d9a23c7d8622844b39dcac7ded80,sha256:31aff54b61b9aa3c3c01f9e909fbb3fb3a75269d8330adb0172f4a3ba12748a2,dup_ff6dd68539a09c869cad,1,[],public,public,manual_comment_sample,Selected public sample only. Not full-platform coverage. Not full-web coverage. Not full-thread coverage.,"{""asset_id"":""local-snapshot-src_weibo_04-comment-4-6"",""run_id"":"""",""task_id"":"""",""source_path"":"""",""record_type"":""comment"",""field_score"":0,""keyword"":"""",""entity_ids"":[]}","{""normalized_from"":""opencrawler_local_asset"",""source_record_id"":""local-snapshot-src_weibo_04-comment-4-6"",""source_type"":""social_platform"",""acquisition_mode"":""manual_url"",""normalized_at"":""2026-06-17T12:10:16.502Z"",""warnings"":[]}",false,false,,ordinary_user,,unknown,fan_community_reaction,unknown,unknown,unknown,unknown,unknown,unknown,unknown,44
sgv1_dda5396033f4ceb4d143cc61,donglu_sunjihai_youth_football_202606,weibo,social_platform,manual_url,external_agent_assisted,source_url_provided_unverified,medium_low,0.45,review_needed,comment,,,???????????????????????? ??04-07?,zh-CN,https://s.weibo.com/weibo?q=%E8%91%A3%E8%B7%AF%20%E5%AD%99%E7%BB%A7%E6%B5%B7%20%E9%9D%92%E8%AE%AD&sample=04,https://s.weibo.com/weibo?q=%E8%91%A3%E8%B7%AF%20%E5%AD%99%E7%BB%A7%E6%B5%B7%20%E9%9D%92%E8%AE%AD&sample=04,src_weibo_04,,2026-06-12T15:00:00.000Z,2026-06-17T12:10:16.489Z,,sha256_platform_case_salt,unknown,true,true,,28,11,0,0,sha256:0518c45f0bab30a8136782d34dc3cda4689bc153e3a86078a4835d475821e17f,sha256:0518c45f0bab30a8136782d34dc3cda4689bc153e3a86078a4835d475821e17f,sha256:31aff54b61b9aa3c3c01f9e909fbb3fb3a75269d8330adb0172f4a3ba12748a2,dup_b38bf241cdb5caf35c33,1,[],public,public,manual_comment_sample,Selected public sample only. Not full-platform coverage. Not full-web coverage. Not full-thread coverage.,"{""asset_id"":""local-snapshot-src_weibo_04-comment-4-7"",""run_id"":"""",""task_id"":"""",""source_path"":"""",""record_type"":""comment"",""field_score"":0,""keyword"":"""",""entity_ids"":[]}","{""normalized_from"":""opencrawler_local_asset"",""source_record_id"":""local-snapshot-src_weibo_04-comment-4-7"",""source_type"":""social_platform"",""acquisition_mode"":""manual_url"",""normalized_at"":""2026-06-17T12:10:16.502Z"",""warnings"":[]}",false,false,,ordinary_user,,support_donglu_view,children_protection_boundary,unknown,unknown,unknown,unknown,core_support,curiosity,route_supporter_donglu,50
sgv1_68d714ea947a388b66bb5595,donglu_sunjihai_youth_football_202606,weibo,social_platform,manual_url,external_agent_assisted,source_url_provided_unverified,medium_low,0.45,review_needed,comment,,,?????????????????????????? ??04-08?,zh-CN,https://s.weibo.com/weibo?q=%E8%91%A3%E8%B7%AF%20%E5%AD%99%E7%BB%A7%E6%B5%B7%20%E9%9D%92%E8%AE%AD&sample=04,https://s.weibo.com/weibo?q=%E8%91%A3%E8%B7%AF%20%E5%AD%99%E7%BB%A7%E6%B5%B7%20%E9%9D%92%E8%AE%AD&sample=04,src_weibo_04,,2026-06-13T16:00:00.000Z,2026-06-17T12:10:16.489Z,,sha256_platform_case_salt,unknown,true,true,,32,12,0,0,sha256:5bc9ad541870c38551149255b722d09bb6009111be83e7d7b8d3ac8a6c53485e,sha256:5bc9ad541870c38551149255b722d09bb6009111be83e7d7b8d3ac8a6c53485e,sha256:31aff54b61b9aa3c3c01f9e909fbb3fb3a75269d8330adb0172f4a3ba12748a2,dup_720e78d68b1752c42b93,1,[],public,public,manual_comment_sample,Selected public sample only. Not full-platform coverage. Not full-web coverage. Not full-thread coverage.,"{""asset_id"":""local-snapshot-src_weibo_04-comment-4-8"",""run_id"":"""",""task_id"":"""",""source_path"":"""",""record_type"":""comment"",""field_score"":0,""keyword"":"""",""entity_ids"":[]}","{""normalized_from"":""opencrawler_local_asset"",""source_record_id"":""local-snapshot-src_weibo_04-comment-4-8"",""source_type"":""social_platform"",""acquisition_mode"":""manual_url"",""normalized_at"":""2026-06-17T12:10:16.502Z"",""warnings"":[]}",false,false,,ordinary_user,,support_sunjihai_view,chinese_football_reputation,unknown,unknown,unknown,unknown,core_support,curiosity,route_supporter_sunjihai,56
sgv1_387b94c1508a610982d8bd7c,donglu_sunjihai_youth_football_202606,weibo,social_platform,manual_url,external_agent_assisted,source_url_provided_unverified,medium_low,0.45,review_needed,comment,,,???????????????????????????? ??04-09?,zh-CN,https://s.weibo.com/weibo?q=%E8%91%A3%E8%B7%AF%20%E5%AD%99%E7%BB%A7%E6%B5%B7%20%E9%9D%92%E8%AE%AD&sample=04,https://s.weibo.com/weibo?q=%E8%91%A3%E8%B7%AF%20%E5%AD%99%E7%BB%A7%E6%B5%B7%20%E9%9D%92%E8%AE%AD&sample=04,src_weibo_04,,2026-06-14T17:00:00.000Z,2026-06-17T12:10:16.489Z,,sha256_platform_case_salt,unknown,true,true,,36,13,0,0,sha256:6d3d87027373b02bdd5575692e18afa51bb7afcbb3663e52cff9af54384a430b,sha256:6d3d87027373b02bdd5575692e18afa51bb7afcbb3663e52cff9af54384a430b,sha256:31aff54b61b9aa3c3c01f9e909fbb3fb3a75269d8330adb0172f4a3ba12748a2,dup_50305c177b845d6372a9,1,[],public,public,manual_comment_sample,Selected public sample only. Not full-platform coverage. Not full-web coverage. Not full-thread coverage.,"{""asset_id"":""local-snapshot-src_weibo_04-comment-4-9"",""run_id"":"""",""task_id"":"""",""source_path"":"""",""record_type"":""comment"",""field_score"":0,""keyword"":"""",""entity_ids"":[]}","{""normalized_from"":""opencrawler_local_asset"",""source_record_id"":""local-snapshot-src_weibo_04-comment-4-9"",""source_type"":""social_platform"",""acquisition_mode"":""manual_url"",""normalized_at"":""2026-06-17T12:10:16.502Z"",""warnings"":[]}",false,false,,ordinary_user,,neutral_process_focused,platform_discussion,unknown,unknown,unknown,unknown,bridge,neutral,process_observer,62
sgv1_83184b0ce4d3ef7f956e86d3,donglu_sunjihai_youth_football_202606,weibo,social_platform,manual_url,external_agent_assisted,source_url_provided_unverified,medium_low,0.45,review_needed,comment,,,?????????????????????? ??04-10?,zh-CN,https://s.weibo.com/weibo?q=%E8%91%A3%E8%B7%AF%20%E5%AD%99%E7%BB%A7%E6%B5%B7%20%E9%9D%92%E8%AE%AD&sample=04,https://s.weibo.com/weibo?q=%E8%91%A3%E8%B7%AF%20%E5%AD%99%E7%BB%A7%E6%B5%B7%20%E9%9D%92%E8%AE%AD&sample=04,src_weibo_04,,2026-06-01T18:00:00.000Z,2026-06-17T12:10:16.489Z,,sha256_platform_case_salt,unknown,true,true,,40,14,0,0,sha256:136f3ee5ae7ab476cb9d6cc981009008d1a09c72228e5cc81b6b76594a6f0edf,sha256:136f3ee5ae7ab476cb9d6cc981009008d1a09c72228e5cc81b6b76594a6f0edf,sha256:31aff54b61b9aa3c3c01f9e909fbb3fb3a75269d8330adb0172f4a3ba12748a2,dup_f96f9d30602f92395eb1,1,[],public,public,manual_comment_sample,Selected public sample only. Not full-platform coverage. Not full-web coverage. Not full-thread coverage.,"{""asset_id"":""local-snapshot-src_weibo_04-comment-4-10"",""run_id"":"""",""task_id"":"""",""source_path"":"""",""record_type"":""comment"",""field_score"":0,""keyword"":"""",""entity_ids"":[]}","{""normalized_from"":""opencrawler_local_asset"",""source_record_id"":""local-snapshot-src_weibo_04-comment-4-10"",""source_type"":""social_platform"",""acquisition_mode"":""manual_url"",""normalized_at"":""2026-06-17T12:10:16.502Z"",""warnings"":[]}",false,false,,ordinary_user,,youth_training_concern,extreme_cluster_or_trolling,unknown,unknown,unknown,unknown,neutral,concern,youth_training_concern_cluster,68
sgv1_e45d087ec991101a25080072,donglu_sunjihai_youth_football_202606,weibo,social_platform,manual_url,external_agent_assisted,source_url_provided_unverified,medium_low,0.45,review_needed,comment,,,???????????????????????? ??04-11?,zh-CN,https://s.weibo.com/weibo?q=%E8%91%A3%E8%B7%AF%20%E5%AD%99%E7%BB%A7%E6%B5%B7%20%E9%9D%92%E8%AE%AD&sample=04,https://s.weibo.com/weibo?q=%E8%91%A3%E8%B7%AF%20%E5%AD%99%E7%BB%A7%E6%B5%B7%20%E9%9D%92%E8%AE%AD&sample=04,src_weibo_04,,2026-06-02T19:00:00.000Z,2026-06-17T12:10:16.489Z,,sha256_platform_case_salt,unknown,true,true,,44,15,0,0,sha256:77df5e6b921e0e706c7ed342fe6713987bf179607c961345d080f7ff4b69dd1d,sha256:77df5e6b921e0e706c7ed342fe6713987bf179607c961345d080f7ff4b69dd1d,sha256:31aff54b61b9aa3c3c01f9e909fbb3fb3a75269d8330adb0172f4a3ba12748a2,dup_e98af19da3795d6bb33a,1,[],public,public,manual_comment_sample,Selected public sample only. Not full-platform coverage. Not full-web coverage. Not full-thread coverage.,"{""asset_id"":""local-snapshot-src_weibo_04-comment-4-11"",""run_id"":"""",""task_id"":"""",""source_path"":"""",""record_type"":""comment"",""field_score"":0,""keyword"":"""",""entity_ids"":[]}","{""normalized_from"":""opencrawler_local_asset"",""source_record_id"":""local-snapshot-src_weibo_04-comment-4-11"",""source_type"":""social_platform"",""acquisition_mode"":""manual_url"",""normalized_at"":""2026-06-17T12:10:16.502Z"",""warnings"":[]}",false,false,,ordinary_user,,anti_conflict_fatigue,unknown,unknown,unknown,unknown,unknown,fatigue,fatigue,fatigue_cluster,74
sgv1_77d003504703de8b649429c8,donglu_sunjihai_youth_football_202606,weibo,social_platform,manual_url,external_agent_assisted,source_url_provided_unverified,medium_low,0.45,review_needed,comment,,,????????????????????????? ??04-12?,zh-CN,https://s.weibo.com/weibo?q=%E8%91%A3%E8%B7%AF%20%E5%AD%99%E7%BB%A7%E6%B5%B7%20%E9%9D%92%E8%AE%AD&sample=04,https://s.weibo.com/weibo?q=%E8%91%A3%E8%B7%AF%20%E5%AD%99%E7%BB%A7%E6%B5%B7%20%E9%9D%92%E8%AE%AD&sample=04,src_weibo_04,,2026-06-03T20:00:00.000Z,2026-06-17T12:10:16.489Z,,sha256_platform_case_salt,unknown,true,true,,48,16,0,0,sha256:a7d20562309f3db21a03d1a8967c5b03bd6c89f1e4f4ba031f034b37c6e752c3,sha256:a7d20562309f3db21a03d1a8967c5b03bd6c89f1e4f4ba031f034b37c6e752c3,sha256:31aff54b61b9aa3c3c01f9e909fbb3fb3a75269d8330adb0172f4a3ba12748a2,dup_43e19a905f40b4eddfa5,1,[],public,public,manual_comment_sample,Selected public sample only. Not full-platform coverage. Not full-web coverage. Not full-thread coverage.,"{""asset_id"":""local-snapshot-src_weibo_04-comment-4-12"",""run_id"":"""",""task_id"":"""",""source_path"":"""",""record_type"":""comment"",""field_score"":0,""keyword"":"""",""entity_ids"":[]}","{""normalized_from"":""opencrawler_local_asset"",""source_record_id"":""local-snapshot-src_weibo_04-comment-4-12"",""source_type"":""social_platform"",""acquisition_mode"":""manual_url"",""normalized_at"":""2026-06-17T12:10:16.502Z"",""warnings"":[]}",false,false,,ordinary_user,,media_context,youth_training_model,unknown,unknown,unknown,unknown,bridge,neutral,media_context_reader,80
sgv1_a93051e2b124d639975fe8a5,donglu_sunjihai_youth_football_202606,weibo,social_platform,manual_url,external_agent_assisted,source_url_provided_unverified,medium_low,0.45,review_needed,comment,,,??????????????????????? ??04-13?,zh-CN,https://s.weibo.com/weibo?q=%E8%91%A3%E8%B7%AF%20%E5%AD%99%E7%BB%A7%E6%B5%B7%20%E9%9D%92%E8%AE%AD&sample=04,https://s.weibo.com/weibo?q=%E8%91%A3%E8%B7%AF%20%E5%AD%99%E7%BB%A7%E6%B5%B7%20%E9%9D%92%E8%AE%AD&sample=04,src_weibo_04,,2026-06-04T21:00:00.000Z,2026-06-17T12:10:16.489Z,,sha256_platform_case_salt,unknown,true,true,,52,17,0,0,sha256:6c9101c7ff8080286358a0e62b03c997f03a5fda28f29688e42883f553d1a0d4,sha256:6c9101c7ff8080286358a0e62b03c997f03a5fda28f29688e42883f553d1a0d4,sha256:31aff54b61b9aa3c3c01f9e909fbb3fb3a75269d8330adb0172f4a3ba12748a2,dup_d758cd8d20aa05e28e4b,1,[],public,public,manual_comment_sample,Selected public sample only. Not full-platform coverage. Not full-web coverage. Not full-thread coverage.,"{""asset_id"":""local-snapshot-src_weibo_04-comment-4-13"",""run_id"":"""",""task_id"":"""",""source_path"":"""",""record_type"":""comment"",""field_score"":0,""keyword"":"""",""entity_ids"":[]}","{""normalized_from"":""opencrawler_local_asset"",""source_record_id"":""local-snapshot-src_weibo_04-comment-4-13"",""source_type"":""social_platform"",""acquisition_mode"":""manual_url"",""normalized_at"":""2026-06-17T12:10:16.502Z"",""warnings"":[]}",false,false,,ordinary_user,,extreme_attack_or_trolling,contract_or_responsibility_dispute,unknown,unknown,unknown,unknown,isolated_extreme,anger,isolated_extreme_cluster,86
sgv1_0d51222b69c64beacb5bd261,donglu_sunjihai_youth_football_202606,weibo,social_platform,manual_url,external_agent_assisted,source_url_provided_unverified,medium_low,0.45,review_needed,comment,,,????????????????????? ??04-14?,zh-CN,https://s.weibo.com/weibo?q=%E8%91%A3%E8%B7%AF%20%E5%AD%99%E7%BB%A7%E6%B5%B7%20%E9%9D%92%E8%AE%AD&sample=04,https://s.weibo.com/weibo?q=%E8%91%A3%E8%B7%AF%20%E5%AD%99%E7%BB%A7%E6%B5%B7%20%E9%9D%92%E8%AE%AD&sample=04,src_weibo_04,,2026-06-05T22:00:00.000Z,2026-06-17T12:10:16.489Z,,sha256_platform_case_salt,unknown,true,true,,56,0,0,0,sha256:d07753c4331f18b72ec24d16747548b55019a460a07aa2e9546ae77ee369a2ab,sha256:d07753c4331f18b72ec24d16747548b55019a460a07aa2e9546ae77ee369a2ab,sha256:31aff54b61b9aa3c3c01f9e909fbb3fb3a75269d8330adb0172f4a3ba12748a2,dup_e4596c3bbdc67865fae1,1,[],public,public,manual_comment_sample,Selected public sample only. Not full-platform coverage. Not full-web coverage. Not full-thread coverage.,"{""asset_id"":""local-snapshot-src_weibo_04-comment-4-14"",""run_id"":"""",""task_id"":"""",""source_path"":"""",""record_type"":""comment"",""field_score"":0,""keyword"":"""",""entity_ids"":[]}","{""normalized_from"":""opencrawler_local_asset"",""source_record_id"":""local-snapshot-src_weibo_04-comment-4-14"",""source_type"":""social_platform"",""acquisition_mode"":""manual_url"",""normalized_at"":""2026-06-17T12:10:16.502Z"",""warnings"":[]}",false,false,,ordinary_user,,unknown,public_response,unknown,unknown,unknown,unknown,unknown,unknown,unknown,56
sgv1_c2f15ead7929b38dbd5487fe,donglu_sunjihai_youth_football_202606,weibo,social_platform,manual_url,external_agent_assisted,source_url_provided_unverified,medium_low,0.45,review_needed,comment,,,??????????????????????????? ??04-15?,zh-CN,https://s.weibo.com/weibo?q=%E8%91%A3%E8%B7%AF%20%E5%AD%99%E7%BB%A7%E6%B5%B7%20%E9%9D%92%E8%AE%AD&sample=04,https://s.weibo.com/weibo?q=%E8%91%A3%E8%B7%AF%20%E5%AD%99%E7%BB%A7%E6%B5%B7%20%E9%9D%92%E8%AE%AD&sample=04,src_weibo_04,,2026-06-06T23:00:00.000Z,2026-06-17T12:10:16.489Z,,sha256_platform_case_salt,unknown,true,true,,60,1,0,0,sha256:25a95e08c065c26713ae96c5b819e8daed41d5e722670549c1b34d9891b36cd9,sha256:25a95e08c065c26713ae96c5b819e8daed41d5e722670549c1b34d9891b36cd9,sha256:31aff54b61b9aa3c3c01f9e909fbb3fb3a75269d8330adb0172f4a3ba12748a2,dup_4c57ff422da634b53fbc,1,[],public,public,manual_comment_sample,Selected public sample only. Not full-platform coverage. Not full-web coverage. Not full-thread coverage.,"{""asset_id"":""local-snapshot-src_weibo_04-comment-4-15"",""run_id"":"""",""task_id"":"""",""source_path"":"""",""record_type"":""comment"",""field_score"":0,""keyword"":"""",""entity_ids"":[]}","{""normalized_from"":""opencrawler_local_asset"",""source_record_id"":""local-snapshot-src_weibo_04-comment-4-15"",""source_type"":""social_platform"",""acquisition_mode"":""manual_url"",""normalized_at"":""2026-06-17T12:10:16.502Z"",""warnings"":[]}",false,false,,ordinary_user,,support_donglu_view,media_reframing,unknown,unknown,unknown,unknown,core_support,curiosity,route_supporter_donglu,62
sgv1_bef13ee0c444bdaf4458b058,donglu_sunjihai_youth_football_202606,weibo,social_platform,manual_url,external_agent_assisted,source_url_provided_unverified,medium_low,0.45,review_needed,comment,,,?????????????????????? ??04-16?,zh-CN,https://s.weibo.com/weibo?q=%E8%91%A3%E8%B7%AF%20%E5%AD%99%E7%BB%A7%E6%B5%B7%20%E9%9D%92%E8%AE%AD&sample=04,https://s.weibo.com/weibo?q=%E8%91%A3%E8%B7%AF%20%E5%AD%99%E7%BB%A7%E6%B5%B7%20%E9%9D%92%E8%AE%AD&sample=04,src_weibo_04,,2026-06-07T00:00:00.000Z,2026-06-17T12:10:16.489Z,,sha256_platform_case_salt,unknown,true,true,,64,2,0,0,sha256:eec37edee177ad81610d8c9d83cc062b47ee58f0c7249bca24160bff5d27fca1,sha256:eec37edee177ad81610d8c9d83cc062b47ee58f0c7249bca24160bff5d27fca1,sha256:31aff54b61b9aa3c3c01f9e909fbb3fb3a75269d8330adb0172f4a3ba12748a2,dup_e8bb228b807d9b056dad,1,[],public,public,manual_comment_sample,Selected public sample only. Not full-platform coverage. Not full-web coverage. Not full-thread coverage.,"{""asset_id"":""local-snapshot-src_weibo_04-comment-4-16"",""run_id"":"""",""task_id"":"""",""source_path"":"""",""record_type"":""comment"",""field_score"":0,""keyword"":"""",""entity_ids"":[]}","{""normalized_from"":""opencrawler_local_asset"",""source_record_id"":""local-snapshot-src_weibo_04-comment-4-16"",""source_type"":""social_platform"",""acquisition_mode"":""manual_url"",""normalized_at"":""2026-06-17T12:10:16.502Z"",""warnings"":[]}",false,false,,ordinary_user,,support_sunjihai_view,fan_community_reaction,unknown,unknown,unknown,unknown,core_support,curiosity,route_supporter_sunjihai,68
sgv1_f69114dc67e82921f6326a3f,donglu_sunjihai_youth_football_202606,weibo,social_platform,manual_url,external_agent_assisted,source_url_provided_unverified,medium_low,0.45,review_needed,comment,,,??????????????????????????? ??05-01?,zh-CN,https://s.weibo.com/weibo?q=%E8%91%A3%E8%B7%AF%20%E5%AD%99%E7%BB%A7%E6%B5%B7%20%E9%9D%92%E8%AE%AD&sample=05,https://s.weibo.com/weibo?q=%E8%91%A3%E8%B7%AF%20%E5%AD%99%E7%BB%A7%E6%B5%B7%20%E9%9D%92%E8%AE%AD&sample=05,src_weibo_05,,2026-06-07T09:00:00.000Z,2026-06-17T12:10:16.490Z,,sha256_platform_case_salt,unknown,true,true,,5,6,0,0,sha256:5c4a7c61e382d7e695d215d7ff3d8d5973950f2a709464b24ffef96a2aebf8cb,sha256:5c4a7c61e382d7e695d215d7ff3d8d5973950f2a709464b24ffef96a2aebf8cb,sha256:d7c6befecb83a7a94f66eabb5878bdd7d5210f0dc01a69c380c2ce99fba7bb2d,dup_b45059556345460c34e2,1,[],public,public,manual_comment_sample,Selected public sample only. Not full-platform coverage. Not full-web coverage. Not full-thread coverage.,"{""asset_id"":""local-snapshot-src_weibo_05-comment-5-1"",""run_id"":"""",""task_id"":"""",""source_path"":"""",""record_type"":""comment"",""field_score"":0,""keyword"":"""",""entity_ids"":[]}","{""normalized_from"":""opencrawler_local_asset"",""source_record_id"":""local-snapshot-src_weibo_05-comment-5-1"",""source_type"":""social_platform"",""acquisition_mode"":""manual_url"",""normalized_at"":""2026-06-17T12:10:16.502Z"",""warnings"":[]}",false,false,,ordinary_user,,youth_training_concern,contract_or_responsibility_dispute,unknown,unknown,unknown,unknown,neutral,concern,youth_training_concern_cluster,17
sgv1_cc9150958bd3c8f08e878a5e,donglu_sunjihai_youth_football_202606,weibo,social_platform,manual_url,external_agent_assisted,source_url_provided_unverified,medium_low,0.45,review_needed,comment,,,????????????????????? ??05-02?,zh-CN,https://s.weibo.com/weibo?q=%E8%91%A3%E8%B7%AF%20%E5%AD%99%E7%BB%A7%E6%B5%B7%20%E9%9D%92%E8%AE%AD&sample=05,https://s.weibo.com/weibo?q=%E8%91%A3%E8%B7%AF%20%E5%AD%99%E7%BB%A7%E6%B5%B7%20%E9%9D%92%E8%AE%AD&sample=05,src_weibo_05,,2026-06-08T10:00:00.000Z,2026-06-17T12:10:16.490Z,,sha256_platform_case_salt,unknown,true,true,,10,7,0,0,sha256:a8ac0381cd616d22f42eee493b998a0c557d6880b3ef58bc641998b9eca95783,sha256:a8ac0381cd616d22f42eee493b998a0c557d6880b3ef58bc641998b9eca95783,sha256:d7c6befecb83a7a94f66eabb5878bdd7d5210f0dc01a69c380c2ce99fba7bb2d,dup_f0006c3a0c1cdaf13cb1,1,[],public,public,manual_comment_sample,Selected public sample only. Not full-platform coverage. Not full-web coverage. Not full-thread coverage.,"{""asset_id"":""local-snapshot-src_weibo_05-comment-5-2"",""run_id"":"""",""task_id"":"""",""source_path"":"""",""record_type"":""comment"",""field_score"":0,""keyword"":"""",""entity_ids"":[]}","{""normalized_from"":""opencrawler_local_asset"",""source_record_id"":""local-snapshot-src_weibo_05-comment-5-2"",""source_type"":""social_platform"",""acquisition_mode"":""manual_url"",""normalized_at"":""2026-06-17T12:10:16.502Z"",""warnings"":[]}",false,false,,ordinary_user,,anti_conflict_fatigue,public_response,unknown,unknown,unknown,unknown,fatigue,fatigue,fatigue_cluster,24
sgv1_6458b520a82f06f9d4430a22,donglu_sunjihai_youth_football_202606,weibo,social_platform,manual_url,external_agent_assisted,source_url_provided_unverified,medium_low,0.45,review_needed,comment,,,?????????????????????? ??05-03?,zh-CN,https://s.weibo.com/weibo?q=%E8%91%A3%E8%B7%AF%20%E5%AD%99%E7%BB%A7%E6%B5%B7%20%E9%9D%92%E8%AE%AD&sample=05,https://s.weibo.com/weibo?q=%E8%91%A3%E8%B7%AF%20%E5%AD%99%E7%BB%A7%E6%B5%B7%20%E9%9D%92%E8%AE%AD&sample=05,src_weibo_05,,2026-06-09T11:00:00.000Z,2026-06-17T12:10:16.490Z,,sha256_platform_case_salt,unknown,true,true,,15,8,0,0,sha256:f4a4458fd1283b09e98bc6ada54f304617d587a5276dc025db88eca61e3cfc81,sha256:f4a4458fd1283b09e98bc6ada54f304617d587a5276dc025db88eca61e3cfc81,sha256:d7c6befecb83a7a94f66eabb5878bdd7d5210f0dc01a69c380c2ce99fba7bb2d,dup_01e746cc49cd7b98fb2d,1,[],public,public,manual_comment_sample,Selected public sample only. Not full-platform coverage. Not full-web coverage. Not full-thread coverage.,"{""asset_id"":""local-snapshot-src_weibo_05-comment-5-3"",""run_id"":"""",""task_id"":"""",""source_path"":"""",""record_type"":""comment"",""field_score"":0,""keyword"":"""",""entity_ids"":[]}","{""normalized_from"":""opencrawler_local_asset"",""source_record_id"":""local-snapshot-src_weibo_05-comment-5-3"",""source_type"":""social_platform"",""acquisition_mode"":""manual_url"",""normalized_at"":""2026-06-17T12:10:16.502Z"",""warnings"":[]}",false,false,,ordinary_user,,media_context,media_reframing,unknown,unknown,unknown,unknown,bridge,neutral,media_context_reader,31
sgv1_63eeeb0f1e12997e69d17e3a,donglu_sunjihai_youth_football_202606,weibo,social_platform,manual_url,external_agent_assisted,source_url_provided_unverified,medium_low,0.45,review_needed,comment,,,??????????????????????? ??05-04?,zh-CN,https://s.weibo.com/weibo?q=%E8%91%A3%E8%B7%AF%20%E5%AD%99%E7%BB%A7%E6%B5%B7%20%E9%9D%92%E8%AE%AD&sample=05,https://s.weibo.com/weibo?q=%E8%91%A3%E8%B7%AF%20%E5%AD%99%E7%BB%A7%E6%B5%B7%20%E9%9D%92%E8%AE%AD&sample=05,src_weibo_05,,2026-06-10T12:00:00.000Z,2026-06-17T12:10:16.490Z,,sha256_platform_case_salt,unknown,true,true,,20,9,0,0,sha256:936ddd098726ba59a9ff2d4003590678075cadc666b38aebb0c28263d37a6da7,sha256:936ddd098726ba59a9ff2d4003590678075cadc666b38aebb0c28263d37a6da7,sha256:d7c6befecb83a7a94f66eabb5878bdd7d5210f0dc01a69c380c2ce99fba7bb2d,dup_f961f18e6fe21ed42b0b,1,[],public,public,manual_comment_sample,Selected public sample only. Not full-platform coverage. Not full-web coverage. Not full-thread coverage.,"{""asset_id"":""local-snapshot-src_weibo_05-comment-5-4"",""run_id"":"""",""task_id"":"""",""source_path"":"""",""record_type"":""comment"",""field_score"":0,""keyword"":"""",""entity_ids"":[]}","{""normalized_from"":""opencrawler_local_asset"",""source_record_id"":""local-snapshot-src_weibo_05-comment-5-4"",""source_type"":""social_platform"",""acquisition_mode"":""manual_url"",""normalized_at"":""2026-06-17T12:10:16.502Z"",""warnings"":[]}",false,false,,ordinary_user,,extreme_attack_or_trolling,fan_community_reaction,unknown,unknown,unknown,unknown,isolated_extreme,anger,isolated_extreme_cluster,38
sgv1_8bc9a16f0eb97645315b5cfc,donglu_sunjihai_youth_football_202606,weibo,social_platform,manual_url,external_agent_assisted,source_url_provided_unverified,medium_low,0.45,review_needed,comment,,,????????????????? ??05-05?,zh-CN,https://s.weibo.com/weibo?q=%E8%91%A3%E8%B7%AF%20%E5%AD%99%E7%BB%A7%E6%B5%B7%20%E9%9D%92%E8%AE%AD&sample=05,https://s.weibo.com/weibo?q=%E8%91%A3%E8%B7%AF%20%E5%AD%99%E7%BB%A7%E6%B5%B7%20%E9%9D%92%E8%AE%AD&sample=05,src_weibo_05,,2026-06-11T13:00:00.000Z,2026-06-17T12:10:16.490Z,,sha256_platform_case_salt,unknown,true,true,,25,10,0,0,sha256:ecf3f090b59afaa67a1d9fc8c57734c38e1436ead3f20a64811e805c0f6d597a,sha256:ecf3f090b59afaa67a1d9fc8c57734c38e1436ead3f20a64811e805c0f6d597a,sha256:d7c6befecb83a7a94f66eabb5878bdd7d5210f0dc01a69c380c2ce99fba7bb2d,dup_ed31313bbe5ab2ec883a,1,[],public,public,manual_comment_sample,Selected public sample only. Not full-platform coverage. Not full-web coverage. Not full-thread coverage.,"{""asset_id"":""local-snapshot-src_weibo_05-comment-5-5"",""run_id"":"""",""task_id"":"""",""source_path"":"""",""record_type"":""comment"",""field_score"":0,""keyword"":"""",""entity_ids"":[]}","{""normalized_from"":""opencrawler_local_asset"",""source_record_id"":""local-snapshot-src_weibo_05-comment-5-5"",""source_type"":""social_platform"",""acquisition_mode"":""manual_url"",""normalized_at"":""2026-06-17T12:10:16.502Z"",""warnings"":[]}",false,false,,ordinary_user,,unknown,children_protection_boundary,unknown,unknown,unknown,unknown,unknown,unknown,unknown,45
sgv1_22df9be3e7f0d80f7f01972a,donglu_sunjihai_youth_football_202606,weibo,social_platform,manual_url,external_agent_assisted,source_url_provided_unverified,medium_low,0.45,review_needed,comment,,,???????????????????????? ??05-06?,zh-CN,https://s.weibo.com/weibo?q=%E8%91%A3%E8%B7%AF%20%E5%AD%99%E7%BB%A7%E6%B5%B7%20%E9%9D%92%E8%AE%AD&sample=05,https://s.weibo.com/weibo?q=%E8%91%A3%E8%B7%AF%20%E5%AD%99%E7%BB%A7%E6%B5%B7%20%E9%9D%92%E8%AE%AD&sample=05,src_weibo_05,,2026-06-12T14:00:00.000Z,2026-06-17T12:10:16.490Z,,sha256_platform_case_salt,unknown,true,true,,30,11,0,0,sha256:f0a73a92974593e199f79dea6385c4d128fad0e923b299eda3461d0fd078523e,sha256:f0a73a92974593e199f79dea6385c4d128fad0e923b299eda3461d0fd078523e,sha256:d7c6befecb83a7a94f66eabb5878bdd7d5210f0dc01a69c380c2ce99fba7bb2d,dup_69b99147159ba4ce2bd6,1,[],public,public,manual_comment_sample,Selected public sample only. Not full-platform coverage. Not full-web coverage. Not full-thread coverage.,"{""asset_id"":""local-snapshot-src_weibo_05-comment-5-6"",""run_id"":"""",""task_id"":"""",""source_path"":"""",""record_type"":""comment"",""field_score"":0,""keyword"":"""",""entity_ids"":[]}","{""normalized_from"":""opencrawler_local_asset"",""source_record_id"":""local-snapshot-src_weibo_05-comment-5-6"",""source_type"":""social_platform"",""acquisition_mode"":""manual_url"",""normalized_at"":""2026-06-17T12:10:16.502Z"",""warnings"":[]}",false,false,,ordinary_user,,support_donglu_view,chinese_football_reputation,unknown,unknown,unknown,unknown,core_support,curiosity,route_supporter_donglu,52
sgv1_c094ee01eac39d5e6794e7ac,donglu_sunjihai_youth_football_202606,weibo,social_platform,manual_url,external_agent_assisted,source_url_provided_unverified,medium_low,0.45,review_needed,comment,,,?????????????????????????? ??05-07?,zh-CN,https://s.weibo.com/weibo?q=%E8%91%A3%E8%B7%AF%20%E5%AD%99%E7%BB%A7%E6%B5%B7%20%E9%9D%92%E8%AE%AD&sample=05,https://s.weibo.com/weibo?q=%E8%91%A3%E8%B7%AF%20%E5%AD%99%E7%BB%A7%E6%B5%B7%20%E9%9D%92%E8%AE%AD&sample=05,src_weibo_05,,2026-06-13T15:00:00.000Z,2026-06-17T12:10:16.490Z,,sha256_platform_case_salt,unknown,true,true,,35,12,0,0,sha256:c8a608006350513498df4d5f29d26bddff1837205cc410a00364cdb64e87b150,sha256:c8a608006350513498df4d5f29d26bddff1837205cc410a00364cdb64e87b150,sha256:d7c6befecb83a7a94f66eabb5878bdd7d5210f0dc01a69c380c2ce99fba7bb2d,dup_553477dbc96578f460c3,1,[],public,public,manual_comment_sample,Selected public sample only. Not full-platform coverage. Not full-web coverage. Not full-thread coverage.,"{""asset_id"":""local-snapshot-src_weibo_05-comment-5-7"",""run_id"":"""",""task_id"":"""",""source_path"":"""",""record_type"":""comment"",""field_score"":0,""keyword"":"""",""entity_ids"":[]}","{""normalized_from"":""opencrawler_local_asset"",""source_record_id"":""local-snapshot-src_weibo_05-comment-5-7"",""source_type"":""social_platform"",""acquisition_mode"":""manual_url"",""normalized_at"":""2026-06-17T12:10:16.502Z"",""warnings"":[]}",false,false,,ordinary_user,,support_sunjihai_view,platform_discussion,unknown,unknown,unknown,unknown,core_support,curiosity,route_supporter_sunjihai,59
sgv1_057b082a59641b817a4d6f87,donglu_sunjihai_youth_football_202606,weibo,social_platform,manual_url,external_agent_assisted,source_url_provided_unverified,medium_low,0.45,review_needed,comment,,,???????????????????????????? ??05-08?,zh-CN,https://s.weibo.com/weibo?q=%E8%91%A3%E8%B7%AF%20%E5%AD%99%E7%BB%A7%E6%B5%B7%20%E9%9D%92%E8%AE%AD&sample=05,https://s.weibo.com/weibo?q=%E8%91%A3%E8%B7%AF%20%E5%AD%99%E7%BB%A7%E6%B5%B7%20%E9%9D%92%E8%AE%AD&sample=05,src_weibo_05,,2026-06-14T16:00:00.000Z,2026-06-17T12:10:16.490Z,,sha256_platform_case_salt,unknown,true,true,,40,13,0,0,sha256:ca6dbadcbebf9ba55540a02e4ce291d5fcc51becfa4e2f132015dd60a567d5e2,sha256:ca6dbadcbebf9ba55540a02e4ce291d5fcc51becfa4e2f132015dd60a567d5e2,sha256:d7c6befecb83a7a94f66eabb5878bdd7d5210f0dc01a69c380c2ce99fba7bb2d,dup_9ab5b42bcab8fb880c76,1,[],public,public,manual_comment_sample,Selected public sample only. Not full-platform coverage. Not full-web coverage. Not full-thread coverage.,"{""asset_id"":""local-snapshot-src_weibo_05-comment-5-8"",""run_id"":"""",""task_id"":"""",""source_path"":"""",""record_type"":""comment"",""field_score"":0,""keyword"":"""",""entity_ids"":[]}","{""normalized_from"":""opencrawler_local_asset"",""source_record_id"":""local-snapshot-src_weibo_05-comment-5-8"",""source_type"":""social_platform"",""acquisition_mode"":""manual_url"",""normalized_at"":""2026-06-17T12:10:16.502Z"",""warnings"":[]}",false,false,,ordinary_user,,neutral_process_focused,extreme_cluster_or_trolling,unknown,unknown,unknown,unknown,bridge,neutral,process_observer,66
sgv1_984a7c0e2b47f3cbf6200e67,donglu_sunjihai_youth_football_202606,weibo,social_platform,manual_url,external_agent_assisted,source_url_provided_unverified,medium_low,0.45,review_needed,comment,,,?????????????????????? ??05-09?,zh-CN,https://s.weibo.com/weibo?q=%E8%91%A3%E8%B7%AF%20%E5%AD%99%E7%BB%A7%E6%B5%B7%20%E9%9D%92%E8%AE%AD&sample=05,https://s.weibo.com/weibo?q=%E8%91%A3%E8%B7%AF%20%E5%AD%99%E7%BB%A7%E6%B5%B7%20%E9%9D%92%E8%AE%AD&sample=05,src_weibo_05,,2026-06-01T17:00:00.000Z,2026-06-17T12:10:16.490Z,,sha256_platform_case_salt,unknown,true,true,,45,14,0,0,sha256:70fd69dbfbed304b953e256b854eaf4cfdb268575508d5eb0e74303ceaf96724,sha256:70fd69dbfbed304b953e256b854eaf4cfdb268575508d5eb0e74303ceaf96724,sha256:d7c6befecb83a7a94f66eabb5878bdd7d5210f0dc01a69c380c2ce99fba7bb2d,dup_cc1d2b2dc58aa73cf453,1,[],public,public,manual_comment_sample,Selected public sample only. Not full-platform coverage. Not full-web coverage. Not full-thread coverage.,"{""asset_id"":""local-snapshot-src_weibo_05-comment-5-9"",""run_id"":"""",""task_id"":"""",""source_path"":"""",""record_type"":""comment"",""field_score"":0,""keyword"":"""",""entity_ids"":[]}","{""normalized_from"":""opencrawler_local_asset"",""source_record_id"":""local-snapshot-src_weibo_05-comment-5-9"",""source_type"":""social_platform"",""acquisition_mode"":""manual_url"",""normalized_at"":""2026-06-17T12:10:16.502Z"",""warnings"":[]}",false,false,,ordinary_user,,youth_training_concern,unknown,unknown,unknown,unknown,unknown,neutral,concern,youth_training_concern_cluster,73
sgv1_b3efda46e989734e40bbed2d,donglu_sunjihai_youth_football_202606,weibo,social_platform,manual_url,external_agent_assisted,source_url_provided_unverified,medium_low,0.45,review_needed,comment,,,???????????????????????? ??05-10?,zh-CN,https://s.weibo.com/weibo?q=%E8%91%A3%E8%B7%AF%20%E5%AD%99%E7%BB%A7%E6%B5%B7%20%E9%9D%92%E8%AE%AD&sample=05,https://s.weibo.com/weibo?q=%E8%91%A3%E8%B7%AF%20%E5%AD%99%E7%BB%A7%E6%B5%B7%20%E9%9D%92%E8%AE%AD&sample=05,src_weibo_05,,2026-06-02T18:00:00.000Z,2026-06-17T12:10:16.490Z,,sha256_platform_case_salt,unknown,true,true,,50,15,0,0,sha256:414242f458efc7cb8c3af5ae4bc90ce3fdb7b872090f11d4427970ddf4dbfb44,sha256:414242f458efc7cb8c3af5ae4bc90ce3fdb7b872090f11d4427970ddf4dbfb44,sha256:d7c6befecb83a7a94f66eabb5878bdd7d5210f0dc01a69c380c2ce99fba7bb2d,dup_90f49d9645510ea2bb0b,1,[],public,public,manual_comment_sample,Selected public sample only. Not full-platform coverage. Not full-web coverage. Not full-thread coverage.,"{""asset_id"":""local-snapshot-src_weibo_05-comment-5-10"",""run_id"":"""",""task_id"":"""",""source_path"":"""",""record_type"":""comment"",""field_score"":0,""keyword"":"""",""entity_ids"":[]}","{""normalized_from"":""opencrawler_local_asset"",""source_record_id"":""local-snapshot-src_weibo_05-comment-5-10"",""source_type"":""social_platform"",""acquisition_mode"":""manual_url"",""normalized_at"":""2026-06-17T12:10:16.502Z"",""warnings"":[]}",false,false,,ordinary_user,,anti_conflict_fatigue,youth_training_model,unknown,unknown,unknown,unknown,fatigue,fatigue,fatigue_cluster,80
sgv1_6f319d4c9e175228b81cc167,donglu_sunjihai_youth_football_202606,weibo,social_platform,manual_url,external_agent_assisted,source_url_provided_unverified,medium_low,0.45,review_needed,comment,,,????????????????????????? ??05-11?,zh-CN,https://s.weibo.com/weibo?q=%E8%91%A3%E8%B7%AF%20%E5%AD%99%E7%BB%A7%E6%B5%B7%20%E9%9D%92%E8%AE%AD&sample=05,https://s.weibo.com/weibo?q=%E8%91%A3%E8%B7%AF%20%E5%AD%99%E7%BB%A7%E6%B5%B7%20%E9%9D%92%E8%AE%AD&sample=05,src_weibo_05,,2026-06-03T19:00:00.000Z,2026-06-17T12:10:16.490Z,,sha256_platform_case_salt,unknown,true,true,,55,16,0,0,sha256:6f728bbe69ec83dde6dfaa3603f4c12dcaeb8dec2cbacd9040e717dcf0f34a48,sha256:6f728bbe69ec83dde6dfaa3603f4c12dcaeb8dec2cbacd9040e717dcf0f34a48,sha256:d7c6befecb83a7a94f66eabb5878bdd7d5210f0dc01a69c380c2ce99fba7bb2d,dup_62965257a650c0b6e1f6,1,[],public,public,manual_comment_sample,Selected public sample only. Not full-platform coverage. Not full-web coverage. Not full-thread coverage.,"{""asset_id"":""local-snapshot-src_weibo_05-comment-5-11"",""run_id"":"""",""task_id"":"""",""source_path"":"""",""record_type"":""comment"",""field_score"":0,""keyword"":"""",""entity_ids"":[]}","{""normalized_from"":""opencrawler_local_asset"",""source_record_id"":""local-snapshot-src_weibo_05-comment-5-11"",""source_type"":""social_platform"",""acquisition_mode"":""manual_url"",""normalized_at"":""2026-06-17T12:10:16.502Z"",""warnings"":[]}",false,false,,ordinary_user,,media_context,contract_or_responsibility_dispute,unknown,unknown,unknown,unknown,bridge,neutral,media_context_reader,87
sgv1_e1e44e0e7d1f6b6306d83483,donglu_sunjihai_youth_football_202606,weibo,social_platform,manual_url,external_agent_assisted,source_url_provided_unverified,medium_low,0.45,review_needed,comment,,,??????????????????????? ??05-12?,zh-CN,https://s.weibo.com/weibo?q=%E8%91%A3%E8%B7%AF%20%E5%AD%99%E7%BB%A7%E6%B5%B7%20%E9%9D%92%E8%AE%AD&sample=05,https://s.weibo.com/weibo?q=%E8%91%A3%E8%B7%AF%20%E5%AD%99%E7%BB%A7%E6%B5%B7%20%E9%9D%92%E8%AE%AD&sample=05,src_weibo_05,,2026-06-04T20:00:00.000Z,2026-06-17T12:10:16.490Z,,sha256_platform_case_salt,unknown,true,true,,60,17,0,0,sha256:769c3a4393d2de37f7d43af1925543ced672f8e4c6808aaec1a58d3b7b7320a5,sha256:769c3a4393d2de37f7d43af1925543ced672f8e4c6808aaec1a58d3b7b7320a5,sha256:d7c6befecb83a7a94f66eabb5878bdd7d5210f0dc01a69c380c2ce99fba7bb2d,dup_44ae5d45dd85ad6187ba,1,[],public,public,manual_comment_sample,Selected public sample only. Not full-platform coverage. Not full-web coverage. Not full-thread coverage.,"{""asset_id"":""local-snapshot-src_weibo_05-comment-5-12"",""run_id"":"""",""task_id"":"""",""source_path"":"""",""record_type"":""comment"",""field_score"":0,""keyword"":"""",""entity_ids"":[]}","{""normalized_from"":""opencrawler_local_asset"",""source_record_id"":""local-snapshot-src_weibo_05-comment-5-12"",""source_type"":""social_platform"",""acquisition_mode"":""manual_url"",""normalized_at"":""2026-06-17T12:10:16.502Z"",""warnings"":[]}",false,false,,ordinary_user,,extreme_attack_or_trolling,public_response,unknown,unknown,unknown,unknown,isolated_extreme,anger,isolated_extreme_cluster,94
sgv1_8f5adaba2b00c213834a77c7,donglu_sunjihai_youth_football_202606,weibo,social_platform,manual_url,external_agent_assisted,source_url_provided_unverified,medium_low,0.45,review_needed,comment,,,????????????????????? ??05-13?,zh-CN,https://s.weibo.com/weibo?q=%E8%91%A3%E8%B7%AF%20%E5%AD%99%E7%BB%A7%E6%B5%B7%20%E9%9D%92%E8%AE%AD&sample=05,https://s.weibo.com/weibo?q=%E8%91%A3%E8%B7%AF%20%E5%AD%99%E7%BB%A7%E6%B5%B7%20%E9%9D%92%E8%AE%AD&sample=05,src_weibo_05,,2026-06-05T21:00:00.000Z,2026-06-17T12:10:16.490Z,,sha256_platform_case_salt,unknown,true,true,,65,0,0,0,sha256:bc712b0c73dcadd36f5891521846fd5e3a086c94245dcf2c98487806a0382b5d,sha256:bc712b0c73dcadd36f5891521846fd5e3a086c94245dcf2c98487806a0382b5d,sha256:d7c6befecb83a7a94f66eabb5878bdd7d5210f0dc01a69c380c2ce99fba7bb2d,dup_76b0ba5b4a5992ba9019,1,[],public,public,manual_comment_sample,Selected public sample only. Not full-platform coverage. Not full-web coverage. Not full-thread coverage.,"{""asset_id"":""local-snapshot-src_weibo_05-comment-5-13"",""run_id"":"""",""task_id"":"""",""source_path"":"""",""record_type"":""comment"",""field_score"":0,""keyword"":"""",""entity_ids"":[]}","{""normalized_from"":""opencrawler_local_asset"",""source_record_id"":""local-snapshot-src_weibo_05-comment-5-13"",""source_type"":""social_platform"",""acquisition_mode"":""manual_url"",""normalized_at"":""2026-06-17T12:10:16.502Z"",""warnings"":[]}",false,false,,ordinary_user,,unknown,media_reframing,unknown,unknown,unknown,unknown,unknown,unknown,unknown,65
sgv1_79c4f800e5d9cd469d8e243f,donglu_sunjihai_youth_football_202606,weibo,social_platform,manual_url,external_agent_assisted,source_url_provided_unverified,medium_low,0.45,review_needed,comment,,,??????????????????????????? ??05-14?,zh-CN,https://s.weibo.com/weibo?q=%E8%91%A3%E8%B7%AF%20%E5%AD%99%E7%BB%A7%E6%B5%B7%20%E9%9D%92%E8%AE%AD&sample=05,https://s.weibo.com/weibo?q=%E8%91%A3%E8%B7%AF%20%E5%AD%99%E7%BB%A7%E6%B5%B7%20%E9%9D%92%E8%AE%AD&sample=05,src_weibo_05,,2026-06-06T22:00:00.000Z,2026-06-17T12:10:16.490Z,,sha256_platform_case_salt,unknown,true,true,,70,1,0,0,sha256:5df0cad18fe842eb53cc9d2ea62c5796d9afb4ccbb0f6f9a5c807e237d6d5abc,sha256:5df0cad18fe842eb53cc9d2ea62c5796d9afb4ccbb0f6f9a5c807e237d6d5abc,sha256:d7c6befecb83a7a94f66eabb5878bdd7d5210f0dc01a69c380c2ce99fba7bb2d,dup_3e48f56388551246308b,1,[],public,public,manual_comment_sample,Selected public sample only. Not full-platform coverage. Not full-web coverage. Not full-thread coverage.,"{""asset_id"":""local-snapshot-src_weibo_05-comment-5-14"",""run_id"":"""",""task_id"":"""",""source_path"":"""",""record_type"":""comment"",""field_score"":0,""keyword"":"""",""entity_ids"":[]}","{""normalized_from"":""opencrawler_local_asset"",""source_record_id"":""local-snapshot-src_weibo_05-comment-5-14"",""source_type"":""social_platform"",""acquisition_mode"":""manual_url"",""normalized_at"":""2026-06-17T12:10:16.502Z"",""warnings"":[]}",false,false,,ordinary_user,,support_donglu_view,fan_community_reaction,unknown,unknown,unknown,unknown,core_support,curiosity,route_supporter_donglu,72
sgv1_63bcd68eb28036d4ab2e627f,donglu_sunjihai_youth_football_202606,weibo,social_platform,manual_url,external_agent_assisted,source_url_provided_unverified,medium_low,0.45,review_needed,comment,,,?????????????????????? ??05-15?,zh-CN,https://s.weibo.com/weibo?q=%E8%91%A3%E8%B7%AF%20%E5%AD%99%E7%BB%A7%E6%B5%B7%20%E9%9D%92%E8%AE%AD&sample=05,https://s.weibo.com/weibo?q=%E8%91%A3%E8%B7%AF%20%E5%AD%99%E7%BB%A7%E6%B5%B7%20%E9%9D%92%E8%AE%AD&sample=05,src_weibo_05,,2026-06-07T23:00:00.000Z,2026-06-17T12:10:16.490Z,,sha256_platform_case_salt,unknown,true,true,,75,2,0,0,sha256:a5d41eb94c791d52c383eb338f1eebe7a3f58c2f7540d72513f21de787cfbea5,sha256:a5d41eb94c791d52c383eb338f1eebe7a3f58c2f7540d72513f21de787cfbea5,sha256:d7c6befecb83a7a94f66eabb5878bdd7d5210f0dc01a69c380c2ce99fba7bb2d,dup_efdd67f1f9fe4c19f765,1,[],public,public,manual_comment_sample,Selected public sample only. Not full-platform coverage. Not full-web coverage. Not full-thread coverage.,"{""asset_id"":""local-snapshot-src_weibo_05-comment-5-15"",""run_id"":"""",""task_id"":"""",""source_path"":"""",""record_type"":""comment"",""field_score"":0,""keyword"":"""",""entity_ids"":[]}","{""normalized_from"":""opencrawler_local_asset"",""source_record_id"":""local-snapshot-src_weibo_05-comment-5-15"",""source_type"":""social_platform"",""acquisition_mode"":""manual_url"",""normalized_at"":""2026-06-17T12:10:16.502Z"",""warnings"":[]}",false,false,,ordinary_user,,support_sunjihai_view,children_protection_boundary,unknown,unknown,unknown,unknown,core_support,curiosity,route_supporter_sunjihai,79
sgv1_537d06ff876b8854236780ad,donglu_sunjihai_youth_football_202606,weibo,social_platform,manual_url,external_agent_assisted,source_url_provided_unverified,medium_low,0.45,review_needed,comment,,,??????????????????????????? ??05-16?,zh-CN,https://s.weibo.com/weibo?q=%E8%91%A3%E8%B7%AF%20%E5%AD%99%E7%BB%A7%E6%B5%B7%20%E9%9D%92%E8%AE%AD&sample=05,https://s.weibo.com/weibo?q=%E8%91%A3%E8%B7%AF%20%E5%AD%99%E7%BB%A7%E6%B5%B7%20%E9%9D%92%E8%AE%AD&sample=05,src_weibo_05,,2026-06-08T00:00:00.000Z,2026-06-17T12:10:16.490Z,,sha256_platform_case_salt,unknown,true,true,,80,3,0,0,sha256:822812b0d60a5d0042351ce74b862062a5977e5ff3688074994bc1e7f6ff05e8,sha256:822812b0d60a5d0042351ce74b862062a5977e5ff3688074994bc1e7f6ff05e8,sha256:d7c6befecb83a7a94f66eabb5878bdd7d5210f0dc01a69c380c2ce99fba7bb2d,dup_e69785647a1d1624e3df,1,[],public,public,manual_comment_sample,Selected public sample only. Not full-platform coverage. Not full-web coverage. Not full-thread coverage.,"{""asset_id"":""local-snapshot-src_weibo_05-comment-5-16"",""run_id"":"""",""task_id"":"""",""source_path"":"""",""record_type"":""comment"",""field_score"":0,""keyword"":"""",""entity_ids"":[]}","{""normalized_from"":""opencrawler_local_asset"",""source_record_id"":""local-snapshot-src_weibo_05-comment-5-16"",""source_type"":""social_platform"",""acquisition_mode"":""manual_url"",""normalized_at"":""2026-06-17T12:10:16.502Z"",""warnings"":[]}",false,false,,ordinary_user,,neutral_process_focused,chinese_football_reputation,unknown,unknown,unknown,unknown,bridge,neutral,process_observer,86
sgv1_7222a08cc669c1dc6e73eba1,donglu_sunjihai_youth_football_202606,weibo,social_platform,manual_url,external_agent_assisted,source_url_provided_unverified,medium_low,0.45,review_needed,comment,,,????????????????????? ??06-01?,zh-CN,https://s.weibo.com/weibo?q=%E8%91%A3%E8%B7%AF%20%E5%AD%99%E7%BB%A7%E6%B5%B7%20%E9%9D%92%E8%AE%AD&sample=06,https://s.weibo.com/weibo?q=%E8%91%A3%E8%B7%AF%20%E5%AD%99%E7%BB%A7%E6%B5%B7%20%E9%9D%92%E8%AE%AD&sample=06,src_weibo_06,,2026-06-08T09:00:00.000Z,2026-06-17T12:10:16.490Z,,sha256_platform_case_salt,unknown,true,true,,6,7,0,0,sha256:ba72c9533fe1b2f2d2f320486846e0f5182cae836f52da71dd639978a2aa974a,sha256:ba72c9533fe1b2f2d2f320486846e0f5182cae836f52da71dd639978a2aa974a,sha256:7033a21e6244506dcf79c26a28c9110d1f5b5a3f98572971daefcd094965ed86,dup_47e8698cfbcc6878478c,1,[],public,public,manual_comment_sample,Selected public sample only. Not full-platform coverage. Not full-web coverage. Not full-thread coverage.,"{""asset_id"":""local-snapshot-src_weibo_06-comment-6-1"",""run_id"":"""",""task_id"":"""",""source_path"":"""",""record_type"":""comment"",""field_score"":0,""keyword"":"""",""entity_ids"":[]}","{""normalized_from"":""opencrawler_local_asset"",""source_record_id"":""local-snapshot-src_weibo_06-comment-6-1"",""source_type"":""social_platform"",""acquisition_mode"":""manual_url"",""normalized_at"":""2026-06-17T12:10:16.502Z"",""warnings"":[]}",false,false,,ordinary_user,,anti_conflict_fatigue,media_reframing,unknown,unknown,unknown,unknown,fatigue,fatigue,fatigue_cluster,20
sgv1_6faa9917538236c35ae5082a,donglu_sunjihai_youth_football_202606,weibo,social_platform,manual_url,external_agent_assisted,source_url_provided_unverified,medium_low,0.45,review_needed,comment,,,?????????????????????? ??06-02?,zh-CN,https://s.weibo.com/weibo?q=%E8%91%A3%E8%B7%AF%20%E5%AD%99%E7%BB%A7%E6%B5%B7%20%E9%9D%92%E8%AE%AD&sample=06,https://s.weibo.com/weibo?q=%E8%91%A3%E8%B7%AF%20%E5%AD%99%E7%BB%A7%E6%B5%B7%20%E9%9D%92%E8%AE%AD&sample=06,src_weibo_06,,2026-06-09T10:00:00.000Z,2026-06-17T12:10:16.490Z,,sha256_platform_case_salt,unknown,true,true,,12,8,0,0,sha256:2e71bb0aeb336021e1f6d875d793883af8c56ce3e3a8f7035fbe2b7139a58298,sha256:2e71bb0aeb336021e1f6d875d793883af8c56ce3e3a8f7035fbe2b7139a58298,sha256:7033a21e6244506dcf79c26a28c9110d1f5b5a3f98572971daefcd094965ed86,dup_9215fb8f82f7f9d13bc1,1,[],public,public,manual_comment_sample,Selected public sample only. Not full-platform coverage. Not full-web coverage. Not full-thread coverage.,"{""asset_id"":""local-snapshot-src_weibo_06-comment-6-2"",""run_id"":"""",""task_id"":"""",""source_path"":"""",""record_type"":""comment"",""field_score"":0,""keyword"":"""",""entity_ids"":[]}","{""normalized_from"":""opencrawler_local_asset"",""source_record_id"":""local-snapshot-src_weibo_06-comment-6-2"",""source_type"":""social_platform"",""acquisition_mode"":""manual_url"",""normalized_at"":""2026-06-17T12:10:16.502Z"",""warnings"":[]}",false,false,,ordinary_user,,media_context,fan_community_reaction,unknown,unknown,unknown,unknown,bridge,neutral,media_context_reader,28
sgv1_35ba3bcf56bdab88279e9011,donglu_sunjihai_youth_football_202606,weibo,social_platform,manual_url,external_agent_assisted,source_url_provided_unverified,medium_low,0.45,review_needed,comment,,,??????????????????????? ??06-03?,zh-CN,https://s.weibo.com/weibo?q=%E8%91%A3%E8%B7%AF%20%E5%AD%99%E7%BB%A7%E6%B5%B7%20%E9%9D%92%E8%AE%AD&sample=06,https://s.weibo.com/weibo?q=%E8%91%A3%E8%B7%AF%20%E5%AD%99%E7%BB%A7%E6%B5%B7%20%E9%9D%92%E8%AE%AD&sample=06,src_weibo_06,,2026-06-10T11:00:00.000Z,2026-06-17T12:10:16.490Z,,sha256_platform_case_salt,unknown,true,true,,18,9,0,0,sha256:6d24e1fc6c44ff9aac7fbe204db32312d54ba969a68e2535e20507db7610a3bb,sha256:6d24e1fc6c44ff9aac7fbe204db32312d54ba969a68e2535e20507db7610a3bb,sha256:7033a21e6244506dcf79c26a28c9110d1f5b5a3f98572971daefcd094965ed86,dup_f7347169ccd870980b3c,1,[],public,public,manual_comment_sample,Selected public sample only. Not full-platform coverage. Not full-web coverage. Not full-thread coverage.,"{""asset_id"":""local-snapshot-src_weibo_06-comment-6-3"",""run_id"":"""",""task_id"":"""",""source_path"":"""",""record_type"":""comment"",""field_score"":0,""keyword"":"""",""entity_ids"":[]}","{""normalized_from"":""opencrawler_local_asset"",""source_record_id"":""local-snapshot-src_weibo_06-comment-6-3"",""source_type"":""social_platform"",""acquisition_mode"":""manual_url"",""normalized_at"":""2026-06-17T12:10:16.502Z"",""warnings"":[]}",false,false,,ordinary_user,,extreme_attack_or_trolling,children_protection_boundary,unknown,unknown,unknown,unknown,isolated_extreme,anger,isolated_extreme_cluster,36
sgv1_3cdbf1b2717fc1ba390e2c4f,donglu_sunjihai_youth_football_202606,weibo,social_platform,manual_url,external_agent_assisted,source_url_provided_unverified,medium_low,0.45,review_needed,comment,,,????????????????? ??06-04?,zh-CN,https://s.weibo.com/weibo?q=%E8%91%A3%E8%B7%AF%20%E5%AD%99%E7%BB%A7%E6%B5%B7%20%E9%9D%92%E8%AE%AD&sample=06,https://s.weibo.com/weibo?q=%E8%91%A3%E8%B7%AF%20%E5%AD%99%E7%BB%A7%E6%B5%B7%20%E9%9D%92%E8%AE%AD&sample=06,src_weibo_06,,2026-06-11T12:00:00.000Z,2026-06-17T12:10:16.490Z,,sha256_platform_case_salt,unknown,true,true,,24,10,0,0,sha256:6f08152cfe737bf983832a926e65bb718f833d46342b084ab9695c3bd4c20b58,sha256:6f08152cfe737bf983832a926e65bb718f833d46342b084ab9695c3bd4c20b58,sha256:7033a21e6244506dcf79c26a28c9110d1f5b5a3f98572971daefcd094965ed86,dup_f1f41e6edb3c2d23683c,1,[],public,public,manual_comment_sample,Selected public sample only. Not full-platform coverage. Not full-web coverage. Not full-thread coverage.,"{""asset_id"":""local-snapshot-src_weibo_06-comment-6-4"",""run_id"":"""",""task_id"":"""",""source_path"":"""",""record_type"":""comment"",""field_score"":0,""keyword"":"""",""entity_ids"":[]}","{""normalized_from"":""opencrawler_local_asset"",""source_record_id"":""local-snapshot-src_weibo_06-comment-6-4"",""source_type"":""social_platform"",""acquisition_mode"":""manual_url"",""normalized_at"":""2026-06-17T12:10:16.502Z"",""warnings"":[]}",false,false,,ordinary_user,,unknown,chinese_football_reputation,unknown,unknown,unknown,unknown,unknown,unknown,unknown,44
sgv1_0597fcebdb5e7d08cd66ec64,donglu_sunjihai_youth_football_202606,weibo,social_platform,manual_url,external_agent_assisted,source_url_provided_unverified,medium_low,0.45,review_needed,comment,,,???????????????????????? ??06-05?,zh-CN,https://s.weibo.com/weibo?q=%E8%91%A3%E8%B7%AF%20%E5%AD%99%E7%BB%A7%E6%B5%B7%20%E9%9D%92%E8%AE%AD&sample=06,https://s.weibo.com/weibo?q=%E8%91%A3%E8%B7%AF%20%E5%AD%99%E7%BB%A7%E6%B5%B7%20%E9%9D%92%E8%AE%AD&sample=06,src_weibo_06,,2026-06-12T13:00:00.000Z,2026-06-17T12:10:16.490Z,,sha256_platform_case_salt,unknown,true,true,,30,11,0,0,sha256:0db0cfe0195028e2acf0dffdba37b9a338fd4b043461c965153d9826a9648a70,sha256:0db0cfe0195028e2acf0dffdba37b9a338fd4b043461c965153d9826a9648a70,sha256:7033a21e6244506dcf79c26a28c9110d1f5b5a3f98572971daefcd094965ed86,dup_c97d86203ea43b617f6d,1,[],public,public,manual_comment_sample,Selected public sample only. Not full-platform coverage. Not full-web coverage. Not full-thread coverage.,"{""asset_id"":""local-snapshot-src_weibo_06-comment-6-5"",""run_id"":"""",""task_id"":"""",""source_path"":"""",""record_type"":""comment"",""field_score"":0,""keyword"":"""",""entity_ids"":[]}","{""normalized_from"":""opencrawler_local_asset"",""source_record_id"":""local-snapshot-src_weibo_06-comment-6-5"",""source_type"":""social_platform"",""acquisition_mode"":""manual_url"",""normalized_at"":""2026-06-17T12:10:16.502Z"",""warnings"":[]}",false,false,,ordinary_user,,support_donglu_view,platform_discussion,unknown,unknown,unknown,unknown,core_support,curiosity,route_supporter_donglu,52
sgv1_6ed4a2ac734e2a78e68ee305,donglu_sunjihai_youth_football_202606,weibo,social_platform,manual_url,external_agent_assisted,source_url_provided_unverified,medium_low,0.45,review_needed,comment,,,?????????????????????????? ??06-06?,zh-CN,https://s.weibo.com/weibo?q=%E8%91%A3%E8%B7%AF%20%E5%AD%99%E7%BB%A7%E6%B5%B7%20%E9%9D%92%E8%AE%AD&sample=06,https://s.weibo.com/weibo?q=%E8%91%A3%E8%B7%AF%20%E5%AD%99%E7%BB%A7%E6%B5%B7%20%E9%9D%92%E8%AE%AD&sample=06,src_weibo_06,,2026-06-13T14:00:00.000Z,2026-06-17T12:10:16.490Z,,sha256_platform_case_salt,unknown,true,true,,36,12,0,0,sha256:94ad550150c2965fb8706d256d92fd5d2d71001270c4906e8346fcbca03ce81a,sha256:94ad550150c2965fb8706d256d92fd5d2d71001270c4906e8346fcbca03ce81a,sha256:7033a21e6244506dcf79c26a28c9110d1f5b5a3f98572971daefcd094965ed86,dup_63935d4cffb1459257a2,1,[],public,public,manual_comment_sample,Selected public sample only. Not full-platform coverage. Not full-web coverage. Not full-thread coverage.,"{""asset_id"":""local-snapshot-src_weibo_06-comment-6-6"",""run_id"":"""",""task_id"":"""",""source_path"":"""",""record_type"":""comment"",""field_score"":0,""keyword"":"""",""entity_ids"":[]}","{""normalized_from"":""opencrawler_local_asset"",""source_record_id"":""local-snapshot-src_weibo_06-comment-6-6"",""source_type"":""social_platform"",""acquisition_mode"":""manual_url"",""normalized_at"":""2026-06-17T12:10:16.502Z"",""warnings"":[]}",false,false,,ordinary_user,,support_sunjihai_view,extreme_cluster_or_trolling,unknown,unknown,unknown,unknown,core_support,curiosity,route_supporter_sunjihai,60
sgv1_5b059ce18bb48b085dee4020,donglu_sunjihai_youth_football_202606,weibo,social_platform,manual_url,external_agent_assisted,source_url_provided_unverified,medium_low,0.45,review_needed,comment,,,???????????????????????????? ??06-07?,zh-CN,https://s.weibo.com/weibo?q=%E8%91%A3%E8%B7%AF%20%E5%AD%99%E7%BB%A7%E6%B5%B7%20%E9%9D%92%E8%AE%AD&sample=06,https://s.weibo.com/weibo?q=%E8%91%A3%E8%B7%AF%20%E5%AD%99%E7%BB%A7%E6%B5%B7%20%E9%9D%92%E8%AE%AD&sample=06,src_weibo_06,,2026-06-14T15:00:00.000Z,2026-06-17T12:10:16.490Z,,sha256_platform_case_salt,unknown,true,true,,42,13,0,0,sha256:97e1165ddcfbfa86955747b0c935ca9ab9bc2d35717f85b605140d023ecaeb13,sha256:97e1165ddcfbfa86955747b0c935ca9ab9bc2d35717f85b605140d023ecaeb13,sha256:7033a21e6244506dcf79c26a28c9110d1f5b5a3f98572971daefcd094965ed86,dup_8ab3205726422d93f639,1,[],public,public,manual_comment_sample,Selected public sample only. Not full-platform coverage. Not full-web coverage. Not full-thread coverage.,"{""asset_id"":""local-snapshot-src_weibo_06-comment-6-7"",""run_id"":"""",""task_id"":"""",""source_path"":"""",""record_type"":""comment"",""field_score"":0,""keyword"":"""",""entity_ids"":[]}","{""normalized_from"":""opencrawler_local_asset"",""source_record_id"":""local-snapshot-src_weibo_06-comment-6-7"",""source_type"":""social_platform"",""acquisition_mode"":""manual_url"",""normalized_at"":""2026-06-17T12:10:16.502Z"",""warnings"":[]}",false,false,,ordinary_user,,neutral_process_focused,unknown,unknown,unknown,unknown,unknown,bridge,neutral,process_observer,68
sgv1_3e2255113885c05ba150b62b,donglu_sunjihai_youth_football_202606,weibo,social_platform,manual_url,external_agent_assisted,source_url_provided_unverified,medium_low,0.45,review_needed,comment,,,?????????????????????? ??06-08?,zh-CN,https://s.weibo.com/weibo?q=%E8%91%A3%E8%B7%AF%20%E5%AD%99%E7%BB%A7%E6%B5%B7%20%E9%9D%92%E8%AE%AD&sample=06,https://s.weibo.com/weibo?q=%E8%91%A3%E8%B7%AF%20%E5%AD%99%E7%BB%A7%E6%B5%B7%20%E9%9D%92%E8%AE%AD&sample=06,src_weibo_06,,2026-06-01T16:00:00.000Z,2026-06-17T12:10:16.490Z,,sha256_platform_case_salt,unknown,true,true,,48,14,0,0,sha256:24b032b7db21b8d67e4818a5d59b48386dc1514b2ec2008f39efad62c4ae0121,sha256:24b032b7db21b8d67e4818a5d59b48386dc1514b2ec2008f39efad62c4ae0121,sha256:7033a21e6244506dcf79c26a28c9110d1f5b5a3f98572971daefcd094965ed86,dup_30bcdae27c746acfbc70,1,[],public,public,manual_comment_sample,Selected public sample only. Not full-platform coverage. Not full-web coverage. Not full-thread coverage.,"{""asset_id"":""local-snapshot-src_weibo_06-comment-6-8"",""run_id"":"""",""task_id"":"""",""source_path"":"""",""record_type"":""comment"",""field_score"":0,""keyword"":"""",""entity_ids"":[]}","{""normalized_from"":""opencrawler_local_asset"",""source_record_id"":""local-snapshot-src_weibo_06-comment-6-8"",""source_type"":""social_platform"",""acquisition_mode"":""manual_url"",""normalized_at"":""2026-06-17T12:10:16.502Z"",""warnings"":[]}",false,false,,ordinary_user,,youth_training_concern,youth_training_model,unknown,unknown,unknown,unknown,neutral,concern,youth_training_concern_cluster,76
sgv1_ebcdde94f35a5da0444380c4,donglu_sunjihai_youth_football_202606,weibo,social_platform,manual_url,external_agent_assisted,source_url_provided_unverified,medium_low,0.45,review_needed,comment,,,???????????????????????? ??06-09?,zh-CN,https://s.weibo.com/weibo?q=%E8%91%A3%E8%B7%AF%20%E5%AD%99%E7%BB%A7%E6%B5%B7%20%E9%9D%92%E8%AE%AD&sample=06,https://s.weibo.com/weibo?q=%E8%91%A3%E8%B7%AF%20%E5%AD%99%E7%BB%A7%E6%B5%B7%20%E9%9D%92%E8%AE%AD&sample=06,src_weibo_06,,2026-06-02T17:00:00.000Z,2026-06-17T12:10:16.490Z,,sha256_platform_case_salt,unknown,true,true,,54,15,0,0,sha256:d133b110f8d476312ec234d65a81c39984c6d559694bf78a065f9c3e61314de6,sha256:d133b110f8d476312ec234d65a81c39984c6d559694bf78a065f9c3e61314de6,sha256:7033a21e6244506dcf79c26a28c9110d1f5b5a3f98572971daefcd094965ed86,dup_cf5c5f5258196db7dac9,1,[],public,public,manual_comment_sample,Selected public sample only. Not full-platform coverage. Not full-web coverage. Not full-thread coverage.,"{""asset_id"":""local-snapshot-src_weibo_06-comment-6-9"",""run_id"":"""",""task_id"":"""",""source_path"":"""",""record_type"":""comment"",""field_score"":0,""keyword"":"""",""entity_ids"":[]}","{""normalized_from"":""opencrawler_local_asset"",""source_record_id"":""local-snapshot-src_weibo_06-comment-6-9"",""source_type"":""social_platform"",""acquisition_mode"":""manual_url"",""normalized_at"":""2026-06-17T12:10:16.502Z"",""warnings"":[]}",false,false,,ordinary_user,,anti_conflict_fatigue,contract_or_responsibility_dispute,unknown,unknown,unknown,unknown,fatigue,fatigue,fatigue_cluster,84
sgv1_eaa4ae3c955b814b73417f41,donglu_sunjihai_youth_football_202606,weibo,social_platform,manual_url,external_agent_assisted,source_url_provided_unverified,medium_low,0.45,review_needed,comment,,,????????????????????????? ??06-10?,zh-CN,https://s.weibo.com/weibo?q=%E8%91%A3%E8%B7%AF%20%E5%AD%99%E7%BB%A7%E6%B5%B7%20%E9%9D%92%E8%AE%AD&sample=06,https://s.weibo.com/weibo?q=%E8%91%A3%E8%B7%AF%20%E5%AD%99%E7%BB%A7%E6%B5%B7%20%E9%9D%92%E8%AE%AD&sample=06,src_weibo_06,,2026-06-03T18:00:00.000Z,2026-06-17T12:10:16.490Z,,sha256_platform_case_salt,unknown,true,true,,60,16,0,0,sha256:2fc925bdb78d7eb17af7fbe4aa1569e5b177773e1869470d8b4f00c55c62ddf1,sha256:2fc925bdb78d7eb17af7fbe4aa1569e5b177773e1869470d8b4f00c55c62ddf1,sha256:7033a21e6244506dcf79c26a28c9110d1f5b5a3f98572971daefcd094965ed86,dup_0117ab2f325590873d4b,1,[],public,public,manual_comment_sample,Selected public sample only. Not full-platform coverage. Not full-web coverage. Not full-thread coverage.,"{""asset_id"":""local-snapshot-src_weibo_06-comment-6-10"",""run_id"":"""",""task_id"":"""",""source_path"":"""",""record_type"":""comment"",""field_score"":0,""keyword"":"""",""entity_ids"":[]}","{""normalized_from"":""opencrawler_local_asset"",""source_record_id"":""local-snapshot-src_weibo_06-comment-6-10"",""source_type"":""social_platform"",""acquisition_mode"":""manual_url"",""normalized_at"":""2026-06-17T12:10:16.502Z"",""warnings"":[]}",false,false,,ordinary_user,,media_context,public_response,unknown,unknown,unknown,unknown,bridge,neutral,media_context_reader,92
sgv1_765d1e59fd5f6e16113e7b13,donglu_sunjihai_youth_football_202606,weibo,social_platform,manual_url,external_agent_assisted,source_url_provided_unverified,medium_low,0.45,review_needed,comment,,,??????????????????????? ??06-11?,zh-CN,https://s.weibo.com/weibo?q=%E8%91%A3%E8%B7%AF%20%E5%AD%99%E7%BB%A7%E6%B5%B7%20%E9%9D%92%E8%AE%AD&sample=06,https://s.weibo.com/weibo?q=%E8%91%A3%E8%B7%AF%20%E5%AD%99%E7%BB%A7%E6%B5%B7%20%E9%9D%92%E8%AE%AD&sample=06,src_weibo_06,,2026-06-04T19:00:00.000Z,2026-06-17T12:10:16.490Z,,sha256_platform_case_salt,unknown,true,true,,66,17,0,0,sha256:b373b92f6c302d94b2149191131450440804f1a3cdb4a6d47466c3bf586fdfda,sha256:b373b92f6c302d94b2149191131450440804f1a3cdb4a6d47466c3bf586fdfda,sha256:7033a21e6244506dcf79c26a28c9110d1f5b5a3f98572971daefcd094965ed86,dup_972ff8d6298a4dc4633c,1,[],public,public,manual_comment_sample,Selected public sample only. Not full-platform coverage. Not full-web coverage. Not full-thread coverage.,"{""asset_id"":""local-snapshot-src_weibo_06-comment-6-11"",""run_id"":"""",""task_id"":"""",""source_path"":"""",""record_type"":""comment"",""field_score"":0,""keyword"":"""",""entity_ids"":[]}","{""normalized_from"":""opencrawler_local_asset"",""source_record_id"":""local-snapshot-src_weibo_06-comment-6-11"",""source_type"":""social_platform"",""acquisition_mode"":""manual_url"",""normalized_at"":""2026-06-17T12:10:16.502Z"",""warnings"":[]}",false,false,,ordinary_user,,extreme_attack_or_trolling,media_reframing,unknown,unknown,unknown,unknown,isolated_extreme,anger,isolated_extreme_cluster,100
sgv1_8c5e3974af4fa70b717af899,donglu_sunjihai_youth_football_202606,weibo,social_platform,manual_url,external_agent_assisted,source_url_provided_unverified,medium_low,0.45,review_needed,comment,,,????????????????????? ??06-12?,zh-CN,https://s.weibo.com/weibo?q=%E8%91%A3%E8%B7%AF%20%E5%AD%99%E7%BB%A7%E6%B5%B7%20%E9%9D%92%E8%AE%AD&sample=06,https://s.weibo.com/weibo?q=%E8%91%A3%E8%B7%AF%20%E5%AD%99%E7%BB%A7%E6%B5%B7%20%E9%9D%92%E8%AE%AD&sample=06,src_weibo_06,,2026-06-05T20:00:00.000Z,2026-06-17T12:10:16.490Z,,sha256_platform_case_salt,unknown,true,true,,72,0,0,0,sha256:e0c034a28095fa888b4f547edb5c09d8c9272edbe97c253b5957822896736605,sha256:e0c034a28095fa888b4f547edb5c09d8c9272edbe97c253b5957822896736605,sha256:7033a21e6244506dcf79c26a28c9110d1f5b5a3f98572971daefcd094965ed86,dup_48f7f82ab317cbc8d1b6,1,[],public,public,manual_comment_sample,Selected public sample only. Not full-platform coverage. Not full-web coverage. Not full-thread coverage.,"{""asset_id"":""local-snapshot-src_weibo_06-comment-6-12"",""run_id"":"""",""task_id"":"""",""source_path"":"""",""record_type"":""comment"",""field_score"":0,""keyword"":"""",""entity_ids"":[]}","{""normalized_from"":""opencrawler_local_asset"",""source_record_id"":""local-snapshot-src_weibo_06-comment-6-12"",""source_type"":""social_platform"",""acquisition_mode"":""manual_url"",""normalized_at"":""2026-06-17T12:10:16.502Z"",""warnings"":[]}",false,false,,ordinary_user,,unknown,fan_community_reaction,unknown,unknown,unknown,unknown,unknown,unknown,unknown,72
sgv1_438d375ec47cbf5662fd897c,donglu_sunjihai_youth_football_202606,weibo,social_platform,manual_url,external_agent_assisted,source_url_provided_unverified,medium_low,0.45,review_needed,comment,,,??????????????????????????? ??06-13?,zh-CN,https://s.weibo.com/weibo?q=%E8%91%A3%E8%B7%AF%20%E5%AD%99%E7%BB%A7%E6%B5%B7%20%E9%9D%92%E8%AE%AD&sample=06,https://s.weibo.com/weibo?q=%E8%91%A3%E8%B7%AF%20%E5%AD%99%E7%BB%A7%E6%B5%B7%20%E9%9D%92%E8%AE%AD&sample=06,src_weibo_06,,2026-06-06T21:00:00.000Z,2026-06-17T12:10:16.490Z,,sha256_platform_case_salt,unknown,true,true,,78,1,0,0,sha256:46e7accb8da26a4c331197975de2c9e1b46c0bddc9e2a8394f10160511b62510,sha256:46e7accb8da26a4c331197975de2c9e1b46c0bddc9e2a8394f10160511b62510,sha256:7033a21e6244506dcf79c26a28c9110d1f5b5a3f98572971daefcd094965ed86,dup_9178bda44e5520fea4e0,1,[],public,public,manual_comment_sample,Selected public sample only. Not full-platform coverage. Not full-web coverage. Not full-thread coverage.,"{""asset_id"":""local-snapshot-src_weibo_06-comment-6-13"",""run_id"":"""",""task_id"":"""",""source_path"":"""",""record_type"":""comment"",""field_score"":0,""keyword"":"""",""entity_ids"":[]}","{""normalized_from"":""opencrawler_local_asset"",""source_record_id"":""local-snapshot-src_weibo_06-comment-6-13"",""source_type"":""social_platform"",""acquisition_mode"":""manual_url"",""normalized_at"":""2026-06-17T12:10:16.502Z"",""warnings"":[]}",false,false,,ordinary_user,,support_donglu_view,children_protection_boundary,unknown,unknown,unknown,unknown,core_support,curiosity,route_supporter_donglu,80
sgv1_e8529bf0bee7191c8a8d1214,donglu_sunjihai_youth_football_202606,weibo,social_platform,manual_url,external_agent_assisted,source_url_provided_unverified,medium_low,0.45,review_needed,comment,,,?????????????????????? ??06-14?,zh-CN,https://s.weibo.com/weibo?q=%E8%91%A3%E8%B7%AF%20%E5%AD%99%E7%BB%A7%E6%B5%B7%20%E9%9D%92%E8%AE%AD&sample=06,https://s.weibo.com/weibo?q=%E8%91%A3%E8%B7%AF%20%E5%AD%99%E7%BB%A7%E6%B5%B7%20%E9%9D%92%E8%AE%AD&sample=06,src_weibo_06,,2026-06-07T22:00:00.000Z,2026-06-17T12:10:16.490Z,,sha256_platform_case_salt,unknown,true,true,,84,2,0,0,sha256:f20cdbb512dcbf518eed7b0f9503c1ae2b2ce76093d42c5e6b84acaa39c98a83,sha256:f20cdbb512dcbf518eed7b0f9503c1ae2b2ce76093d42c5e6b84acaa39c98a83,sha256:7033a21e6244506dcf79c26a28c9110d1f5b5a3f98572971daefcd094965ed86,dup_192792be1f73780c64b8,1,[],public,public,manual_comment_sample,Selected public sample only. Not full-platform coverage. Not full-web coverage. Not full-thread coverage.,"{""asset_id"":""local-snapshot-src_weibo_06-comment-6-14"",""run_id"":"""",""task_id"":"""",""source_path"":"""",""record_type"":""comment"",""field_score"":0,""keyword"":"""",""entity_ids"":[]}","{""normalized_from"":""opencrawler_local_asset"",""source_record_id"":""local-snapshot-src_weibo_06-comment-6-14"",""source_type"":""social_platform"",""acquisition_mode"":""manual_url"",""normalized_at"":""2026-06-17T12:10:16.502Z"",""warnings"":[]}",false,false,,ordinary_user,,support_sunjihai_view,chinese_football_reputation,unknown,unknown,unknown,unknown,core_support,curiosity,route_supporter_sunjihai,88
sgv1_425d9023750bd734860755f1,donglu_sunjihai_youth_football_202606,weibo,social_platform,manual_url,external_agent_assisted,source_url_provided_unverified,medium_low,0.45,review_needed,comment,,,??????????????????????????? ??06-15?,zh-CN,https://s.weibo.com/weibo?q=%E8%91%A3%E8%B7%AF%20%E5%AD%99%E7%BB%A7%E6%B5%B7%20%E9%9D%92%E8%AE%AD&sample=06,https://s.weibo.com/weibo?q=%E8%91%A3%E8%B7%AF%20%E5%AD%99%E7%BB%A7%E6%B5%B7%20%E9%9D%92%E8%AE%AD&sample=06,src_weibo_06,,2026-06-08T23:00:00.000Z,2026-06-17T12:10:16.490Z,,sha256_platform_case_salt,unknown,true,true,,90,3,0,0,sha256:4664cca1ec1a737bfef45363f235adffab52ea68bc0c5cb93423fd3bc314a094,sha256:4664cca1ec1a737bfef45363f235adffab52ea68bc0c5cb93423fd3bc314a094,sha256:7033a21e6244506dcf79c26a28c9110d1f5b5a3f98572971daefcd094965ed86,dup_c2eecf975977492ae0cc,1,[],public,public,manual_comment_sample,Selected public sample only. Not full-platform coverage. Not full-web coverage. Not full-thread coverage.,"{""asset_id"":""local-snapshot-src_weibo_06-comment-6-15"",""run_id"":"""",""task_id"":"""",""source_path"":"""",""record_type"":""comment"",""field_score"":0,""keyword"":"""",""entity_ids"":[]}","{""normalized_from"":""opencrawler_local_asset"",""source_record_id"":""local-snapshot-src_weibo_06-comment-6-15"",""source_type"":""social_platform"",""acquisition_mode"":""manual_url"",""normalized_at"":""2026-06-17T12:10:16.502Z"",""warnings"":[]}",false,false,,ordinary_user,,neutral_process_focused,platform_discussion,unknown,unknown,unknown,unknown,bridge,neutral,process_observer,96
sgv1_de8a1dd99ff07c062b835212,donglu_sunjihai_youth_football_202606,weibo,social_platform,manual_url,external_agent_assisted,source_url_provided_unverified,medium_low,0.45,review_needed,comment,,,?????????????????????????? ??06-16?,zh-CN,https://s.weibo.com/weibo?q=%E8%91%A3%E8%B7%AF%20%E5%AD%99%E7%BB%A7%E6%B5%B7%20%E9%9D%92%E8%AE%AD&sample=06,https://s.weibo.com/weibo?q=%E8%91%A3%E8%B7%AF%20%E5%AD%99%E7%BB%A7%E6%B5%B7%20%E9%9D%92%E8%AE%AD&sample=06,src_weibo_06,,2026-06-09T00:00:00.000Z,2026-06-17T12:10:16.490Z,,sha256_platform_case_salt,unknown,true,true,,96,4,0,0,sha256:7c804bb72d58f300c5d1d22d881dccb98d9ece8987f73b75d9ffb4bb30fcd0c5,sha256:7c804bb72d58f300c5d1d22d881dccb98d9ece8987f73b75d9ffb4bb30fcd0c5,sha256:7033a21e6244506dcf79c26a28c9110d1f5b5a3f98572971daefcd094965ed86,dup_6dd99dcaace28fe70739,1,[],public,public,manual_comment_sample,Selected public sample only. Not full-platform coverage. Not full-web coverage. Not full-thread coverage.,"{""asset_id"":""local-snapshot-src_weibo_06-comment-6-16"",""run_id"":"""",""task_id"":"""",""source_path"":"""",""record_type"":""comment"",""field_score"":0,""keyword"":"""",""entity_ids"":[]}","{""normalized_from"":""opencrawler_local_asset"",""source_record_id"":""local-snapshot-src_weibo_06-comment-6-16"",""source_type"":""social_platform"",""acquisition_mode"":""manual_url"",""normalized_at"":""2026-06-17T12:10:16.502Z"",""warnings"":[]}",false,false,,ordinary_user,,youth_training_concern,extreme_cluster_or_trolling,unknown,unknown,unknown,unknown,neutral,concern,youth_training_concern_cluster,104
sgv1_1bfd9ee75ec007210a8624a5,donglu_sunjihai_youth_football_202606,weibo,social_platform,manual_url,external_agent_assisted,source_url_provided_unverified,medium_low,0.45,review_needed,comment,,,?????????????????????? ??07-01?,zh-CN,https://s.weibo.com/weibo?q=%E8%91%A3%E8%B7%AF%20%E5%AD%99%E7%BB%A7%E6%B5%B7%20%E9%9D%92%E8%AE%AD&sample=07,https://s.weibo.com/weibo?q=%E8%91%A3%E8%B7%AF%20%E5%AD%99%E7%BB%A7%E6%B5%B7%20%E9%9D%92%E8%AE%AD&sample=07,src_weibo_07,,2026-06-09T09:00:00.000Z,2026-06-17T12:10:16.491Z,,sha256_platform_case_salt,unknown,true,true,,7,8,0,0,sha256:0f6f93942bec4400cec341d76cd3c6acadb2cb7b433f5810dfb7cb6902d9261f,sha256:0f6f93942bec4400cec341d76cd3c6acadb2cb7b433f5810dfb7cb6902d9261f,sha256:8b381ed481391d106817752bbae94a20c98674a9f06056fc100f0e95f3d6de7a,dup_d0812c08c9662eecc830,1,[],public,public,manual_comment_sample,Selected public sample only. Not full-platform coverage. Not full-web coverage. Not full-thread coverage.,"{""asset_id"":""local-snapshot-src_weibo_07-comment-7-1"",""run_id"":"""",""task_id"":"""",""source_path"":"""",""record_type"":""comment"",""field_score"":0,""keyword"":"""",""entity_ids"":[]}","{""normalized_from"":""opencrawler_local_asset"",""source_record_id"":""local-snapshot-src_weibo_07-comment-7-1"",""source_type"":""social_platform"",""acquisition_mode"":""manual_url"",""normalized_at"":""2026-06-17T12:10:16.502Z"",""warnings"":[]}",false,false,,ordinary_user,,media_context,children_protection_boundary,unknown,unknown,unknown,unknown,bridge,neutral,media_context_reader,23
sgv1_2a9596b5532aca45c3355d50,donglu_sunjihai_youth_football_202606,weibo,social_platform,manual_url,external_agent_assisted,source_url_provided_unverified,medium_low,0.45,review_needed,comment,,,??????????????????????? ??07-02?,zh-CN,https://s.weibo.com/weibo?q=%E8%91%A3%E8%B7%AF%20%E5%AD%99%E7%BB%A7%E6%B5%B7%20%E9%9D%92%E8%AE%AD&sample=07,https://s.weibo.com/weibo?q=%E8%91%A3%E8%B7%AF%20%E5%AD%99%E7%BB%A7%E6%B5%B7%20%E9%9D%92%E8%AE%AD&sample=07,src_weibo_07,,2026-06-10T10:00:00.000Z,2026-06-17T12:10:16.491Z,,sha256_platform_case_salt,unknown,true,true,,14,9,0,0,sha256:79f7138e587764aae6b3f2b73c9e0c30805df0ad911934dbcf2302aed7de7069,sha256:79f7138e587764aae6b3f2b73c9e0c30805df0ad911934dbcf2302aed7de7069,sha256:8b381ed481391d106817752bbae94a20c98674a9f06056fc100f0e95f3d6de7a,dup_a87d0a49e02a5d703e44,1,[],public,public,manual_comment_sample,Selected public sample only. Not full-platform coverage. Not full-web coverage. Not full-thread coverage.,"{""asset_id"":""local-snapshot-src_weibo_07-comment-7-2"",""run_id"":"""",""task_id"":"""",""source_path"":"""",""record_type"":""comment"",""field_score"":0,""keyword"":"""",""entity_ids"":[]}","{""normalized_from"":""opencrawler_local_asset"",""source_record_id"":""local-snapshot-src_weibo_07-comment-7-2"",""source_type"":""social_platform"",""acquisition_mode"":""manual_url"",""normalized_at"":""2026-06-17T12:10:16.502Z"",""warnings"":[]}",false,false,,ordinary_user,,extreme_attack_or_trolling,chinese_football_reputation,unknown,unknown,unknown,unknown,isolated_extreme,anger,isolated_extreme_cluster,32
sgv1_ba6ea659aed599ef1f7f8a4e,donglu_sunjihai_youth_football_202606,weibo,social_platform,manual_url,external_agent_assisted,source_url_provided_unverified,medium_low,0.45,review_needed,comment,,,????????????????? ??07-03?,zh-CN,https://s.weibo.com/weibo?q=%E8%91%A3%E8%B7%AF%20%E5%AD%99%E7%BB%A7%E6%B5%B7%20%E9%9D%92%E8%AE%AD&sample=07,https://s.weibo.com/weibo?q=%E8%91%A3%E8%B7%AF%20%E5%AD%99%E7%BB%A7%E6%B5%B7%20%E9%9D%92%E8%AE%AD&sample=07,src_weibo_07,,2026-06-11T11:00:00.000Z,2026-06-17T12:10:16.491Z,,sha256_platform_case_salt,unknown,true,true,,21,10,0,0,sha256:975a37e227702ff0305c50c7a0e68de72fc83d24742fa065302217cc822637a9,sha256:975a37e227702ff0305c50c7a0e68de72fc83d24742fa065302217cc822637a9,sha256:8b381ed481391d106817752bbae94a20c98674a9f06056fc100f0e95f3d6de7a,dup_5f3fe1c002ab4b348d10,1,[],public,public,manual_comment_sample,Selected public sample only. Not full-platform coverage. Not full-web coverage. Not full-thread coverage.,"{""asset_id"":""local-snapshot-src_weibo_07-comment-7-3"",""run_id"":"""",""task_id"":"""",""source_path"":"""",""record_type"":""comment"",""field_score"":0,""keyword"":"""",""entity_ids"":[]}","{""normalized_from"":""opencrawler_local_asset"",""source_record_id"":""local-snapshot-src_weibo_07-comment-7-3"",""source_type"":""social_platform"",""acquisition_mode"":""manual_url"",""normalized_at"":""2026-06-17T12:10:16.502Z"",""warnings"":[]}",false,false,,ordinary_user,,unknown,platform_discussion,unknown,unknown,unknown,unknown,unknown,unknown,unknown,41
sgv1_e27e2700d229c5f7095ddf86,donglu_sunjihai_youth_football_202606,weibo,social_platform,manual_url,external_agent_assisted,source_url_provided_unverified,medium_low,0.45,review_needed,comment,,,???????????????????????? ??07-04?,zh-CN,https://s.weibo.com/weibo?q=%E8%91%A3%E8%B7%AF%20%E5%AD%99%E7%BB%A7%E6%B5%B7%20%E9%9D%92%E8%AE%AD&sample=07,https://s.weibo.com/weibo?q=%E8%91%A3%E8%B7%AF%20%E5%AD%99%E7%BB%A7%E6%B5%B7%20%E9%9D%92%E8%AE%AD&sample=07,src_weibo_07,,2026-06-12T12:00:00.000Z,2026-06-17T12:10:16.491Z,,sha256_platform_case_salt,unknown,true,true,,28,11,0,0,sha256:8b5560882e6511ad25ac481de9b0bd8c5935033007aa9fd1da47822aa8a818ce,sha256:8b5560882e6511ad25ac481de9b0bd8c5935033007aa9fd1da47822aa8a818ce,sha256:8b381ed481391d106817752bbae94a20c98674a9f06056fc100f0e95f3d6de7a,dup_9057c8ad14ae2d35f6fb,1,[],public,public,manual_comment_sample,Selected public sample only. Not full-platform coverage. Not full-web coverage. Not full-thread coverage.,"{""asset_id"":""local-snapshot-src_weibo_07-comment-7-4"",""run_id"":"""",""task_id"":"""",""source_path"":"""",""record_type"":""comment"",""field_score"":0,""keyword"":"""",""entity_ids"":[]}","{""normalized_from"":""opencrawler_local_asset"",""source_record_id"":""local-snapshot-src_weibo_07-comment-7-4"",""source_type"":""social_platform"",""acquisition_mode"":""manual_url"",""normalized_at"":""2026-06-17T12:10:16.502Z"",""warnings"":[]}",false,false,,ordinary_user,,support_donglu_view,extreme_cluster_or_trolling,unknown,unknown,unknown,unknown,core_support,curiosity,route_supporter_donglu,50
sgv1_d975e2acf2bdc82f713108ef,donglu_sunjihai_youth_football_202606,weibo,social_platform,manual_url,external_agent_assisted,source_url_provided_unverified,medium_low,0.45,review_needed,comment,,,?????????????????????????? ??07-05?,zh-CN,https://s.weibo.com/weibo?q=%E8%91%A3%E8%B7%AF%20%E5%AD%99%E7%BB%A7%E6%B5%B7%20%E9%9D%92%E8%AE%AD&sample=07,https://s.weibo.com/weibo?q=%E8%91%A3%E8%B7%AF%20%E5%AD%99%E7%BB%A7%E6%B5%B7%20%E9%9D%92%E8%AE%AD&sample=07,src_weibo_07,,2026-06-13T13:00:00.000Z,2026-06-17T12:10:16.491Z,,sha256_platform_case_salt,unknown,true,true,,35,12,0,0,sha256:79d980e0abb65e3f862478b0596c46dcde0f5a309bced95903b6182b972cc391,sha256:79d980e0abb65e3f862478b0596c46dcde0f5a309bced95903b6182b972cc391,sha256:8b381ed481391d106817752bbae94a20c98674a9f06056fc100f0e95f3d6de7a,dup_3d33e928604acf1cb178,1,[],public,public,manual_comment_sample,Selected public sample only. Not full-platform coverage. Not full-web coverage. Not full-thread coverage.,"{""asset_id"":""local-snapshot-src_weibo_07-comment-7-5"",""run_id"":"""",""task_id"":"""",""source_path"":"""",""record_type"":""comment"",""field_score"":0,""keyword"":"""",""entity_ids"":[]}","{""normalized_from"":""opencrawler_local_asset"",""source_record_id"":""local-snapshot-src_weibo_07-comment-7-5"",""source_type"":""social_platform"",""acquisition_mode"":""manual_url"",""normalized_at"":""2026-06-17T12:10:16.502Z"",""warnings"":[]}",false,false,,ordinary_user,,support_sunjihai_view,unknown,unknown,unknown,unknown,unknown,core_support,curiosity,route_supporter_sunjihai,59
sgv1_7ab6c9c0d0d9210874767561,donglu_sunjihai_youth_football_202606,weibo,social_platform,manual_url,external_agent_assisted,source_url_provided_unverified,medium_low,0.45,review_needed,comment,,,???????????????????????????? ??07-06?,zh-CN,https://s.weibo.com/weibo?q=%E8%91%A3%E8%B7%AF%20%E5%AD%99%E7%BB%A7%E6%B5%B7%20%E9%9D%92%E8%AE%AD&sample=07,https://s.weibo.com/weibo?q=%E8%91%A3%E8%B7%AF%20%E5%AD%99%E7%BB%A7%E6%B5%B7%20%E9%9D%92%E8%AE%AD&sample=07,src_weibo_07,,2026-06-14T14:00:00.000Z,2026-06-17T12:10:16.491Z,,sha256_platform_case_salt,unknown,true,true,,42,13,0,0,sha256:8d2a59c610a53a4cd04815d7aca7a4f6398e3a3358531198b65bcebc44e76693,sha256:8d2a59c610a53a4cd04815d7aca7a4f6398e3a3358531198b65bcebc44e76693,sha256:8b381ed481391d106817752bbae94a20c98674a9f06056fc100f0e95f3d6de7a,dup_fb397913a1a5bb1838ae,1,[],public,public,manual_comment_sample,Selected public sample only. Not full-platform coverage. Not full-web coverage. Not full-thread coverage.,"{""asset_id"":""local-snapshot-src_weibo_07-comment-7-6"",""run_id"":"""",""task_id"":"""",""source_path"":"""",""record_type"":""comment"",""field_score"":0,""keyword"":"""",""entity_ids"":[]}","{""normalized_from"":""opencrawler_local_asset"",""source_record_id"":""local-snapshot-src_weibo_07-comment-7-6"",""source_type"":""social_platform"",""acquisition_mode"":""manual_url"",""normalized_at"":""2026-06-17T12:10:16.502Z"",""warnings"":[]}",false,false,,ordinary_user,,neutral_process_focused,youth_training_model,unknown,unknown,unknown,unknown,bridge,neutral,process_observer,68
sgv1_25df0d1dbe9bba63d089db74,donglu_sunjihai_youth_football_202606,weibo,social_platform,manual_url,external_agent_assisted,source_url_provided_unverified,medium_low,0.45,review_needed,comment,,,?????????????????????? ??07-07?,zh-CN,https://s.weibo.com/weibo?q=%E8%91%A3%E8%B7%AF%20%E5%AD%99%E7%BB%A7%E6%B5%B7%20%E9%9D%92%E8%AE%AD&sample=07,https://s.weibo.com/weibo?q=%E8%91%A3%E8%B7%AF%20%E5%AD%99%E7%BB%A7%E6%B5%B7%20%E9%9D%92%E8%AE%AD&sample=07,src_weibo_07,,2026-06-01T15:00:00.000Z,2026-06-17T12:10:16.491Z,,sha256_platform_case_salt,unknown,true,true,,49,14,0,0,sha256:d9d10cd08614971edf0e8c4b54fbc12ab24207ba6e4d5e826ea139a137ed7fbe,sha256:d9d10cd08614971edf0e8c4b54fbc12ab24207ba6e4d5e826ea139a137ed7fbe,sha256:8b381ed481391d106817752bbae94a20c98674a9f06056fc100f0e95f3d6de7a,dup_32c1121d75f7b4294a87,1,[],public,public,manual_comment_sample,Selected public sample only. Not full-platform coverage. Not full-web coverage. Not full-thread coverage.,"{""asset_id"":""local-snapshot-src_weibo_07-comment-7-7"",""run_id"":"""",""task_id"":"""",""source_path"":"""",""record_type"":""comment"",""field_score"":0,""keyword"":"""",""entity_ids"":[]}","{""normalized_from"":""opencrawler_local_asset"",""source_record_id"":""local-snapshot-src_weibo_07-comment-7-7"",""source_type"":""social_platform"",""acquisition_mode"":""manual_url"",""normalized_at"":""2026-06-17T12:10:16.502Z"",""warnings"":[]}",false,false,,ordinary_user,,youth_training_concern,contract_or_responsibility_dispute,unknown,unknown,unknown,unknown,neutral,concern,youth_training_concern_cluster,77
sgv1_2959c91e02b9a84471dcc8fb,donglu_sunjihai_youth_football_202606,weibo,social_platform,manual_url,external_agent_assisted,source_url_provided_unverified,medium_low,0.45,review_needed,comment,,,???????????????????????? ??07-08?,zh-CN,https://s.weibo.com/weibo?q=%E8%91%A3%E8%B7%AF%20%E5%AD%99%E7%BB%A7%E6%B5%B7%20%E9%9D%92%E8%AE%AD&sample=07,https://s.weibo.com/weibo?q=%E8%91%A3%E8%B7%AF%20%E5%AD%99%E7%BB%A7%E6%B5%B7%20%E9%9D%92%E8%AE%AD&sample=07,src_weibo_07,,2026-06-02T16:00:00.000Z,2026-06-17T12:10:16.491Z,,sha256_platform_case_salt,unknown,true,true,,56,15,0,0,sha256:322498cf6bc6b66906c6be9204247cc41f77b2d0827bba879a67be89c0a1f985,sha256:322498cf6bc6b66906c6be9204247cc41f77b2d0827bba879a67be89c0a1f985,sha256:8b381ed481391d106817752bbae94a20c98674a9f06056fc100f0e95f3d6de7a,dup_e67f5415dc5e51476b59,1,[],public,public,manual_comment_sample,Selected public sample only. Not full-platform coverage. Not full-web coverage. Not full-thread coverage.,"{""asset_id"":""local-snapshot-src_weibo_07-comment-7-8"",""run_id"":"""",""task_id"":"""",""source_path"":"""",""record_type"":""comment"",""field_score"":0,""keyword"":"""",""entity_ids"":[]}","{""normalized_from"":""opencrawler_local_asset"",""source_record_id"":""local-snapshot-src_weibo_07-comment-7-8"",""source_type"":""social_platform"",""acquisition_mode"":""manual_url"",""normalized_at"":""2026-06-17T12:10:16.502Z"",""warnings"":[]}",false,false,,ordinary_user,,anti_conflict_fatigue,public_response,unknown,unknown,unknown,unknown,fatigue,fatigue,fatigue_cluster,86
sgv1_7856820bd0f8b8baa8a84aae,donglu_sunjihai_youth_football_202606,weibo,social_platform,manual_url,external_agent_assisted,source_url_provided_unverified,medium_low,0.45,review_needed,comment,,,????????????????????????? ??07-09?,zh-CN,https://s.weibo.com/weibo?q=%E8%91%A3%E8%B7%AF%20%E5%AD%99%E7%BB%A7%E6%B5%B7%20%E9%9D%92%E8%AE%AD&sample=07,https://s.weibo.com/weibo?q=%E8%91%A3%E8%B7%AF%20%E5%AD%99%E7%BB%A7%E6%B5%B7%20%E9%9D%92%E8%AE%AD&sample=07,src_weibo_07,,2026-06-03T17:00:00.000Z,2026-06-17T12:10:16.491Z,,sha256_platform_case_salt,unknown,true,true,,63,16,0,0,sha256:7c08108788177e38db855906c392315cd011d9e814e3ef85e8fa7646f562a5c1,sha256:7c08108788177e38db855906c392315cd011d9e814e3ef85e8fa7646f562a5c1,sha256:8b381ed481391d106817752bbae94a20c98674a9f06056fc100f0e95f3d6de7a,dup_a8dddda39a64fd339205,1,[],public,public,manual_comment_sample,Selected public sample only. Not full-platform coverage. Not full-web coverage. Not full-thread coverage.,"{""asset_id"":""local-snapshot-src_weibo_07-comment-7-9"",""run_id"":"""",""task_id"":"""",""source_path"":"""",""record_type"":""comment"",""field_score"":0,""keyword"":"""",""entity_ids"":[]}","{""normalized_from"":""opencrawler_local_asset"",""source_record_id"":""local-snapshot-src_weibo_07-comment-7-9"",""source_type"":""social_platform"",""acquisition_mode"":""manual_url"",""normalized_at"":""2026-06-17T12:10:16.502Z"",""warnings"":[]}",false,false,,ordinary_user,,media_context,media_reframing,unknown,unknown,unknown,unknown,bridge,neutral,media_context_reader,95
sgv1_6b27fb1646f0be208e7a5d02,donglu_sunjihai_youth_football_202606,weibo,social_platform,manual_url,external_agent_assisted,source_url_provided_unverified,medium_low,0.45,review_needed,comment,,,??????????????????????? ??07-10?,zh-CN,https://s.weibo.com/weibo?q=%E8%91%A3%E8%B7%AF%20%E5%AD%99%E7%BB%A7%E6%B5%B7%20%E9%9D%92%E8%AE%AD&sample=07,https://s.weibo.com/weibo?q=%E8%91%A3%E8%B7%AF%20%E5%AD%99%E7%BB%A7%E6%B5%B7%20%E9%9D%92%E8%AE%AD&sample=07,src_weibo_07,,2026-06-04T18:00:00.000Z,2026-06-17T12:10:16.491Z,,sha256_platform_case_salt,unknown,true,true,,70,17,0,0,sha256:6f43f3366ce897978d52345e62c0688e3d9709283e90cffea708e6482026b006,sha256:6f43f3366ce897978d52345e62c0688e3d9709283e90cffea708e6482026b006,sha256:8b381ed481391d106817752bbae94a20c98674a9f06056fc100f0e95f3d6de7a,dup_8965e8f852d93f05b9a1,1,[],public,public,manual_comment_sample,Selected public sample only. Not full-platform coverage. Not full-web coverage. Not full-thread coverage.,"{""asset_id"":""local-snapshot-src_weibo_07-comment-7-10"",""run_id"":"""",""task_id"":"""",""source_path"":"""",""record_type"":""comment"",""field_score"":0,""keyword"":"""",""entity_ids"":[]}","{""normalized_from"":""opencrawler_local_asset"",""source_record_id"":""local-snapshot-src_weibo_07-comment-7-10"",""source_type"":""social_platform"",""acquisition_mode"":""manual_url"",""normalized_at"":""2026-06-17T12:10:16.502Z"",""warnings"":[]}",false,false,,ordinary_user,,extreme_attack_or_trolling,fan_community_reaction,unknown,unknown,unknown,unknown,isolated_extreme,anger,isolated_extreme_cluster,104
sgv1_520cbab2f26ad4155c14f0cd,donglu_sunjihai_youth_football_202606,weibo,social_platform,manual_url,external_agent_assisted,source_url_provided_unverified,medium_low,0.45,review_needed,comment,,,????????????????????? ??07-11?,zh-CN,https://s.weibo.com/weibo?q=%E8%91%A3%E8%B7%AF%20%E5%AD%99%E7%BB%A7%E6%B5%B7%20%E9%9D%92%E8%AE%AD&sample=07,https://s.weibo.com/weibo?q=%E8%91%A3%E8%B7%AF%20%E5%AD%99%E7%BB%A7%E6%B5%B7%20%E9%9D%92%E8%AE%AD&sample=07,src_weibo_07,,2026-06-05T19:00:00.000Z,2026-06-17T12:10:16.491Z,,sha256_platform_case_salt,unknown,true,true,,77,0,0,0,sha256:2aedc475e108206339f95c2a198281389b08679e35a8ef2546405fbbc81bc596,sha256:2aedc475e108206339f95c2a198281389b08679e35a8ef2546405fbbc81bc596,sha256:8b381ed481391d106817752bbae94a20c98674a9f06056fc100f0e95f3d6de7a,dup_ca9e436ae37adc245276,1,[],public,public,manual_comment_sample,Selected public sample only. Not full-platform coverage. Not full-web coverage. Not full-thread coverage.,"{""asset_id"":""local-snapshot-src_weibo_07-comment-7-11"",""run_id"":"""",""task_id"":"""",""source_path"":"""",""record_type"":""comment"",""field_score"":0,""keyword"":"""",""entity_ids"":[]}","{""normalized_from"":""opencrawler_local_asset"",""source_record_id"":""local-snapshot-src_weibo_07-comment-7-11"",""source_type"":""social_platform"",""acquisition_mode"":""manual_url"",""normalized_at"":""2026-06-17T12:10:16.502Z"",""warnings"":[]}",false,false,,ordinary_user,,unknown,children_protection_boundary,unknown,unknown,unknown,unknown,unknown,unknown,unknown,77
sgv1_99fbb26e24c77200c4380789,donglu_sunjihai_youth_football_202606,weibo,social_platform,manual_url,external_agent_assisted,source_url_provided_unverified,medium_low,0.45,review_needed,comment,,,??????????????????????????? ??07-12?,zh-CN,https://s.weibo.com/weibo?q=%E8%91%A3%E8%B7%AF%20%E5%AD%99%E7%BB%A7%E6%B5%B7%20%E9%9D%92%E8%AE%AD&sample=07,https://s.weibo.com/weibo?q=%E8%91%A3%E8%B7%AF%20%E5%AD%99%E7%BB%A7%E6%B5%B7%20%E9%9D%92%E8%AE%AD&sample=07,src_weibo_07,,2026-06-06T20:00:00.000Z,2026-06-17T12:10:16.491Z,,sha256_platform_case_salt,unknown,true,true,,84,1,0,0,sha256:66571235bfbd9012cefb8e02d48e2aebf65ee5cc06ede5f93c538fe70a39b161,sha256:66571235bfbd9012cefb8e02d48e2aebf65ee5cc06ede5f93c538fe70a39b161,sha256:8b381ed481391d106817752bbae94a20c98674a9f06056fc100f0e95f3d6de7a,dup_6316daad7ef8bfffe505,1,[],public,public,manual_comment_sample,Selected public sample only. Not full-platform coverage. Not full-web coverage. Not full-thread coverage.,"{""asset_id"":""local-snapshot-src_weibo_07-comment-7-12"",""run_id"":"""",""task_id"":"""",""source_path"":"""",""record_type"":""comment"",""field_score"":0,""keyword"":"""",""entity_ids"":[]}","{""normalized_from"":""opencrawler_local_asset"",""source_record_id"":""local-snapshot-src_weibo_07-comment-7-12"",""source_type"":""social_platform"",""acquisition_mode"":""manual_url"",""normalized_at"":""2026-06-17T12:10:16.502Z"",""warnings"":[]}",false,false,,ordinary_user,,support_donglu_view,chinese_football_reputation,unknown,unknown,unknown,unknown,core_support,curiosity,route_supporter_donglu,86
sgv1_81256365a5ea731b5464765c,donglu_sunjihai_youth_football_202606,weibo,social_platform,manual_url,external_agent_assisted,source_url_provided_unverified,medium_low,0.45,review_needed,comment,,,?????????????????????? ??07-13?,zh-CN,https://s.weibo.com/weibo?q=%E8%91%A3%E8%B7%AF%20%E5%AD%99%E7%BB%A7%E6%B5%B7%20%E9%9D%92%E8%AE%AD&sample=07,https://s.weibo.com/weibo?q=%E8%91%A3%E8%B7%AF%20%E5%AD%99%E7%BB%A7%E6%B5%B7%20%E9%9D%92%E8%AE%AD&sample=07,src_weibo_07,,2026-06-07T21:00:00.000Z,2026-06-17T12:10:16.491Z,,sha256_platform_case_salt,unknown,true,true,,91,2,0,0,sha256:1583383d36b6114268990e2010cd4eb3c2f0248ffdd06e28ebd07f36b5f99bfd,sha256:1583383d36b6114268990e2010cd4eb3c2f0248ffdd06e28ebd07f36b5f99bfd,sha256:8b381ed481391d106817752bbae94a20c98674a9f06056fc100f0e95f3d6de7a,dup_b207cda5617623a40317,1,[],public,public,manual_comment_sample,Selected public sample only. Not full-platform coverage. Not full-web coverage. Not full-thread coverage.,"{""asset_id"":""local-snapshot-src_weibo_07-comment-7-13"",""run_id"":"""",""task_id"":"""",""source_path"":"""",""record_type"":""comment"",""field_score"":0,""keyword"":"""",""entity_ids"":[]}","{""normalized_from"":""opencrawler_local_asset"",""source_record_id"":""local-snapshot-src_weibo_07-comment-7-13"",""source_type"":""social_platform"",""acquisition_mode"":""manual_url"",""normalized_at"":""2026-06-17T12:10:16.502Z"",""warnings"":[]}",false,false,,ordinary_user,,support_sunjihai_view,platform_discussion,unknown,unknown,unknown,unknown,core_support,curiosity,route_supporter_sunjihai,95
sgv1_8a697ff77f219c48e5f13278,donglu_sunjihai_youth_football_202606,weibo,social_platform,manual_url,external_agent_assisted,source_url_provided_unverified,medium_low,0.45,review_needed,comment,,,??????????????????????????? ??07-14?,zh-CN,https://s.weibo.com/weibo?q=%E8%91%A3%E8%B7%AF%20%E5%AD%99%E7%BB%A7%E6%B5%B7%20%E9%9D%92%E8%AE%AD&sample=07,https://s.weibo.com/weibo?q=%E8%91%A3%E8%B7%AF%20%E5%AD%99%E7%BB%A7%E6%B5%B7%20%E9%9D%92%E8%AE%AD&sample=07,src_weibo_07,,2026-06-08T22:00:00.000Z,2026-06-17T12:10:16.491Z,,sha256_platform_case_salt,unknown,true,true,,98,3,0,0,sha256:16e2ab90d2f0ceb848c1ef8ae22fe7655866b2b39e8f45b89b55f05c16b6acaf,sha256:16e2ab90d2f0ceb848c1ef8ae22fe7655866b2b39e8f45b89b55f05c16b6acaf,sha256:8b381ed481391d106817752bbae94a20c98674a9f06056fc100f0e95f3d6de7a,dup_5124f0e92640aeffad77,1,[],public,public,manual_comment_sample,Selected public sample only. Not full-platform coverage. Not full-web coverage. Not full-thread coverage.,"{""asset_id"":""local-snapshot-src_weibo_07-comment-7-14"",""run_id"":"""",""task_id"":"""",""source_path"":"""",""record_type"":""comment"",""field_score"":0,""keyword"":"""",""entity_ids"":[]}","{""normalized_from"":""opencrawler_local_asset"",""source_record_id"":""local-snapshot-src_weibo_07-comment-7-14"",""source_type"":""social_platform"",""acquisition_mode"":""manual_url"",""normalized_at"":""2026-06-17T12:10:16.502Z"",""warnings"":[]}",false,false,,ordinary_user,,neutral_process_focused,extreme_cluster_or_trolling,unknown,unknown,unknown,unknown,bridge,neutral,process_observer,104
sgv1_89fa9bfedbe7ef3817af5eac,donglu_sunjihai_youth_football_202606,weibo,social_platform,manual_url,external_agent_assisted,source_url_provided_unverified,medium_low,0.45,review_needed,comment,,,?????????????????????????? ??07-15?,zh-CN,https://s.weibo.com/weibo?q=%E8%91%A3%E8%B7%AF%20%E5%AD%99%E7%BB%A7%E6%B5%B7%20%E9%9D%92%E8%AE%AD&sample=07,https://s.weibo.com/weibo?q=%E8%91%A3%E8%B7%AF%20%E5%AD%99%E7%BB%A7%E6%B5%B7%20%E9%9D%92%E8%AE%AD&sample=07,src_weibo_07,,2026-06-09T23:00:00.000Z,2026-06-17T12:10:16.491Z,,sha256_platform_case_salt,unknown,true,true,,105,4,0,0,sha256:008569e1660159bb64343ae95bf650cb5dae84b5512c9eeb77e90afad50eab71,sha256:008569e1660159bb64343ae95bf650cb5dae84b5512c9eeb77e90afad50eab71,sha256:8b381ed481391d106817752bbae94a20c98674a9f06056fc100f0e95f3d6de7a,dup_5214ea507d6514c2a9ed,1,[],public,public,manual_comment_sample,Selected public sample only. Not full-platform coverage. Not full-web coverage. Not full-thread coverage.,"{""asset_id"":""local-snapshot-src_weibo_07-comment-7-15"",""run_id"":"""",""task_id"":"""",""source_path"":"""",""record_type"":""comment"",""field_score"":0,""keyword"":"""",""entity_ids"":[]}","{""normalized_from"":""opencrawler_local_asset"",""source_record_id"":""local-snapshot-src_weibo_07-comment-7-15"",""source_type"":""social_platform"",""acquisition_mode"":""manual_url"",""normalized_at"":""2026-06-17T12:10:16.502Z"",""warnings"":[]}",false,false,,ordinary_user,,youth_training_concern,unknown,unknown,unknown,unknown,unknown,neutral,concern,youth_training_concern_cluster,113
sgv1_55eb96820d29d509c9ed9eeb,donglu_sunjihai_youth_football_202606,weibo,social_platform,manual_url,external_agent_assisted,source_url_provided_unverified,medium_low,0.45,review_needed,comment,,,?????????????????????? ??07-16?,zh-CN,https://s.weibo.com/weibo?q=%E8%91%A3%E8%B7%AF%20%E5%AD%99%E7%BB%A7%E6%B5%B7%20%E9%9D%92%E8%AE%AD&sample=07,https://s.weibo.com/weibo?q=%E8%91%A3%E8%B7%AF%20%E5%AD%99%E7%BB%A7%E6%B5%B7%20%E9%9D%92%E8%AE%AD&sample=07,src_weibo_07,,2026-06-10T00:00:00.000Z,2026-06-17T12:10:16.491Z,,sha256_platform_case_salt,unknown,true,true,,112,5,0,0,sha256:2048ad42d521d8075a6985670e8b04bd3dd0d0ec3bef17ec4cae774a18086345,sha256:2048ad42d521d8075a6985670e8b04bd3dd0d0ec3bef17ec4cae774a18086345,sha256:8b381ed481391d106817752bbae94a20c98674a9f06056fc100f0e95f3d6de7a,dup_c762f1a07ddff695363d,1,[],public,public,manual_comment_sample,Selected public sample only. Not full-platform coverage. Not full-web coverage. Not full-thread coverage.,"{""asset_id"":""local-snapshot-src_weibo_07-comment-7-16"",""run_id"":"""",""task_id"":"""",""source_path"":"""",""record_type"":""comment"",""field_score"":0,""keyword"":"""",""entity_ids"":[]}","{""normalized_from"":""opencrawler_local_asset"",""source_record_id"":""local-snapshot-src_weibo_07-comment-7-16"",""source_type"":""social_platform"",""acquisition_mode"":""manual_url"",""normalized_at"":""2026-06-17T12:10:16.502Z"",""warnings"":[]}",false,false,,ordinary_user,,anti_conflict_fatigue,youth_training_model,unknown,unknown,unknown,unknown,fatigue,fatigue,fatigue_cluster,122
sgv1_71125632ee31606f22359228,donglu_sunjihai_youth_football_202606,weibo,social_platform,manual_url,external_agent_assisted,source_url_provided_unverified,medium_low,0.45,review_needed,comment,,,??????????????????????? ??08-01?,zh-CN,https://s.weibo.com/weibo?q=%E8%91%A3%E8%B7%AF%20%E5%AD%99%E7%BB%A7%E6%B5%B7%20%E9%9D%92%E8%AE%AD&sample=08,https://s.weibo.com/weibo?q=%E8%91%A3%E8%B7%AF%20%E5%AD%99%E7%BB%A7%E6%B5%B7%20%E9%9D%92%E8%AE%AD&sample=08,src_weibo_08,,2026-06-10T09:00:00.000Z,2026-06-17T12:10:16.491Z,,sha256_platform_case_salt,unknown,true,true,,8,9,0,0,sha256:56def553271993b1f6617b65f68e0fcb837ced2522189c7fe40903eacbf84b3b,sha256:56def553271993b1f6617b65f68e0fcb837ced2522189c7fe40903eacbf84b3b,sha256:0e1349a5a6d840368e86c814fd869f410979901e35e15e854b37464141c644b5,dup_4d2241cd3260c8f1bac2,1,[],public,public,manual_comment_sample,Selected public sample only. Not full-platform coverage. Not full-web coverage. Not full-thread coverage.,"{""asset_id"":""local-snapshot-src_weibo_08-comment-8-1"",""run_id"":"""",""task_id"":"""",""source_path"":"""",""record_type"":""comment"",""field_score"":0,""keyword"":"""",""entity_ids"":[]}","{""normalized_from"":""opencrawler_local_asset"",""source_record_id"":""local-snapshot-src_weibo_08-comment-8-1"",""source_type"":""social_platform"",""acquisition_mode"":""manual_url"",""normalized_at"":""2026-06-17T12:10:16.502Z"",""warnings"":[]}",false,false,,ordinary_user,,extreme_attack_or_trolling,platform_discussion,unknown,unknown,unknown,unknown,isolated_extreme,anger,isolated_extreme_cluster,26
sgv1_ab1f610dbf3a31c8ccd6136c,donglu_sunjihai_youth_football_202606,weibo,social_platform,manual_url,external_agent_assisted,source_url_provided_unverified,medium_low,0.45,review_needed,comment,,,????????????????? ??08-02?,zh-CN,https://s.weibo.com/weibo?q=%E8%91%A3%E8%B7%AF%20%E5%AD%99%E7%BB%A7%E6%B5%B7%20%E9%9D%92%E8%AE%AD&sample=08,https://s.weibo.com/weibo?q=%E8%91%A3%E8%B7%AF%20%E5%AD%99%E7%BB%A7%E6%B5%B7%20%E9%9D%92%E8%AE%AD&sample=08,src_weibo_08,,2026-06-11T10:00:00.000Z,2026-06-17T12:10:16.491Z,,sha256_platform_case_salt,unknown,true,true,,16,10,0,0,sha256:b949b528dbbd6d94e342874fc326d7a74b7cb9b15cf5354608c791a55548100a,sha256:b949b528dbbd6d94e342874fc326d7a74b7cb9b15cf5354608c791a55548100a,sha256:0e1349a5a6d840368e86c814fd869f410979901e35e15e854b37464141c644b5,dup_e052d6872ac570324b00,1,[],public,public,manual_comment_sample,Selected public sample only. Not full-platform coverage. Not full-web coverage. Not full-thread coverage.,"{""asset_id"":""local-snapshot-src_weibo_08-comment-8-2"",""run_id"":"""",""task_id"":"""",""source_path"":"""",""record_type"":""comment"",""field_score"":0,""keyword"":"""",""entity_ids"":[]}","{""normalized_from"":""opencrawler_local_asset"",""source_record_id"":""local-snapshot-src_weibo_08-comment-8-2"",""source_type"":""social_platform"",""acquisition_mode"":""manual_url"",""normalized_at"":""2026-06-17T12:10:16.502Z"",""warnings"":[]}",false,false,,ordinary_user,,unknown,extreme_cluster_or_trolling,unknown,unknown,unknown,unknown,unknown,unknown,unknown,36
sgv1_831b0f37bd7ead4e80179f2d,donglu_sunjihai_youth_football_202606,weibo,social_platform,manual_url,external_agent_assisted,source_url_provided_unverified,medium_low,0.45,review_needed,comment,,,???????????????????????? ??08-03?,zh-CN,https://s.weibo.com/weibo?q=%E8%91%A3%E8%B7%AF%20%E5%AD%99%E7%BB%A7%E6%B5%B7%20%E9%9D%92%E8%AE%AD&sample=08,https://s.weibo.com/weibo?q=%E8%91%A3%E8%B7%AF%20%E5%AD%99%E7%BB%A7%E6%B5%B7%20%E9%9D%92%E8%AE%AD&sample=08,src_weibo_08,,2026-06-12T11:00:00.000Z,2026-06-17T12:10:16.491Z,,sha256_platform_case_salt,unknown,true,true,,24,11,0,0,sha256:3f8648307f5801c37baf3610eb8594ddfe2e78a0269c16b6d2f4d4438d23109d,sha256:3f8648307f5801c37baf3610eb8594ddfe2e78a0269c16b6d2f4d4438d23109d,sha256:0e1349a5a6d840368e86c814fd869f410979901e35e15e854b37464141c644b5,dup_77546157c8047ea507a9,1,[],public,public,manual_comment_sample,Selected public sample only. Not full-platform coverage. Not full-web coverage. Not full-thread coverage.,"{""asset_id"":""local-snapshot-src_weibo_08-comment-8-3"",""run_id"":"""",""task_id"":"""",""source_path"":"""",""record_type"":""comment"",""field_score"":0,""keyword"":"""",""entity_ids"":[]}","{""normalized_from"":""opencrawler_local_asset"",""source_record_id"":""local-snapshot-src_weibo_08-comment-8-3"",""source_type"":""social_platform"",""acquisition_mode"":""manual_url"",""normalized_at"":""2026-06-17T12:10:16.502Z"",""warnings"":[]}",false,false,,ordinary_user,,support_donglu_view,unknown,unknown,unknown,unknown,unknown,core_support,curiosity,route_supporter_donglu,46
sgv1_8e6b76f815961674099f8628,donglu_sunjihai_youth_football_202606,weibo,social_platform,manual_url,external_agent_assisted,source_url_provided_unverified,medium_low,0.45,review_needed,comment,,,?????????????????????????? ??08-04?,zh-CN,https://s.weibo.com/weibo?q=%E8%91%A3%E8%B7%AF%20%E5%AD%99%E7%BB%A7%E6%B5%B7%20%E9%9D%92%E8%AE%AD&sample=08,https://s.weibo.com/weibo?q=%E8%91%A3%E8%B7%AF%20%E5%AD%99%E7%BB%A7%E6%B5%B7%20%E9%9D%92%E8%AE%AD&sample=08,src_weibo_08,,2026-06-13T12:00:00.000Z,2026-06-17T12:10:16.491Z,,sha256_platform_case_salt,unknown,true,true,,32,12,0,0,sha256:3b256b444f21718b8f1c681b055151f8fb99e0dd4eb936ac1ebee28f58b25301,sha256:3b256b444f21718b8f1c681b055151f8fb99e0dd4eb936ac1ebee28f58b25301,sha256:0e1349a5a6d840368e86c814fd869f410979901e35e15e854b37464141c644b5,dup_7befb299666238c5b074,1,[],public,public,manual_comment_sample,Selected public sample only. Not full-platform coverage. Not full-web coverage. Not full-thread coverage.,"{""asset_id"":""local-snapshot-src_weibo_08-comment-8-4"",""run_id"":"""",""task_id"":"""",""source_path"":"""",""record_type"":""comment"",""field_score"":0,""keyword"":"""",""entity_ids"":[]}","{""normalized_from"":""opencrawler_local_asset"",""source_record_id"":""local-snapshot-src_weibo_08-comment-8-4"",""source_type"":""social_platform"",""acquisition_mode"":""manual_url"",""normalized_at"":""2026-06-17T12:10:16.502Z"",""warnings"":[]}",false,false,,ordinary_user,,support_sunjihai_view,youth_training_model,unknown,unknown,unknown,unknown,core_support,curiosity,route_supporter_sunjihai,56
sgv1_c04dcdb5c6cf636f5a4c238a,donglu_sunjihai_youth_football_202606,weibo,social_platform,manual_url,external_agent_assisted,source_url_provided_unverified,medium_low,0.45,review_needed,comment,,,???????????????????????????? ??08-05?,zh-CN,https://s.weibo.com/weibo?q=%E8%91%A3%E8%B7%AF%20%E5%AD%99%E7%BB%A7%E6%B5%B7%20%E9%9D%92%E8%AE%AD&sample=08,https://s.weibo.com/weibo?q=%E8%91%A3%E8%B7%AF%20%E5%AD%99%E7%BB%A7%E6%B5%B7%20%E9%9D%92%E8%AE%AD&sample=08,src_weibo_08,,2026-06-14T13:00:00.000Z,2026-06-17T12:10:16.491Z,,sha256_platform_case_salt,unknown,true,true,,40,13,0,0,sha256:c56d37fde0195da28140ceadfdc70d2084148f511b3ee622da18b47228c0e950,sha256:c56d37fde0195da28140ceadfdc70d2084148f511b3ee622da18b47228c0e950,sha256:0e1349a5a6d840368e86c814fd869f410979901e35e15e854b37464141c644b5,dup_6c072537c89c555d1947,1,[],public,public,manual_comment_sample,Selected public sample only. Not full-platform coverage. Not full-web coverage. Not full-thread coverage.,"{""asset_id"":""local-snapshot-src_weibo_08-comment-8-5"",""run_id"":"""",""task_id"":"""",""source_path"":"""",""record_type"":""comment"",""field_score"":0,""keyword"":"""",""entity_ids"":[]}","{""normalized_from"":""opencrawler_local_asset"",""source_record_id"":""local-snapshot-src_weibo_08-comment-8-5"",""source_type"":""social_platform"",""acquisition_mode"":""manual_url"",""normalized_at"":""2026-06-17T12:10:16.502Z"",""warnings"":[]}",false,false,,ordinary_user,,neutral_process_focused,contract_or_responsibility_dispute,unknown,unknown,unknown,unknown,bridge,neutral,process_observer,66
sgv1_e756a13b434af51514bdc802,donglu_sunjihai_youth_football_202606,weibo,social_platform,manual_url,external_agent_assisted,source_url_provided_unverified,medium_low,0.45,review_needed,comment,,,?????????????????????? ??08-06?,zh-CN,https://s.weibo.com/weibo?q=%E8%91%A3%E8%B7%AF%20%E5%AD%99%E7%BB%A7%E6%B5%B7%20%E9%9D%92%E8%AE%AD&sample=08,https://s.weibo.com/weibo?q=%E8%91%A3%E8%B7%AF%20%E5%AD%99%E7%BB%A7%E6%B5%B7%20%E9%9D%92%E8%AE%AD&sample=08,src_weibo_08,,2026-06-01T14:00:00.000Z,2026-06-17T12:10:16.491Z,,sha256_platform_case_salt,unknown,true,true,,48,14,0,0,sha256:63726604d9d1b66b15ac5587264de98b3c551751c149129a298e19cf256731b5,sha256:63726604d9d1b66b15ac5587264de98b3c551751c149129a298e19cf256731b5,sha256:0e1349a5a6d840368e86c814fd869f410979901e35e15e854b37464141c644b5,dup_9e2e4d6580a728c442aa,1,[],public,public,manual_comment_sample,Selected public sample only. Not full-platform coverage. Not full-web coverage. Not full-thread coverage.,"{""asset_id"":""local-snapshot-src_weibo_08-comment-8-6"",""run_id"":"""",""task_id"":"""",""source_path"":"""",""record_type"":""comment"",""field_score"":0,""keyword"":"""",""entity_ids"":[]}","{""normalized_from"":""opencrawler_local_asset"",""source_record_id"":""local-snapshot-src_weibo_08-comment-8-6"",""source_type"":""social_platform"",""acquisition_mode"":""manual_url"",""normalized_at"":""2026-06-17T12:10:16.502Z"",""warnings"":[]}",false,false,,ordinary_user,,youth_training_concern,public_response,unknown,unknown,unknown,unknown,neutral,concern,youth_training_concern_cluster,76
sgv1_ce56924fb3814cd06c0ff1ae,donglu_sunjihai_youth_football_202606,weibo,social_platform,manual_url,external_agent_assisted,source_url_provided_unverified,medium_low,0.45,review_needed,comment,,,???????????????????????? ??08-07?,zh-CN,https://s.weibo.com/weibo?q=%E8%91%A3%E8%B7%AF%20%E5%AD%99%E7%BB%A7%E6%B5%B7%20%E9%9D%92%E8%AE%AD&sample=08,https://s.weibo.com/weibo?q=%E8%91%A3%E8%B7%AF%20%E5%AD%99%E7%BB%A7%E6%B5%B7%20%E9%9D%92%E8%AE%AD&sample=08,src_weibo_08,,2026-06-02T15:00:00.000Z,2026-06-17T12:10:16.491Z,,sha256_platform_case_salt,unknown,true,true,,56,15,0,0,sha256:01acde75d7f4f02657030c5606c90f5ef30cad839cb18a1e5b2d84c0e5536868,sha256:01acde75d7f4f02657030c5606c90f5ef30cad839cb18a1e5b2d84c0e5536868,sha256:0e1349a5a6d840368e86c814fd869f410979901e35e15e854b37464141c644b5,dup_6aecfb2f18eb66d2ab54,1,[],public,public,manual_comment_sample,Selected public sample only. Not full-platform coverage. Not full-web coverage. Not full-thread coverage.,"{""asset_id"":""local-snapshot-src_weibo_08-comment-8-7"",""run_id"":"""",""task_id"":"""",""source_path"":"""",""record_type"":""comment"",""field_score"":0,""keyword"":"""",""entity_ids"":[]}","{""normalized_from"":""opencrawler_local_asset"",""source_record_id"":""local-snapshot-src_weibo_08-comment-8-7"",""source_type"":""social_platform"",""acquisition_mode"":""manual_url"",""normalized_at"":""2026-06-17T12:10:16.502Z"",""warnings"":[]}",false,false,,ordinary_user,,anti_conflict_fatigue,media_reframing,unknown,unknown,unknown,unknown,fatigue,fatigue,fatigue_cluster,86
sgv1_b12c769b9cc710dbab357247,donglu_sunjihai_youth_football_202606,weibo,social_platform,manual_url,external_agent_assisted,source_url_provided_unverified,medium_low,0.45,review_needed,comment,,,????????????????????????? ??08-08?,zh-CN,https://s.weibo.com/weibo?q=%E8%91%A3%E8%B7%AF%20%E5%AD%99%E7%BB%A7%E6%B5%B7%20%E9%9D%92%E8%AE%AD&sample=08,https://s.weibo.com/weibo?q=%E8%91%A3%E8%B7%AF%20%E5%AD%99%E7%BB%A7%E6%B5%B7%20%E9%9D%92%E8%AE%AD&sample=08,src_weibo_08,,2026-06-03T16:00:00.000Z,2026-06-17T12:10:16.491Z,,sha256_platform_case_salt,unknown,true,true,,64,16,0,0,sha256:3b8c7971b6210fb937218dd3314fbd05eeb1135623027634beae5250233e1b37,sha256:3b8c7971b6210fb937218dd3314fbd05eeb1135623027634beae5250233e1b37,sha256:0e1349a5a6d840368e86c814fd869f410979901e35e15e854b37464141c644b5,dup_beb1086a12285357f0e7,1,[],public,public,manual_comment_sample,Selected public sample only. Not full-platform coverage. Not full-web coverage. Not full-thread coverage.,"{""asset_id"":""local-snapshot-src_weibo_08-comment-8-8"",""run_id"":"""",""task_id"":"""",""source_path"":"""",""record_type"":""comment"",""field_score"":0,""keyword"":"""",""entity_ids"":[]}","{""normalized_from"":""opencrawler_local_asset"",""source_record_id"":""local-snapshot-src_weibo_08-comment-8-8"",""source_type"":""social_platform"",""acquisition_mode"":""manual_url"",""normalized_at"":""2026-06-17T12:10:16.502Z"",""warnings"":[]}",false,false,,ordinary_user,,media_context,fan_community_reaction,unknown,unknown,unknown,unknown,bridge,neutral,media_context_reader,96
sgv1_3efaf34dbd4903b3cda8ad7a,donglu_sunjihai_youth_football_202606,weibo,social_platform,manual_url,external_agent_assisted,source_url_provided_unverified,medium_low,0.45,review_needed,comment,,,??????????????????????? ??08-09?,zh-CN,https://s.weibo.com/weibo?q=%E8%91%A3%E8%B7%AF%20%E5%AD%99%E7%BB%A7%E6%B5%B7%20%E9%9D%92%E8%AE%AD&sample=08,https://s.weibo.com/weibo?q=%E8%91%A3%E8%B7%AF%20%E5%AD%99%E7%BB%A7%E6%B5%B7%20%E9%9D%92%E8%AE%AD&sample=08,src_weibo_08,,2026-06-04T17:00:00.000Z,2026-06-17T12:10:16.491Z,,sha256_platform_case_salt,unknown,true,true,,72,17,0,0,sha256:0a09cd4de55428f988d50659de286e119a46ccd497bab8410dab3332cae1bd5f,sha256:0a09cd4de55428f988d50659de286e119a46ccd497bab8410dab3332cae1bd5f,sha256:0e1349a5a6d840368e86c814fd869f410979901e35e15e854b37464141c644b5,dup_ccd8bbe80e41f46a2e0c,1,[],public,public,manual_comment_sample,Selected public sample only. Not full-platform coverage. Not full-web coverage. Not full-thread coverage.,"{""asset_id"":""local-snapshot-src_weibo_08-comment-8-9"",""run_id"":"""",""task_id"":"""",""source_path"":"""",""record_type"":""comment"",""field_score"":0,""keyword"":"""",""entity_ids"":[]}","{""normalized_from"":""opencrawler_local_asset"",""source_record_id"":""local-snapshot-src_weibo_08-comment-8-9"",""source_type"":""social_platform"",""acquisition_mode"":""manual_url"",""normalized_at"":""2026-06-17T12:10:16.502Z"",""warnings"":[]}",false,false,,ordinary_user,,extreme_attack_or_trolling,children_protection_boundary,unknown,unknown,unknown,unknown,isolated_extreme,anger,isolated_extreme_cluster,106
sgv1_0eb20dc6d215f0ed30f56aa4,donglu_sunjihai_youth_football_202606,weibo,social_platform,manual_url,external_agent_assisted,source_url_provided_unverified,medium_low,0.45,review_needed,comment,,,????????????????????? ??08-10?,zh-CN,https://s.weibo.com/weibo?q=%E8%91%A3%E8%B7%AF%20%E5%AD%99%E7%BB%A7%E6%B5%B7%20%E9%9D%92%E8%AE%AD&sample=08,https://s.weibo.com/weibo?q=%E8%91%A3%E8%B7%AF%20%E5%AD%99%E7%BB%A7%E6%B5%B7%20%E9%9D%92%E8%AE%AD&sample=08,src_weibo_08,,2026-06-05T18:00:00.000Z,2026-06-17T12:10:16.491Z,,sha256_platform_case_salt,unknown,true,true,,80,0,0,0,sha256:e4fff635aa84b7fc5f4560308b612e3a665bb6f4e511c7041da40761d7e49bb5,sha256:e4fff635aa84b7fc5f4560308b612e3a665bb6f4e511c7041da40761d7e49bb5,sha256:0e1349a5a6d840368e86c814fd869f410979901e35e15e854b37464141c644b5,dup_45894fb32587516d829e,1,[],public,public,manual_comment_sample,Selected public sample only. Not full-platform coverage. Not full-web coverage. Not full-thread coverage.,"{""asset_id"":""local-snapshot-src_weibo_08-comment-8-10"",""run_id"":"""",""task_id"":"""",""source_path"":"""",""record_type"":""comment"",""field_score"":0,""keyword"":"""",""entity_ids"":[]}","{""normalized_from"":""opencrawler_local_asset"",""source_record_id"":""local-snapshot-src_weibo_08-comment-8-10"",""source_type"":""social_platform"",""acquisition_mode"":""manual_url"",""normalized_at"":""2026-06-17T12:10:16.502Z"",""warnings"":[]}",false,false,,ordinary_user,,unknown,chinese_football_reputation,unknown,unknown,unknown,unknown,unknown,unknown,unknown,80
sgv1_c6270018ffbe8c31f2f9d392,donglu_sunjihai_youth_football_202606,weibo,social_platform,manual_url,external_agent_assisted,source_url_provided_unverified,medium_low,0.45,review_needed,comment,,,??????????????????????????? ??08-11?,zh-CN,https://s.weibo.com/weibo?q=%E8%91%A3%E8%B7%AF%20%E5%AD%99%E7%BB%A7%E6%B5%B7%20%E9%9D%92%E8%AE%AD&sample=08,https://s.weibo.com/weibo?q=%E8%91%A3%E8%B7%AF%20%E5%AD%99%E7%BB%A7%E6%B5%B7%20%E9%9D%92%E8%AE%AD&sample=08,src_weibo_08,,2026-06-06T19:00:00.000Z,2026-06-17T12:10:16.491Z,,sha256_platform_case_salt,unknown,true,true,,88,1,0,0,sha256:a3743d46eded47bafbfc18b1931436e8f0c3f4f4b15eab9d861c0a5801566dfb,sha256:a3743d46eded47bafbfc18b1931436e8f0c3f4f4b15eab9d861c0a5801566dfb,sha256:0e1349a5a6d840368e86c814fd869f410979901e35e15e854b37464141c644b5,dup_22a905e32d02c8070a6c,1,[],public,public,manual_comment_sample,Selected public sample only. Not full-platform coverage. Not full-web coverage. Not full-thread coverage.,"{""asset_id"":""local-snapshot-src_weibo_08-comment-8-11"",""run_id"":"""",""task_id"":"""",""source_path"":"""",""record_type"":""comment"",""field_score"":0,""keyword"":"""",""entity_ids"":[]}","{""normalized_from"":""opencrawler_local_asset"",""source_record_id"":""local-snapshot-src_weibo_08-comment-8-11"",""source_type"":""social_platform"",""acquisition_mode"":""manual_url"",""normalized_at"":""2026-06-17T12:10:16.502Z"",""warnings"":[]}",false,false,,ordinary_user,,support_donglu_view,platform_discussion,unknown,unknown,unknown,unknown,core_support,curiosity,route_supporter_donglu,90
sgv1_561ea14a32330be7afdfb624,donglu_sunjihai_youth_football_202606,weibo,social_platform,manual_url,external_agent_assisted,source_url_provided_unverified,medium_low,0.45,review_needed,comment,,,?????????????????????? ??08-12?,zh-CN,https://s.weibo.com/weibo?q=%E8%91%A3%E8%B7%AF%20%E5%AD%99%E7%BB%A7%E6%B5%B7%20%E9%9D%92%E8%AE%AD&sample=08,https://s.weibo.com/weibo?q=%E8%91%A3%E8%B7%AF%20%E5%AD%99%E7%BB%A7%E6%B5%B7%20%E9%9D%92%E8%AE%AD&sample=08,src_weibo_08,,2026-06-07T20:00:00.000Z,2026-06-17T12:10:16.491Z,,sha256_platform_case_salt,unknown,true,true,,96,2,0,0,sha256:26077bb15808d4690354d56b75512af53caa2f14e5b0a958a0d32184135ce19a,sha256:26077bb15808d4690354d56b75512af53caa2f14e5b0a958a0d32184135ce19a,sha256:0e1349a5a6d840368e86c814fd869f410979901e35e15e854b37464141c644b5,dup_87cccb78a7d308199063,1,[],public,public,manual_comment_sample,Selected public sample only. Not full-platform coverage. Not full-web coverage. Not full-thread coverage.,"{""asset_id"":""local-snapshot-src_weibo_08-comment-8-12"",""run_id"":"""",""task_id"":"""",""source_path"":"""",""record_type"":""comment"",""field_score"":0,""keyword"":"""",""entity_ids"":[]}","{""normalized_from"":""opencrawler_local_asset"",""source_record_id"":""local-snapshot-src_weibo_08-comment-8-12"",""source_type"":""social_platform"",""acquisition_mode"":""manual_url"",""normalized_at"":""2026-06-17T12:10:16.502Z"",""warnings"":[]}",false,false,,ordinary_user,,support_sunjihai_view,extreme_cluster_or_trolling,unknown,unknown,unknown,unknown,core_support,curiosity,route_supporter_sunjihai,100
sgv1_7e859504c8e8c5a2312663a3,donglu_sunjihai_youth_football_202606,weibo,social_platform,manual_url,external_agent_assisted,source_url_provided_unverified,medium_low,0.45,review_needed,comment,,,??????????????????????????? ??08-13?,zh-CN,https://s.weibo.com/weibo?q=%E8%91%A3%E8%B7%AF%20%E5%AD%99%E7%BB%A7%E6%B5%B7%20%E9%9D%92%E8%AE%AD&sample=08,https://s.weibo.com/weibo?q=%E8%91%A3%E8%B7%AF%20%E5%AD%99%E7%BB%A7%E6%B5%B7%20%E9%9D%92%E8%AE%AD&sample=08,src_weibo_08,,2026-06-08T21:00:00.000Z,2026-06-17T12:10:16.491Z,,sha256_platform_case_salt,unknown,true,true,,104,3,0,0,sha256:280adcba000b983789e0f4f577d76c5202b8b9ff178e8221d5c6ecfcbdf9fbb0,sha256:280adcba000b983789e0f4f577d76c5202b8b9ff178e8221d5c6ecfcbdf9fbb0,sha256:0e1349a5a6d840368e86c814fd869f410979901e35e15e854b37464141c644b5,dup_0870ab2371507eeab3f4,1,[],public,public,manual_comment_sample,Selected public sample only. Not full-platform coverage. Not full-web coverage. Not full-thread coverage.,"{""asset_id"":""local-snapshot-src_weibo_08-comment-8-13"",""run_id"":"""",""task_id"":"""",""source_path"":"""",""record_type"":""comment"",""field_score"":0,""keyword"":"""",""entity_ids"":[]}","{""normalized_from"":""opencrawler_local_asset"",""source_record_id"":""local-snapshot-src_weibo_08-comment-8-13"",""source_type"":""social_platform"",""acquisition_mode"":""manual_url"",""normalized_at"":""2026-06-17T12:10:16.502Z"",""warnings"":[]}",false,false,,ordinary_user,,neutral_process_focused,unknown,unknown,unknown,unknown,unknown,bridge,neutral,process_observer,110
sgv1_c29406cdd1c884937b154c87,donglu_sunjihai_youth_football_202606,weibo,social_platform,manual_url,external_agent_assisted,source_url_provided_unverified,medium_low,0.45,review_needed,comment,,,?????????????????????????? ??08-14?,zh-CN,https://s.weibo.com/weibo?q=%E8%91%A3%E8%B7%AF%20%E5%AD%99%E7%BB%A7%E6%B5%B7%20%E9%9D%92%E8%AE%AD&sample=08,https://s.weibo.com/weibo?q=%E8%91%A3%E8%B7%AF%20%E5%AD%99%E7%BB%A7%E6%B5%B7%20%E9%9D%92%E8%AE%AD&sample=08,src_weibo_08,,2026-06-09T22:00:00.000Z,2026-06-17T12:10:16.491Z,,sha256_platform_case_salt,unknown,true,true,,112,4,0,0,sha256:09651372ce84c3c56d0b4f497732cf1e7b57114547ebed99e5173f7615cac333,sha256:09651372ce84c3c56d0b4f497732cf1e7b57114547ebed99e5173f7615cac333,sha256:0e1349a5a6d840368e86c814fd869f410979901e35e15e854b37464141c644b5,dup_90f2fd971c4644fb28d5,1,[],public,public,manual_comment_sample,Selected public sample only. Not full-platform coverage. Not full-web coverage. Not full-thread coverage.,"{""asset_id"":""local-snapshot-src_weibo_08-comment-8-14"",""run_id"":"""",""task_id"":"""",""source_path"":"""",""record_type"":""comment"",""field_score"":0,""keyword"":"""",""entity_ids"":[]}","{""normalized_from"":""opencrawler_local_asset"",""source_record_id"":""local-snapshot-src_weibo_08-comment-8-14"",""source_type"":""social_platform"",""acquisition_mode"":""manual_url"",""normalized_at"":""2026-06-17T12:10:16.502Z"",""warnings"":[]}",false,false,,ordinary_user,,youth_training_concern,youth_training_model,unknown,unknown,unknown,unknown,neutral,concern,youth_training_concern_cluster,120
sgv1_c154bccb5d466be189815914,donglu_sunjihai_youth_football_202606,weibo,social_platform,manual_url,external_agent_assisted,source_url_provided_unverified,medium_low,0.45,review_needed,comment,,,?????????????????????? ??08-15?,zh-CN,https://s.weibo.com/weibo?q=%E8%91%A3%E8%B7%AF%20%E5%AD%99%E7%BB%A7%E6%B5%B7%20%E9%9D%92%E8%AE%AD&sample=08,https://s.weibo.com/weibo?q=%E8%91%A3%E8%B7%AF%20%E5%AD%99%E7%BB%A7%E6%B5%B7%20%E9%9D%92%E8%AE%AD&sample=08,src_weibo_08,,2026-06-10T23:00:00.000Z,2026-06-17T12:10:16.491Z,,sha256_platform_case_salt,unknown,true,true,,120,5,0,0,sha256:b55a8f6b3925127db6f094a163fdbde1dff238bfe43d08340bc7830f69ac5960,sha256:b55a8f6b3925127db6f094a163fdbde1dff238bfe43d08340bc7830f69ac5960,sha256:0e1349a5a6d840368e86c814fd869f410979901e35e15e854b37464141c644b5,dup_00c74140506bee075692,1,[],public,public,manual_comment_sample,Selected public sample only. Not full-platform coverage. Not full-web coverage. Not full-thread coverage.,"{""asset_id"":""local-snapshot-src_weibo_08-comment-8-15"",""run_id"":"""",""task_id"":"""",""source_path"":"""",""record_type"":""comment"",""field_score"":0,""keyword"":"""",""entity_ids"":[]}","{""normalized_from"":""opencrawler_local_asset"",""source_record_id"":""local-snapshot-src_weibo_08-comment-8-15"",""source_type"":""social_platform"",""acquisition_mode"":""manual_url"",""normalized_at"":""2026-06-17T12:10:16.502Z"",""warnings"":[]}",false,false,,ordinary_user,,anti_conflict_fatigue,contract_or_responsibility_dispute,unknown,unknown,unknown,unknown,fatigue,fatigue,fatigue_cluster,130
sgv1_d99540ec32c51e3f0a497e6e,donglu_sunjihai_youth_football_202606,weibo,social_platform,manual_url,external_agent_assisted,source_url_provided_unverified,medium_low,0.45,review_needed,comment,,,???????????????????????? ??08-16?,zh-CN,https://s.weibo.com/weibo?q=%E8%91%A3%E8%B7%AF%20%E5%AD%99%E7%BB%A7%E6%B5%B7%20%E9%9D%92%E8%AE%AD&sample=08,https://s.weibo.com/weibo?q=%E8%91%A3%E8%B7%AF%20%E5%AD%99%E7%BB%A7%E6%B5%B7%20%E9%9D%92%E8%AE%AD&sample=08,src_weibo_08,,2026-06-11T00:00:00.000Z,2026-06-17T12:10:16.491Z,,sha256_platform_case_salt,unknown,true,true,,128,6,0,0,sha256:b798ac32af4d4dc2dec53b00e3db947557ddcda4df5c44c4723eff5b98fa8102,sha256:b798ac32af4d4dc2dec53b00e3db947557ddcda4df5c44c4723eff5b98fa8102,sha256:0e1349a5a6d840368e86c814fd869f410979901e35e15e854b37464141c644b5,dup_6bcb33876319cd39f916,1,[],public,public,manual_comment_sample,Selected public sample only. Not full-platform coverage. Not full-web coverage. Not full-thread coverage.,"{""asset_id"":""local-snapshot-src_weibo_08-comment-8-16"",""run_id"":"""",""task_id"":"""",""source_path"":"""",""record_type"":""comment"",""field_score"":0,""keyword"":"""",""entity_ids"":[]}","{""normalized_from"":""opencrawler_local_asset"",""source_record_id"":""local-snapshot-src_weibo_08-comment-8-16"",""source_type"":""social_platform"",""acquisition_mode"":""manual_url"",""normalized_at"":""2026-06-17T12:10:16.502Z"",""warnings"":[]}",false,false,,ordinary_user,,media_context,public_response,unknown,unknown,unknown,unknown,bridge,neutral,media_context_reader,140
sgv1_bf4c89ffe00895cd5402b1d9,donglu_sunjihai_youth_football_202606,weibo,social_platform,manual_url,external_agent_assisted,source_url_provided_unverified,medium_low,0.45,review_needed,comment,,,????????????????? ??09-01?,zh-CN,https://s.weibo.com/weibo?q=%E8%91%A3%E8%B7%AF%20%E5%AD%99%E7%BB%A7%E6%B5%B7%20%E9%9D%92%E8%AE%AD&sample=09,https://s.weibo.com/weibo?q=%E8%91%A3%E8%B7%AF%20%E5%AD%99%E7%BB%A7%E6%B5%B7%20%E9%9D%92%E8%AE%AD&sample=09,src_weibo_09,,2026-06-11T09:00:00.000Z,2026-06-17T12:10:16.491Z,,sha256_platform_case_salt,unknown,true,true,,9,10,0,0,sha256:ba7e5b85f298f7a7b69c4a945bab113830a76030385bf1bdc87279bf956108f5,sha256:ba7e5b85f298f7a7b69c4a945bab113830a76030385bf1bdc87279bf956108f5,sha256:dd53ba3019b6f3686dcbaf31220c19122a14d18f07d639b3492ac90f8783aa29,dup_406578be9a1e6e7225a3,1,[],public,public,manual_comment_sample,Selected public sample only. Not full-platform coverage. Not full-web coverage. Not full-thread coverage.,"{""asset_id"":""local-snapshot-src_weibo_09-comment-9-1"",""run_id"":"""",""task_id"":"""",""source_path"":"""",""record_type"":""comment"",""field_score"":0,""keyword"":"""",""entity_ids"":[]}","{""normalized_from"":""opencrawler_local_asset"",""source_record_id"":""local-snapshot-src_weibo_09-comment-9-1"",""source_type"":""social_platform"",""acquisition_mode"":""manual_url"",""normalized_at"":""2026-06-17T12:10:16.502Z"",""warnings"":[]}",false,false,,ordinary_user,,unknown,unknown,unknown,unknown,unknown,unknown,unknown,unknown,unknown,29
sgv1_5e5fd99ad0d7ed1b4f9f2be4,donglu_sunjihai_youth_football_202606,weibo,social_platform,manual_url,external_agent_assisted,source_url_provided_unverified,medium_low,0.45,review_needed,comment,,,???????????????????????? ??09-02?,zh-CN,https://s.weibo.com/weibo?q=%E8%91%A3%E8%B7%AF%20%E5%AD%99%E7%BB%A7%E6%B5%B7%20%E9%9D%92%E8%AE%AD&sample=09,https://s.weibo.com/weibo?q=%E8%91%A3%E8%B7%AF%20%E5%AD%99%E7%BB%A7%E6%B5%B7%20%E9%9D%92%E8%AE%AD&sample=09,src_weibo_09,,2026-06-12T10:00:00.000Z,2026-06-17T12:10:16.491Z,,sha256_platform_case_salt,unknown,true,true,,18,11,0,0,sha256:b9aae7f74075e0b079c2678e21a658c3a4817afdd8c00f3eb145a3945997825c,sha256:b9aae7f74075e0b079c2678e21a658c3a4817afdd8c00f3eb145a3945997825c,sha256:dd53ba3019b6f3686dcbaf31220c19122a14d18f07d639b3492ac90f8783aa29,dup_9fff92c5ffc3554c6efe,1,[],public,public,manual_comment_sample,Selected public sample only. Not full-platform coverage. Not full-web coverage. Not full-thread coverage.,"{""asset_id"":""local-snapshot-src_weibo_09-comment-9-2"",""run_id"":"""",""task_id"":"""",""source_path"":"""",""record_type"":""comment"",""field_score"":0,""keyword"":"""",""entity_ids"":[]}","{""normalized_from"":""opencrawler_local_asset"",""source_record_id"":""local-snapshot-src_weibo_09-comment-9-2"",""source_type"":""social_platform"",""acquisition_mode"":""manual_url"",""normalized_at"":""2026-06-17T12:10:16.502Z"",""warnings"":[]}",false,false,,ordinary_user,,support_donglu_view,youth_training_model,unknown,unknown,unknown,unknown,core_support,curiosity,route_supporter_donglu,40
sgv1_f33cee7c086dfe69cdf818f2,donglu_sunjihai_youth_football_202606,weibo,social_platform,manual_url,external_agent_assisted,source_url_provided_unverified,medium_low,0.45,review_needed,comment,,,?????????????????????????? ??09-03?,zh-CN,https://s.weibo.com/weibo?q=%E8%91%A3%E8%B7%AF%20%E5%AD%99%E7%BB%A7%E6%B5%B7%20%E9%9D%92%E8%AE%AD&sample=09,https://s.weibo.com/weibo?q=%E8%91%A3%E8%B7%AF%20%E5%AD%99%E7%BB%A7%E6%B5%B7%20%E9%9D%92%E8%AE%AD&sample=09,src_weibo_09,,2026-06-13T11:00:00.000Z,2026-06-17T12:10:16.491Z,,sha256_platform_case_salt,unknown,true,true,,27,12,0,0,sha256:b47812c4f9ba0fe14ba35170cfd17e435048f267ebd4a4e15e3068057f29b1d6,sha256:b47812c4f9ba0fe14ba35170cfd17e435048f267ebd4a4e15e3068057f29b1d6,sha256:dd53ba3019b6f3686dcbaf31220c19122a14d18f07d639b3492ac90f8783aa29,dup_bbbe0c5740a684d1807c,1,[],public,public,manual_comment_sample,Selected public sample only. Not full-platform coverage. Not full-web coverage. Not full-thread coverage.,"{""asset_id"":""local-snapshot-src_weibo_09-comment-9-3"",""run_id"":"""",""task_id"":"""",""source_path"":"""",""record_type"":""comment"",""field_score"":0,""keyword"":"""",""entity_ids"":[]}","{""normalized_from"":""opencrawler_local_asset"",""source_record_id"":""local-snapshot-src_weibo_09-comment-9-3"",""source_type"":""social_platform"",""acquisition_mode"":""manual_url"",""normalized_at"":""2026-06-17T12:10:16.502Z"",""warnings"":[]}",false,false,,ordinary_user,,support_sunjihai_view,contract_or_responsibility_dispute,unknown,unknown,unknown,unknown,core_support,curiosity,route_supporter_sunjihai,51
sgv1_6c3c666144413bc2b37bc7aa,donglu_sunjihai_youth_football_202606,weibo,social_platform,manual_url,external_agent_assisted,source_url_provided_unverified,medium_low,0.45,review_needed,comment,,,???????????????????????????? ??09-04?,zh-CN,https://s.weibo.com/weibo?q=%E8%91%A3%E8%B7%AF%20%E5%AD%99%E7%BB%A7%E6%B5%B7%20%E9%9D%92%E8%AE%AD&sample=09,https://s.weibo.com/weibo?q=%E8%91%A3%E8%B7%AF%20%E5%AD%99%E7%BB%A7%E6%B5%B7%20%E9%9D%92%E8%AE%AD&sample=09,src_weibo_09,,2026-06-14T12:00:00.000Z,2026-06-17T12:10:16.491Z,,sha256_platform_case_salt,unknown,true,true,,36,13,0,0,sha256:11c7eed19f094746844a690d8d3d838994cdad11f6536d160eab9bba323e52a3,sha256:11c7eed19f094746844a690d8d3d838994cdad11f6536d160eab9bba323e52a3,sha256:dd53ba3019b6f3686dcbaf31220c19122a14d18f07d639b3492ac90f8783aa29,dup_51fd890d60114f212f13,1,[],public,public,manual_comment_sample,Selected public sample only. Not full-platform coverage. Not full-web coverage. Not full-thread coverage.,"{""asset_id"":""local-snapshot-src_weibo_09-comment-9-4"",""run_id"":"""",""task_id"":"""",""source_path"":"""",""record_type"":""comment"",""field_score"":0,""keyword"":"""",""entity_ids"":[]}","{""normalized_from"":""opencrawler_local_asset"",""source_record_id"":""local-snapshot-src_weibo_09-comment-9-4"",""source_type"":""social_platform"",""acquisition_mode"":""manual_url"",""normalized_at"":""2026-06-17T12:10:16.502Z"",""warnings"":[]}",false,false,,ordinary_user,,neutral_process_focused,public_response,unknown,unknown,unknown,unknown,bridge,neutral,process_observer,62
sgv1_da21429daf0b153fd8791e55,donglu_sunjihai_youth_football_202606,weibo,social_platform,manual_url,external_agent_assisted,source_url_provided_unverified,medium_low,0.45,review_needed,comment,,,?????????????????????? ??09-05?,zh-CN,https://s.weibo.com/weibo?q=%E8%91%A3%E8%B7%AF%20%E5%AD%99%E7%BB%A7%E6%B5%B7%20%E9%9D%92%E8%AE%AD&sample=09,https://s.weibo.com/weibo?q=%E8%91%A3%E8%B7%AF%20%E5%AD%99%E7%BB%A7%E6%B5%B7%20%E9%9D%92%E8%AE%AD&sample=09,src_weibo_09,,2026-06-01T13:00:00.000Z,2026-06-17T12:10:16.491Z,,sha256_platform_case_salt,unknown,true,true,,45,14,0,0,sha256:bf2339e3758120fa368fb50679a90675a827759bc904d9407623ca78239c1a8c,sha256:bf2339e3758120fa368fb50679a90675a827759bc904d9407623ca78239c1a8c,sha256:dd53ba3019b6f3686dcbaf31220c19122a14d18f07d639b3492ac90f8783aa29,dup_d4ed2df252a7bf0ad557,1,[],public,public,manual_comment_sample,Selected public sample only. Not full-platform coverage. Not full-web coverage. Not full-thread coverage.,"{""asset_id"":""local-snapshot-src_weibo_09-comment-9-5"",""run_id"":"""",""task_id"":"""",""source_path"":"""",""record_type"":""comment"",""field_score"":0,""keyword"":"""",""entity_ids"":[]}","{""normalized_from"":""opencrawler_local_asset"",""source_record_id"":""local-snapshot-src_weibo_09-comment-9-5"",""source_type"":""social_platform"",""acquisition_mode"":""manual_url"",""normalized_at"":""2026-06-17T12:10:16.502Z"",""warnings"":[]}",false,false,,ordinary_user,,youth_training_concern,media_reframing,unknown,unknown,unknown,unknown,neutral,concern,youth_training_concern_cluster,73
sgv1_ccb4c36a6c771d14fd9696d9,donglu_sunjihai_youth_football_202606,weibo,social_platform,manual_url,external_agent_assisted,source_url_provided_unverified,medium_low,0.45,review_needed,comment,,,???????????????????????? ??09-06?,zh-CN,https://s.weibo.com/weibo?q=%E8%91%A3%E8%B7%AF%20%E5%AD%99%E7%BB%A7%E6%B5%B7%20%E9%9D%92%E8%AE%AD&sample=09,https://s.weibo.com/weibo?q=%E8%91%A3%E8%B7%AF%20%E5%AD%99%E7%BB%A7%E6%B5%B7%20%E9%9D%92%E8%AE%AD&sample=09,src_weibo_09,,2026-06-02T14:00:00.000Z,2026-06-17T12:10:16.491Z,,sha256_platform_case_salt,unknown,true,true,,54,15,0,0,sha256:6ce513ee591f26b1a7d2897789a6859063bef7298818ae5f7359ddc345c62f8b,sha256:6ce513ee591f26b1a7d2897789a6859063bef7298818ae5f7359ddc345c62f8b,sha256:dd53ba3019b6f3686dcbaf31220c19122a14d18f07d639b3492ac90f8783aa29,dup_343a790fe4239bf11eba,1,[],public,public,manual_comment_sample,Selected public sample only. Not full-platform coverage. Not full-web coverage. Not full-thread coverage.,"{""asset_id"":""local-snapshot-src_weibo_09-comment-9-6"",""run_id"":"""",""task_id"":"""",""source_path"":"""",""record_type"":""comment"",""field_score"":0,""keyword"":"""",""entity_ids"":[]}","{""normalized_from"":""opencrawler_local_asset"",""source_record_id"":""local-snapshot-src_weibo_09-comment-9-6"",""source_type"":""social_platform"",""acquisition_mode"":""manual_url"",""normalized_at"":""2026-06-17T12:10:16.502Z"",""warnings"":[]}",false,false,,ordinary_user,,anti_conflict_fatigue,fan_community_reaction,unknown,unknown,unknown,unknown,fatigue,fatigue,fatigue_cluster,84
sgv1_a6f39095a13c8832b323628f,donglu_sunjihai_youth_football_202606,weibo,social_platform,manual_url,external_agent_assisted,source_url_provided_unverified,medium_low,0.45,review_needed,comment,,,????????????????????????? ??09-07?,zh-CN,https://s.weibo.com/weibo?q=%E8%91%A3%E8%B7%AF%20%E5%AD%99%E7%BB%A7%E6%B5%B7%20%E9%9D%92%E8%AE%AD&sample=09,https://s.weibo.com/weibo?q=%E8%91%A3%E8%B7%AF%20%E5%AD%99%E7%BB%A7%E6%B5%B7%20%E9%9D%92%E8%AE%AD&sample=09,src_weibo_09,,2026-06-03T15:00:00.000Z,2026-06-17T12:10:16.491Z,,sha256_platform_case_salt,unknown,true,true,,63,16,0,0,sha256:beecb6d8b60d40ddece7321e3a2c5851e3f14a9116f1aad8fdb4e8ceb44da1ff,sha256:beecb6d8b60d40ddece7321e3a2c5851e3f14a9116f1aad8fdb4e8ceb44da1ff,sha256:dd53ba3019b6f3686dcbaf31220c19122a14d18f07d639b3492ac90f8783aa29,dup_a8932939f85759f0ebd5,1,[],public,public,manual_comment_sample,Selected public sample only. Not full-platform coverage. Not full-web coverage. Not full-thread coverage.,"{""asset_id"":""local-snapshot-src_weibo_09-comment-9-7"",""run_id"":"""",""task_id"":"""",""source_path"":"""",""record_type"":""comment"",""field_score"":0,""keyword"":"""",""entity_ids"":[]}","{""normalized_from"":""opencrawler_local_asset"",""source_record_id"":""local-snapshot-src_weibo_09-comment-9-7"",""source_type"":""social_platform"",""acquisition_mode"":""manual_url"",""normalized_at"":""2026-06-17T12:10:16.502Z"",""warnings"":[]}",false,false,,ordinary_user,,media_context,children_protection_boundary,unknown,unknown,unknown,unknown,bridge,neutral,media_context_reader,95
sgv1_ac5ef1977d796947cfeb5d65,donglu_sunjihai_youth_football_202606,weibo,social_platform,manual_url,external_agent_assisted,source_url_provided_unverified,medium_low,0.45,review_needed,comment,,,??????????????????????? ??09-08?,zh-CN,https://s.weibo.com/weibo?q=%E8%91%A3%E8%B7%AF%20%E5%AD%99%E7%BB%A7%E6%B5%B7%20%E9%9D%92%E8%AE%AD&sample=09,https://s.weibo.com/weibo?q=%E8%91%A3%E8%B7%AF%20%E5%AD%99%E7%BB%A7%E6%B5%B7%20%E9%9D%92%E8%AE%AD&sample=09,src_weibo_09,,2026-06-04T16:00:00.000Z,2026-06-17T12:10:16.491Z,,sha256_platform_case_salt,unknown,true,true,,72,17,0,0,sha256:7b64f63b7b449d0deed3b74c0fc35884ef6d849d15d0b1d974ddc831530491c3,sha256:7b64f63b7b449d0deed3b74c0fc35884ef6d849d15d0b1d974ddc831530491c3,sha256:dd53ba3019b6f3686dcbaf31220c19122a14d18f07d639b3492ac90f8783aa29,dup_beaebea704bc0ae7772a,1,[],public,public,manual_comment_sample,Selected public sample only. Not full-platform coverage. Not full-web coverage. Not full-thread coverage.,"{""asset_id"":""local-snapshot-src_weibo_09-comment-9-8"",""run_id"":"""",""task_id"":"""",""source_path"":"""",""record_type"":""comment"",""field_score"":0,""keyword"":"""",""entity_ids"":[]}","{""normalized_from"":""opencrawler_local_asset"",""source_record_id"":""local-snapshot-src_weibo_09-comment-9-8"",""source_type"":""social_platform"",""acquisition_mode"":""manual_url"",""normalized_at"":""2026-06-17T12:10:16.502Z"",""warnings"":[]}",false,false,,ordinary_user,,extreme_attack_or_trolling,chinese_football_reputation,unknown,unknown,unknown,unknown,isolated_extreme,anger,isolated_extreme_cluster,106
sgv1_bd0ed3f15e3584f21b8fce76,donglu_sunjihai_youth_football_202606,weibo,social_platform,manual_url,external_agent_assisted,source_url_provided_unverified,medium_low,0.45,review_needed,comment,,,????????????????????? ??09-09?,zh-CN,https://s.weibo.com/weibo?q=%E8%91%A3%E8%B7%AF%20%E5%AD%99%E7%BB%A7%E6%B5%B7%20%E9%9D%92%E8%AE%AD&sample=09,https://s.weibo.com/weibo?q=%E8%91%A3%E8%B7%AF%20%E5%AD%99%E7%BB%A7%E6%B5%B7%20%E9%9D%92%E8%AE%AD&sample=09,src_weibo_09,,2026-06-05T17:00:00.000Z,2026-06-17T12:10:16.491Z,,sha256_platform_case_salt,unknown,true,true,,81,0,0,0,sha256:d162840e016a097728325484a7e54b613a25ccbd5f4d47a706f52ef9ac56f475,sha256:d162840e016a097728325484a7e54b613a25ccbd5f4d47a706f52ef9ac56f475,sha256:dd53ba3019b6f3686dcbaf31220c19122a14d18f07d639b3492ac90f8783aa29,dup_dcf62f95703d77646830,1,[],public,public,manual_comment_sample,Selected public sample only. Not full-platform coverage. Not full-web coverage. Not full-thread coverage.,"{""asset_id"":""local-snapshot-src_weibo_09-comment-9-9"",""run_id"":"""",""task_id"":"""",""source_path"":"""",""record_type"":""comment"",""field_score"":0,""keyword"":"""",""entity_ids"":[]}","{""normalized_from"":""opencrawler_local_asset"",""source_record_id"":""local-snapshot-src_weibo_09-comment-9-9"",""source_type"":""social_platform"",""acquisition_mode"":""manual_url"",""normalized_at"":""2026-06-17T12:10:16.502Z"",""warnings"":[]}",false,false,,ordinary_user,,unknown,platform_discussion,unknown,unknown,unknown,unknown,unknown,unknown,unknown,81
sgv1_be65cae18ef9460222db0ad2,donglu_sunjihai_youth_football_202606,weibo,social_platform,manual_url,external_agent_assisted,source_url_provided_unverified,medium_low,0.45,review_needed,comment,,,??????????????????????????? ??09-10?,zh-CN,https://s.weibo.com/weibo?q=%E8%91%A3%E8%B7%AF%20%E5%AD%99%E7%BB%A7%E6%B5%B7%20%E9%9D%92%E8%AE%AD&sample=09,https://s.weibo.com/weibo?q=%E8%91%A3%E8%B7%AF%20%E5%AD%99%E7%BB%A7%E6%B5%B7%20%E9%9D%92%E8%AE%AD&sample=09,src_weibo_09,,2026-06-06T18:00:00.000Z,2026-06-17T12:10:16.491Z,,sha256_platform_case_salt,unknown,true,true,,90,1,0,0,sha256:02e139abc772ea628338b323ec35533fffa871f91e87719fcd243592c02cef4d,sha256:02e139abc772ea628338b323ec35533fffa871f91e87719fcd243592c02cef4d,sha256:dd53ba3019b6f3686dcbaf31220c19122a14d18f07d639b3492ac90f8783aa29,dup_bfd4450fc1e503331fbb,1,[],public,public,manual_comment_sample,Selected public sample only. Not full-platform coverage. Not full-web coverage. Not full-thread coverage.,"{""asset_id"":""local-snapshot-src_weibo_09-comment-9-10"",""run_id"":"""",""task_id"":"""",""source_path"":"""",""record_type"":""comment"",""field_score"":0,""keyword"":"""",""entity_ids"":[]}","{""normalized_from"":""opencrawler_local_asset"",""source_record_id"":""local-snapshot-src_weibo_09-comment-9-10"",""source_type"":""social_platform"",""acquisition_mode"":""manual_url"",""normalized_at"":""2026-06-17T12:10:16.502Z"",""warnings"":[]}",false,false,,ordinary_user,,support_donglu_view,extreme_cluster_or_trolling,unknown,unknown,unknown,unknown,core_support,curiosity,route_supporter_donglu,92
sgv1_4a4dbe56639849447709a1b2,donglu_sunjihai_youth_football_202606,weibo,social_platform,manual_url,external_agent_assisted,source_url_provided_unverified,medium_low,0.45,review_needed,comment,,,?????????????????????? ??09-11?,zh-CN,https://s.weibo.com/weibo?q=%E8%91%A3%E8%B7%AF%20%E5%AD%99%E7%BB%A7%E6%B5%B7%20%E9%9D%92%E8%AE%AD&sample=09,https://s.weibo.com/weibo?q=%E8%91%A3%E8%B7%AF%20%E5%AD%99%E7%BB%A7%E6%B5%B7%20%E9%9D%92%E8%AE%AD&sample=09,src_weibo_09,,2026-06-07T19:00:00.000Z,2026-06-17T12:10:16.492Z,,sha256_platform_case_salt,unknown,true,true,,99,2,0,0,sha256:5166765d6aa89d0c803fcedc87bd7da496d11e548ee77f5d2c001b19b1f3688d,sha256:5166765d6aa89d0c803fcedc87bd7da496d11e548ee77f5d2c001b19b1f3688d,sha256:dd53ba3019b6f3686dcbaf31220c19122a14d18f07d639b3492ac90f8783aa29,dup_919325eec00b89c97003,1,[],public,public,manual_comment_sample,Selected public sample only. Not full-platform coverage. Not full-web coverage. Not full-thread coverage.,"{""asset_id"":""local-snapshot-src_weibo_09-comment-9-11"",""run_id"":"""",""task_id"":"""",""source_path"":"""",""record_type"":""comment"",""field_score"":0,""keyword"":"""",""entity_ids"":[]}","{""normalized_from"":""opencrawler_local_asset"",""source_record_id"":""local-snapshot-src_weibo_09-comment-9-11"",""source_type"":""social_platform"",""acquisition_mode"":""manual_url"",""normalized_at"":""2026-06-17T12:10:16.502Z"",""warnings"":[]}",false,false,,ordinary_user,,support_sunjihai_view,unknown,unknown,unknown,unknown,unknown,core_support,curiosity,route_supporter_sunjihai,103
sgv1_abc1db9fd08cf633ab2db62b,donglu_sunjihai_youth_football_202606,weibo,social_platform,manual_url,external_agent_assisted,source_url_provided_unverified,medium_low,0.45,review_needed,comment,,,??????????????????????????? ??09-12?,zh-CN,https://s.weibo.com/weibo?q=%E8%91%A3%E8%B7%AF%20%E5%AD%99%E7%BB%A7%E6%B5%B7%20%E9%9D%92%E8%AE%AD&sample=09,https://s.weibo.com/weibo?q=%E8%91%A3%E8%B7%AF%20%E5%AD%99%E7%BB%A7%E6%B5%B7%20%E9%9D%92%E8%AE%AD&sample=09,src_weibo_09,,2026-06-08T20:00:00.000Z,2026-06-17T12:10:16.492Z,,sha256_platform_case_salt,unknown,true,true,,108,3,0,0,sha256:de2e9be21d70e4775789d9c3012814141352876d63fe1d1a0e725b17c12283a9,sha256:de2e9be21d70e4775789d9c3012814141352876d63fe1d1a0e725b17c12283a9,sha256:dd53ba3019b6f3686dcbaf31220c19122a14d18f07d639b3492ac90f8783aa29,dup_dcf0dad06e49926f0f83,1,[],public,public,manual_comment_sample,Selected public sample only. Not full-platform coverage. Not full-web coverage. Not full-thread coverage.,"{""asset_id"":""local-snapshot-src_weibo_09-comment-9-12"",""run_id"":"""",""task_id"":"""",""source_path"":"""",""record_type"":""comment"",""field_score"":0,""keyword"":"""",""entity_ids"":[]}","{""normalized_from"":""opencrawler_local_asset"",""source_record_id"":""local-snapshot-src_weibo_09-comment-9-12"",""source_type"":""social_platform"",""acquisition_mode"":""manual_url"",""normalized_at"":""2026-06-17T12:10:16.502Z"",""warnings"":[]}",false,false,,ordinary_user,,neutral_process_focused,youth_training_model,unknown,unknown,unknown,unknown,bridge,neutral,process_observer,114
sgv1_fd3f5bbd6de562d49a0e4641,donglu_sunjihai_youth_football_202606,weibo,social_platform,manual_url,external_agent_assisted,source_url_provided_unverified,medium_low,0.45,review_needed,comment,,,?????????????????????????? ??09-13?,zh-CN,https://s.weibo.com/weibo?q=%E8%91%A3%E8%B7%AF%20%E5%AD%99%E7%BB%A7%E6%B5%B7%20%E9%9D%92%E8%AE%AD&sample=09,https://s.weibo.com/weibo?q=%E8%91%A3%E8%B7%AF%20%E5%AD%99%E7%BB%A7%E6%B5%B7%20%E9%9D%92%E8%AE%AD&sample=09,src_weibo_09,,2026-06-09T21:00:00.000Z,2026-06-17T12:10:16.492Z,,sha256_platform_case_salt,unknown,true,true,,117,4,0,0,sha256:9b09cc563fa9abb8b4bcf25a9612eac6a05e4a302b9debe82f13f9ac25d4f922,sha256:9b09cc563fa9abb8b4bcf25a9612eac6a05e4a302b9debe82f13f9ac25d4f922,sha256:dd53ba3019b6f3686dcbaf31220c19122a14d18f07d639b3492ac90f8783aa29,dup_008acfffa3084af158a1,1,[],public,public,manual_comment_sample,Selected public sample only. Not full-platform coverage. Not full-web coverage. Not full-thread coverage.,"{""asset_id"":""local-snapshot-src_weibo_09-comment-9-13"",""run_id"":"""",""task_id"":"""",""source_path"":"""",""record_type"":""comment"",""field_score"":0,""keyword"":"""",""entity_ids"":[]}","{""normalized_from"":""opencrawler_local_asset"",""source_record_id"":""local-snapshot-src_weibo_09-comment-9-13"",""source_type"":""social_platform"",""acquisition_mode"":""manual_url"",""normalized_at"":""2026-06-17T12:10:16.502Z"",""warnings"":[]}",false,false,,ordinary_user,,youth_training_concern,contract_or_responsibility_dispute,unknown,unknown,unknown,unknown,neutral,concern,youth_training_concern_cluster,125
sgv1_2334d40e8c8e95b84e16cb96,donglu_sunjihai_youth_football_202606,weibo,social_platform,manual_url,external_agent_assisted,source_url_provided_unverified,medium_low,0.45,review_needed,comment,,,?????????????????????? ??09-14?,zh-CN,https://s.weibo.com/weibo?q=%E8%91%A3%E8%B7%AF%20%E5%AD%99%E7%BB%A7%E6%B5%B7%20%E9%9D%92%E8%AE%AD&sample=09,https://s.weibo.com/weibo?q=%E8%91%A3%E8%B7%AF%20%E5%AD%99%E7%BB%A7%E6%B5%B7%20%E9%9D%92%E8%AE%AD&sample=09,src_weibo_09,,2026-06-10T22:00:00.000Z,2026-06-17T12:10:16.492Z,,sha256_platform_case_salt,unknown,true,true,,126,5,0,0,sha256:30e2b4105fb548ff5a209ce089984c2eee4336579a7a5821bb8cf63b64fa39ae,sha256:30e2b4105fb548ff5a209ce089984c2eee4336579a7a5821bb8cf63b64fa39ae,sha256:dd53ba3019b6f3686dcbaf31220c19122a14d18f07d639b3492ac90f8783aa29,dup_c8f41bbffc6773aecddf,1,[],public,public,manual_comment_sample,Selected public sample only. Not full-platform coverage. Not full-web coverage. Not full-thread coverage.,"{""asset_id"":""local-snapshot-src_weibo_09-comment-9-14"",""run_id"":"""",""task_id"":"""",""source_path"":"""",""record_type"":""comment"",""field_score"":0,""keyword"":"""",""entity_ids"":[]}","{""normalized_from"":""opencrawler_local_asset"",""source_record_id"":""local-snapshot-src_weibo_09-comment-9-14"",""source_type"":""social_platform"",""acquisition_mode"":""manual_url"",""normalized_at"":""2026-06-17T12:10:16.502Z"",""warnings"":[]}",false,false,,ordinary_user,,anti_conflict_fatigue,public_response,unknown,unknown,unknown,unknown,fatigue,fatigue,fatigue_cluster,136
sgv1_22830434e42a276be7babc60,donglu_sunjihai_youth_football_202606,weibo,social_platform,manual_url,external_agent_assisted,source_url_provided_unverified,medium_low,0.45,review_needed,comment,,,???????????????????????? ??09-15?,zh-CN,https://s.weibo.com/weibo?q=%E8%91%A3%E8%B7%AF%20%E5%AD%99%E7%BB%A7%E6%B5%B7%20%E9%9D%92%E8%AE%AD&sample=09,https://s.weibo.com/weibo?q=%E8%91%A3%E8%B7%AF%20%E5%AD%99%E7%BB%A7%E6%B5%B7%20%E9%9D%92%E8%AE%AD&sample=09,src_weibo_09,,2026-06-11T23:00:00.000Z,2026-06-17T12:10:16.492Z,,sha256_platform_case_salt,unknown,true,true,,135,6,0,0,sha256:1b833ca1a9bfad46421c25d1d135777b2a90d0bf47d2670ff6f332e9f9305376,sha256:1b833ca1a9bfad46421c25d1d135777b2a90d0bf47d2670ff6f332e9f9305376,sha256:dd53ba3019b6f3686dcbaf31220c19122a14d18f07d639b3492ac90f8783aa29,dup_9da77ee7f1b7a4e788e8,1,[],public,public,manual_comment_sample,Selected public sample only. Not full-platform coverage. Not full-web coverage. Not full-thread coverage.,"{""asset_id"":""local-snapshot-src_weibo_09-comment-9-15"",""run_id"":"""",""task_id"":"""",""source_path"":"""",""record_type"":""comment"",""field_score"":0,""keyword"":"""",""entity_ids"":[]}","{""normalized_from"":""opencrawler_local_asset"",""source_record_id"":""local-snapshot-src_weibo_09-comment-9-15"",""source_type"":""social_platform"",""acquisition_mode"":""manual_url"",""normalized_at"":""2026-06-17T12:10:16.502Z"",""warnings"":[]}",false,false,,ordinary_user,,media_context,media_reframing,unknown,unknown,unknown,unknown,bridge,neutral,media_context_reader,147
sgv1_8128a4fbfa7ea509c8d67d22,donglu_sunjihai_youth_football_202606,weibo,social_platform,manual_url,external_agent_assisted,source_url_provided_unverified,medium_low,0.45,review_needed,comment,,,??????????????????????? ??09-16?,zh-CN,https://s.weibo.com/weibo?q=%E8%91%A3%E8%B7%AF%20%E5%AD%99%E7%BB%A7%E6%B5%B7%20%E9%9D%92%E8%AE%AD&sample=09,https://s.weibo.com/weibo?q=%E8%91%A3%E8%B7%AF%20%E5%AD%99%E7%BB%A7%E6%B5%B7%20%E9%9D%92%E8%AE%AD&sample=09,src_weibo_09,,2026-06-12T00:00:00.000Z,2026-06-17T12:10:16.492Z,,sha256_platform_case_salt,unknown,true,true,,144,7,0,0,sha256:eefb4b86c7acc51d305fff105d3021af5f46b6493ebb5362a3d1832ff052a437,sha256:eefb4b86c7acc51d305fff105d3021af5f46b6493ebb5362a3d1832ff052a437,sha256:dd53ba3019b6f3686dcbaf31220c19122a14d18f07d639b3492ac90f8783aa29,dup_3fdada28308c654fe68f,1,[],public,public,manual_comment_sample,Selected public sample only. Not full-platform coverage. Not full-web coverage. Not full-thread coverage.,"{""asset_id"":""local-snapshot-src_weibo_09-comment-9-16"",""run_id"":"""",""task_id"":"""",""source_path"":"""",""record_type"":""comment"",""field_score"":0,""keyword"":"""",""entity_ids"":[]}","{""normalized_from"":""opencrawler_local_asset"",""source_record_id"":""local-snapshot-src_weibo_09-comment-9-16"",""source_type"":""social_platform"",""acquisition_mode"":""manual_url"",""normalized_at"":""2026-06-17T12:10:16.502Z"",""warnings"":[]}",false,false,,ordinary_user,,extreme_attack_or_trolling,fan_community_reaction,unknown,unknown,unknown,unknown,isolated_extreme,anger,isolated_extreme_cluster,158
sgv1_0c3df4dc2a77e13b8ceda638,donglu_sunjihai_youth_football_202606,weibo,social_platform,manual_url,external_agent_assisted,source_url_provided_unverified,medium_low,0.45,review_needed,comment,,,???????????????????????? ??10-01?,zh-CN,https://s.weibo.com/weibo?q=%E8%91%A3%E8%B7%AF%20%E5%AD%99%E7%BB%A7%E6%B5%B7%20%E9%9D%92%E8%AE%AD&sample=10,https://s.weibo.com/weibo?q=%E8%91%A3%E8%B7%AF%20%E5%AD%99%E7%BB%A7%E6%B5%B7%20%E9%9D%92%E8%AE%AD&sample=10,src_weibo_10,,2026-06-12T09:00:00.000Z,2026-06-17T12:10:16.492Z,,sha256_platform_case_salt,unknown,true,true,,10,11,0,0,sha256:720cbca14e6165af0c4a8d5cacb0f9c26618266091a87da3cc42d095d16ef5bb,sha256:720cbca14e6165af0c4a8d5cacb0f9c26618266091a87da3cc42d095d16ef5bb,sha256:d399be60d40e39bb1272189bfd9e9c835b6628449eebe501ac413a8de251d795,dup_675be60d14593a94350a,1,[],public,public,manual_comment_sample,Selected public sample only. Not full-platform coverage. Not full-web coverage. Not full-thread coverage.,"{""asset_id"":""local-snapshot-src_weibo_10-comment-10-1"",""run_id"":"""",""task_id"":"""",""source_path"":"""",""record_type"":""comment"",""field_score"":0,""keyword"":"""",""entity_ids"":[]}","{""normalized_from"":""opencrawler_local_asset"",""source_record_id"":""local-snapshot-src_weibo_10-comment-10-1"",""source_type"":""social_platform"",""acquisition_mode"":""manual_url"",""normalized_at"":""2026-06-17T12:10:16.502Z"",""warnings"":[]}",false,false,,ordinary_user,,support_donglu_view,contract_or_responsibility_dispute,unknown,unknown,unknown,unknown,core_support,curiosity,route_supporter_donglu,32
sgv1_0ea576ebceec2825f3ebcd04,donglu_sunjihai_youth_football_202606,weibo,social_platform,manual_url,external_agent_assisted,source_url_provided_unverified,medium_low,0.45,review_needed,comment,,,?????????????????????????? ??10-02?,zh-CN,https://s.weibo.com/weibo?q=%E8%91%A3%E8%B7%AF%20%E5%AD%99%E7%BB%A7%E6%B5%B7%20%E9%9D%92%E8%AE%AD&sample=10,https://s.weibo.com/weibo?q=%E8%91%A3%E8%B7%AF%20%E5%AD%99%E7%BB%A7%E6%B5%B7%20%E9%9D%92%E8%AE%AD&sample=10,src_weibo_10,,2026-06-13T10:00:00.000Z,2026-06-17T12:10:16.492Z,,sha256_platform_case_salt,unknown,true,true,,20,12,0,0,sha256:dcf0ac73d6e415096d80395d4e1e9588ec98b4fa9c7abff244b85621bea3c140,sha256:dcf0ac73d6e415096d80395d4e1e9588ec98b4fa9c7abff244b85621bea3c140,sha256:d399be60d40e39bb1272189bfd9e9c835b6628449eebe501ac413a8de251d795,dup_4c5bf18976ee21e87925,1,[],public,public,manual_comment_sample,Selected public sample only. Not full-platform coverage. Not full-web coverage. Not full-thread coverage.,"{""asset_id"":""local-snapshot-src_weibo_10-comment-10-2"",""run_id"":"""",""task_id"":"""",""source_path"":"""",""record_type"":""comment"",""field_score"":0,""keyword"":"""",""entity_ids"":[]}","{""normalized_from"":""opencrawler_local_asset"",""source_record_id"":""local-snapshot-src_weibo_10-comment-10-2"",""source_type"":""social_platform"",""acquisition_mode"":""manual_url"",""normalized_at"":""2026-06-17T12:10:16.502Z"",""warnings"":[]}",false,false,,ordinary_user,,support_sunjihai_view,public_response,unknown,unknown,unknown,unknown,core_support,curiosity,route_supporter_sunjihai,44
sgv1_0ef08c4286fc597e87acfa4a,donglu_sunjihai_youth_football_202606,weibo,social_platform,manual_url,external_agent_assisted,source_url_provided_unverified,medium_low,0.45,review_needed,comment,,,???????????????????????????? ??10-03?,zh-CN,https://s.weibo.com/weibo?q=%E8%91%A3%E8%B7%AF%20%E5%AD%99%E7%BB%A7%E6%B5%B7%20%E9%9D%92%E8%AE%AD&sample=10,https://s.weibo.com/weibo?q=%E8%91%A3%E8%B7%AF%20%E5%AD%99%E7%BB%A7%E6%B5%B7%20%E9%9D%92%E8%AE%AD&sample=10,src_weibo_10,,2026-06-14T11:00:00.000Z,2026-06-17T12:10:16.492Z,,sha256_platform_case_salt,unknown,true,true,,30,13,0,0,sha256:45026af35841a475a9a95033a2ab39dd3c8e45f73c62ebc6dbb032abbf572890,sha256:45026af35841a475a9a95033a2ab39dd3c8e45f73c62ebc6dbb032abbf572890,sha256:d399be60d40e39bb1272189bfd9e9c835b6628449eebe501ac413a8de251d795,dup_4227331cf6b82a750d62,1,[],public,public,manual_comment_sample,Selected public sample only. Not full-platform coverage. Not full-web coverage. Not full-thread coverage.,"{""asset_id"":""local-snapshot-src_weibo_10-comment-10-3"",""run_id"":"""",""task_id"":"""",""source_path"":"""",""record_type"":""comment"",""field_score"":0,""keyword"":"""",""entity_ids"":[]}","{""normalized_from"":""opencrawler_local_asset"",""source_record_id"":""local-snapshot-src_weibo_10-comment-10-3"",""source_type"":""social_platform"",""acquisition_mode"":""manual_url"",""normalized_at"":""2026-06-17T12:10:16.502Z"",""warnings"":[]}",false,false,,ordinary_user,,neutral_process_focused,media_reframing,unknown,unknown,unknown,unknown,bridge,neutral,process_observer,56
sgv1_fec9d70efc809b86c76f3496,donglu_sunjihai_youth_football_202606,weibo,social_platform,manual_url,external_agent_assisted,source_url_provided_unverified,medium_low,0.45,review_needed,comment,,,?????????????????????? ??10-04?,zh-CN,https://s.weibo.com/weibo?q=%E8%91%A3%E8%B7%AF%20%E5%AD%99%E7%BB%A7%E6%B5%B7%20%E9%9D%92%E8%AE%AD&sample=10,https://s.weibo.com/weibo?q=%E8%91%A3%E8%B7%AF%20%E5%AD%99%E7%BB%A7%E6%B5%B7%20%E9%9D%92%E8%AE%AD&sample=10,src_weibo_10,,2026-06-01T12:00:00.000Z,2026-06-17T12:10:16.492Z,,sha256_platform_case_salt,unknown,true,true,,40,14,0,0,sha256:6a96a490ed666247459db08dc886be4f2bd671236e5342e8ea4657bdedda2c26,sha256:6a96a490ed666247459db08dc886be4f2bd671236e5342e8ea4657bdedda2c26,sha256:d399be60d40e39bb1272189bfd9e9c835b6628449eebe501ac413a8de251d795,dup_f3120e9442e47fd3957b,1,[],public,public,manual_comment_sample,Selected public sample only. Not full-platform coverage. Not full-web coverage. Not full-thread coverage.,"{""asset_id"":""local-snapshot-src_weibo_10-comment-10-4"",""run_id"":"""",""task_id"":"""",""source_path"":"""",""record_type"":""comment"",""field_score"":0,""keyword"":"""",""entity_ids"":[]}","{""normalized_from"":""opencrawler_local_asset"",""source_record_id"":""local-snapshot-src_weibo_10-comment-10-4"",""source_type"":""social_platform"",""acquisition_mode"":""manual_url"",""normalized_at"":""2026-06-17T12:10:16.502Z"",""warnings"":[]}",false,false,,ordinary_user,,youth_training_concern,fan_community_reaction,unknown,unknown,unknown,unknown,neutral,concern,youth_training_concern_cluster,68
sgv1_58ad7d4ef2fb1d0814732baa,donglu_sunjihai_youth_football_202606,weibo,social_platform,manual_url,external_agent_assisted,source_url_provided_unverified,medium_low,0.45,review_needed,comment,,,???????????????????????? ??10-05?,zh-CN,https://s.weibo.com/weibo?q=%E8%91%A3%E8%B7%AF%20%E5%AD%99%E7%BB%A7%E6%B5%B7%20%E9%9D%92%E8%AE%AD&sample=10,https://s.weibo.com/weibo?q=%E8%91%A3%E8%B7%AF%20%E5%AD%99%E7%BB%A7%E6%B5%B7%20%E9%9D%92%E8%AE%AD&sample=10,src_weibo_10,,2026-06-02T13:00:00.000Z,2026-06-17T12:10:16.492Z,,sha256_platform_case_salt,unknown,true,true,,50,15,0,0,sha256:101fa2ad7989c5e1278c6c30a375fdb098051b95807bbc87cc4e0d8c0687eb6f,sha256:101fa2ad7989c5e1278c6c30a375fdb098051b95807bbc87cc4e0d8c0687eb6f,sha256:d399be60d40e39bb1272189bfd9e9c835b6628449eebe501ac413a8de251d795,dup_faf91cbb0a20e9e8df53,1,[],public,public,manual_comment_sample,Selected public sample only. Not full-platform coverage. Not full-web coverage. Not full-thread coverage.,"{""asset_id"":""local-snapshot-src_weibo_10-comment-10-5"",""run_id"":"""",""task_id"":"""",""source_path"":"""",""record_type"":""comment"",""field_score"":0,""keyword"":"""",""entity_ids"":[]}","{""normalized_from"":""opencrawler_local_asset"",""source_record_id"":""local-snapshot-src_weibo_10-comment-10-5"",""source_type"":""social_platform"",""acquisition_mode"":""manual_url"",""normalized_at"":""2026-06-17T12:10:16.502Z"",""warnings"":[]}",false,false,,ordinary_user,,anti_conflict_fatigue,children_protection_boundary,unknown,unknown,unknown,unknown,fatigue,fatigue,fatigue_cluster,80
sgv1_010a5cba5da7a670d5d165da,donglu_sunjihai_youth_football_202606,weibo,social_platform,manual_url,external_agent_assisted,source_url_provided_unverified,medium_low,0.45,review_needed,comment,,,????????????????????????? ??10-06?,zh-CN,https://s.weibo.com/weibo?q=%E8%91%A3%E8%B7%AF%20%E5%AD%99%E7%BB%A7%E6%B5%B7%20%E9%9D%92%E8%AE%AD&sample=10,https://s.weibo.com/weibo?q=%E8%91%A3%E8%B7%AF%20%E5%AD%99%E7%BB%A7%E6%B5%B7%20%E9%9D%92%E8%AE%AD&sample=10,src_weibo_10,,2026-06-03T14:00:00.000Z,2026-06-17T12:10:16.492Z,,sha256_platform_case_salt,unknown,true,true,,60,16,0,0,sha256:7e9ce05ad412c07b5036fd4be4e15e3f9b931145c6a53a0e066aae5844947972,sha256:7e9ce05ad412c07b5036fd4be4e15e3f9b931145c6a53a0e066aae5844947972,sha256:d399be60d40e39bb1272189bfd9e9c835b6628449eebe501ac413a8de251d795,dup_c6439d929447bfb392e0,1,[],public,public,manual_comment_sample,Selected public sample only. Not full-platform coverage. Not full-web coverage. Not full-thread coverage.,"{""asset_id"":""local-snapshot-src_weibo_10-comment-10-6"",""run_id"":"""",""task_id"":"""",""source_path"":"""",""record_type"":""comment"",""field_score"":0,""keyword"":"""",""entity_ids"":[]}","{""normalized_from"":""opencrawler_local_asset"",""source_record_id"":""local-snapshot-src_weibo_10-comment-10-6"",""source_type"":""social_platform"",""acquisition_mode"":""manual_url"",""normalized_at"":""2026-06-17T12:10:16.502Z"",""warnings"":[]}",false,false,,ordinary_user,,media_context,chinese_football_reputation,unknown,unknown,unknown,unknown,bridge,neutral,media_context_reader,92
sgv1_837c818cca4067f1cbba69da,donglu_sunjihai_youth_football_202606,weibo,social_platform,manual_url,external_agent_assisted,source_url_provided_unverified,medium_low,0.45,review_needed,comment,,,??????????????????????? ??10-07?,zh-CN,https://s.weibo.com/weibo?q=%E8%91%A3%E8%B7%AF%20%E5%AD%99%E7%BB%A7%E6%B5%B7%20%E9%9D%92%E8%AE%AD&sample=10,https://s.weibo.com/weibo?q=%E8%91%A3%E8%B7%AF%20%E5%AD%99%E7%BB%A7%E6%B5%B7%20%E9%9D%92%E8%AE%AD&sample=10,src_weibo_10,,2026-06-04T15:00:00.000Z,2026-06-17T12:10:16.492Z,,sha256_platform_case_salt,unknown,true,true,,70,17,0,0,sha256:5e2899a529a327df9b5da106d74f86a189fd5d8952289efb15c23c30c0b17649,sha256:5e2899a529a327df9b5da106d74f86a189fd5d8952289efb15c23c30c0b17649,sha256:d399be60d40e39bb1272189bfd9e9c835b6628449eebe501ac413a8de251d795,dup_1dc241ee4715a5460bf8,1,[],public,public,manual_comment_sample,Selected public sample only. Not full-platform coverage. Not full-web coverage. Not full-thread coverage.,"{""asset_id"":""local-snapshot-src_weibo_10-comment-10-7"",""run_id"":"""",""task_id"":"""",""source_path"":"""",""record_type"":""comment"",""field_score"":0,""keyword"":"""",""entity_ids"":[]}","{""normalized_from"":""opencrawler_local_asset"",""source_record_id"":""local-snapshot-src_weibo_10-comment-10-7"",""source_type"":""social_platform"",""acquisition_mode"":""manual_url"",""normalized_at"":""2026-06-17T12:10:16.502Z"",""warnings"":[]}",false,false,,ordinary_user,,extreme_attack_or_trolling,platform_discussion,unknown,unknown,unknown,unknown,isolated_extreme,anger,isolated_extreme_cluster,104
sgv1_2d1d788eb70d6d595a7deba2,donglu_sunjihai_youth_football_202606,weibo,social_platform,manual_url,external_agent_assisted,source_url_provided_unverified,medium_low,0.45,review_needed,comment,,,????????????????????? ??10-08?,zh-CN,https://s.weibo.com/weibo?q=%E8%91%A3%E8%B7%AF%20%E5%AD%99%E7%BB%A7%E6%B5%B7%20%E9%9D%92%E8%AE%AD&sample=10,https://s.weibo.com/weibo?q=%E8%91%A3%E8%B7%AF%20%E5%AD%99%E7%BB%A7%E6%B5%B7%20%E9%9D%92%E8%AE%AD&sample=10,src_weibo_10,,2026-06-05T16:00:00.000Z,2026-06-17T12:10:16.492Z,,sha256_platform_case_salt,unknown,true,true,,80,0,0,0,sha256:f849321894d8e5b89f1e7fb0cca9575f300e93dd0e2f140e705ce77ea483bb01,sha256:f849321894d8e5b89f1e7fb0cca9575f300e93dd0e2f140e705ce77ea483bb01,sha256:d399be60d40e39bb1272189bfd9e9c835b6628449eebe501ac413a8de251d795,dup_d14edbc00ba153adfa98,1,[],public,public,manual_comment_sample,Selected public sample only. Not full-platform coverage. Not full-web coverage. Not full-thread coverage.,"{""asset_id"":""local-snapshot-src_weibo_10-comment-10-8"",""run_id"":"""",""task_id"":"""",""source_path"":"""",""record_type"":""comment"",""field_score"":0,""keyword"":"""",""entity_ids"":[]}","{""normalized_from"":""opencrawler_local_asset"",""source_record_id"":""local-snapshot-src_weibo_10-comment-10-8"",""source_type"":""social_platform"",""acquisition_mode"":""manual_url"",""normalized_at"":""2026-06-17T12:10:16.502Z"",""warnings"":[]}",false,false,,ordinary_user,,unknown,extreme_cluster_or_trolling,unknown,unknown,unknown,unknown,unknown,unknown,unknown,80
sgv1_46cbc4158ecfe571204e274f,donglu_sunjihai_youth_football_202606,weibo,social_platform,manual_url,external_agent_assisted,source_url_provided_unverified,medium_low,0.45,review_needed,comment,,,??????????????????????????? ??10-09?,zh-CN,https://s.weibo.com/weibo?q=%E8%91%A3%E8%B7%AF%20%E5%AD%99%E7%BB%A7%E6%B5%B7%20%E9%9D%92%E8%AE%AD&sample=10,https://s.weibo.com/weibo?q=%E8%91%A3%E8%B7%AF%20%E5%AD%99%E7%BB%A7%E6%B5%B7%20%E9%9D%92%E8%AE%AD&sample=10,src_weibo_10,,2026-06-06T17:00:00.000Z,2026-06-17T12:10:16.492Z,,sha256_platform_case_salt,unknown,true,true,,90,1,0,0,sha256:6ebffe9188940bbb70bee9eed3c57eea3b5ff4a35ed103d8b1f9dc5d8e1201da,sha256:6ebffe9188940bbb70bee9eed3c57eea3b5ff4a35ed103d8b1f9dc5d8e1201da,sha256:d399be60d40e39bb1272189bfd9e9c835b6628449eebe501ac413a8de251d795,dup_bbc99aaa2a784f9e103b,1,[],public,public,manual_comment_sample,Selected public sample only. Not full-platform coverage. Not full-web coverage. Not full-thread coverage.,"{""asset_id"":""local-snapshot-src_weibo_10-comment-10-9"",""run_id"":"""",""task_id"":"""",""source_path"":"""",""record_type"":""comment"",""field_score"":0,""keyword"":"""",""entity_ids"":[]}","{""normalized_from"":""opencrawler_local_asset"",""source_record_id"":""local-snapshot-src_weibo_10-comment-10-9"",""source_type"":""social_platform"",""acquisition_mode"":""manual_url"",""normalized_at"":""2026-06-17T12:10:16.502Z"",""warnings"":[]}",false,false,,ordinary_user,,support_donglu_view,unknown,unknown,unknown,unknown,unknown,core_support,curiosity,route_supporter_donglu,92
sgv1_66632b9e4df41067ed739053,donglu_sunjihai_youth_football_202606,weibo,social_platform,manual_url,external_agent_assisted,source_url_provided_unverified,medium_low,0.45,review_needed,comment,,,?????????????????????? ??10-10?,zh-CN,https://s.weibo.com/weibo?q=%E8%91%A3%E8%B7%AF%20%E5%AD%99%E7%BB%A7%E6%B5%B7%20%E9%9D%92%E8%AE%AD&sample=10,https://s.weibo.com/weibo?q=%E8%91%A3%E8%B7%AF%20%E5%AD%99%E7%BB%A7%E6%B5%B7%20%E9%9D%92%E8%AE%AD&sample=10,src_weibo_10,,2026-06-07T18:00:00.000Z,2026-06-17T12:10:16.492Z,,sha256_platform_case_salt,unknown,true,true,,100,2,0,0,sha256:b51168b2cceb5f25507369f39e51a0b43bdf169ac2fadfbad68a270ee3a27626,sha256:b51168b2cceb5f25507369f39e51a0b43bdf169ac2fadfbad68a270ee3a27626,sha256:d399be60d40e39bb1272189bfd9e9c835b6628449eebe501ac413a8de251d795,dup_01b41bfa0aa461cd8d26,1,[],public,public,manual_comment_sample,Selected public sample only. Not full-platform coverage. Not full-web coverage. Not full-thread coverage.,"{""asset_id"":""local-snapshot-src_weibo_10-comment-10-10"",""run_id"":"""",""task_id"":"""",""source_path"":"""",""record_type"":""comment"",""field_score"":0,""keyword"":"""",""entity_ids"":[]}","{""normalized_from"":""opencrawler_local_asset"",""source_record_id"":""local-snapshot-src_weibo_10-comment-10-10"",""source_type"":""social_platform"",""acquisition_mode"":""manual_url"",""normalized_at"":""2026-06-17T12:10:16.502Z"",""warnings"":[]}",false,false,,ordinary_user,,support_sunjihai_view,youth_training_model,unknown,unknown,unknown,unknown,core_support,curiosity,route_supporter_sunjihai,104
sgv1_e57b76c1452bb467f5004a6a,donglu_sunjihai_youth_football_202606,weibo,social_platform,manual_url,external_agent_assisted,source_url_provided_unverified,medium_low,0.45,review_needed,comment,,,??????????????????????????? ??10-11?,zh-CN,https://s.weibo.com/weibo?q=%E8%91%A3%E8%B7%AF%20%E5%AD%99%E7%BB%A7%E6%B5%B7%20%E9%9D%92%E8%AE%AD&sample=10,https://s.weibo.com/weibo?q=%E8%91%A3%E8%B7%AF%20%E5%AD%99%E7%BB%A7%E6%B5%B7%20%E9%9D%92%E8%AE%AD&sample=10,src_weibo_10,,2026-06-08T19:00:00.000Z,2026-06-17T12:10:16.492Z,,sha256_platform_case_salt,unknown,true,true,,110,3,0,0,sha256:c6dc260aa30f2f84128b526d7fbca6ec7dfd5c36868093282ed8e1d9d6cbb535,sha256:c6dc260aa30f2f84128b526d7fbca6ec7dfd5c36868093282ed8e1d9d6cbb535,sha256:d399be60d40e39bb1272189bfd9e9c835b6628449eebe501ac413a8de251d795,dup_1db183edd39cbd547643,1,[],public,public,manual_comment_sample,Selected public sample only. Not full-platform coverage. Not full-web coverage. Not full-thread coverage.,"{""asset_id"":""local-snapshot-src_weibo_10-comment-10-11"",""run_id"":"""",""task_id"":"""",""source_path"":"""",""record_type"":""comment"",""field_score"":0,""keyword"":"""",""entity_ids"":[]}","{""normalized_from"":""opencrawler_local_asset"",""source_record_id"":""local-snapshot-src_weibo_10-comment-10-11"",""source_type"":""social_platform"",""acquisition_mode"":""manual_url"",""normalized_at"":""2026-06-17T12:10:16.502Z"",""warnings"":[]}",false,false,,ordinary_user,,neutral_process_focused,contract_or_responsibility_dispute,unknown,unknown,unknown,unknown,bridge,neutral,process_observer,116
sgv1_bbb067a5a9fe110287811619,donglu_sunjihai_youth_football_202606,weibo,social_platform,manual_url,external_agent_assisted,source_url_provided_unverified,medium_low,0.45,review_needed,comment,,,?????????????????????????? ??10-12?,zh-CN,https://s.weibo.com/weibo?q=%E8%91%A3%E8%B7%AF%20%E5%AD%99%E7%BB%A7%E6%B5%B7%20%E9%9D%92%E8%AE%AD&sample=10,https://s.weibo.com/weibo?q=%E8%91%A3%E8%B7%AF%20%E5%AD%99%E7%BB%A7%E6%B5%B7%20%E9%9D%92%E8%AE%AD&sample=10,src_weibo_10,,2026-06-09T20:00:00.000Z,2026-06-17T12:10:16.492Z,,sha256_platform_case_salt,unknown,true,true,,120,4,0,0,sha256:269152c6c679bb4b2baa66692043b1e260695b627d0b71688853630e7c17d385,sha256:269152c6c679bb4b2baa66692043b1e260695b627d0b71688853630e7c17d385,sha256:d399be60d40e39bb1272189bfd9e9c835b6628449eebe501ac413a8de251d795,dup_d3d1520fd9230e284853,1,[],public,public,manual_comment_sample,Selected public sample only. Not full-platform coverage. Not full-web coverage. Not full-thread coverage.,"{""asset_id"":""local-snapshot-src_weibo_10-comment-10-12"",""run_id"":"""",""task_id"":"""",""source_path"":"""",""record_type"":""comment"",""field_score"":0,""keyword"":"""",""entity_ids"":[]}","{""normalized_from"":""opencrawler_local_asset"",""source_record_id"":""local-snapshot-src_weibo_10-comment-10-12"",""source_type"":""social_platform"",""acquisition_mode"":""manual_url"",""normalized_at"":""2026-06-17T12:10:16.502Z"",""warnings"":[]}",false,false,,ordinary_user,,youth_training_concern,public_response,unknown,unknown,unknown,unknown,neutral,concern,youth_training_concern_cluster,128
sgv1_fe4d4facd2dd00381b4022dd,donglu_sunjihai_youth_football_202606,weibo,social_platform,manual_url,external_agent_assisted,source_url_provided_unverified,medium_low,0.45,review_needed,comment,,,?????????????????????? ??10-13?,zh-CN,https://s.weibo.com/weibo?q=%E8%91%A3%E8%B7%AF%20%E5%AD%99%E7%BB%A7%E6%B5%B7%20%E9%9D%92%E8%AE%AD&sample=10,https://s.weibo.com/weibo?q=%E8%91%A3%E8%B7%AF%20%E5%AD%99%E7%BB%A7%E6%B5%B7%20%E9%9D%92%E8%AE%AD&sample=10,src_weibo_10,,2026-06-10T21:00:00.000Z,2026-06-17T12:10:16.492Z,,sha256_platform_case_salt,unknown,true,true,,130,5,0,0,sha256:27830de485962aa75333898923f45be62196e32c5b6d62c44d3a8dc843fd0412,sha256:27830de485962aa75333898923f45be62196e32c5b6d62c44d3a8dc843fd0412,sha256:d399be60d40e39bb1272189bfd9e9c835b6628449eebe501ac413a8de251d795,dup_f91650749c190f6e2904,1,[],public,public,manual_comment_sample,Selected public sample only. Not full-platform coverage. Not full-web coverage. Not full-thread coverage.,"{""asset_id"":""local-snapshot-src_weibo_10-comment-10-13"",""run_id"":"""",""task_id"":"""",""source_path"":"""",""record_type"":""comment"",""field_score"":0,""keyword"":"""",""entity_ids"":[]}","{""normalized_from"":""opencrawler_local_asset"",""source_record_id"":""local-snapshot-src_weibo_10-comment-10-13"",""source_type"":""social_platform"",""acquisition_mode"":""manual_url"",""normalized_at"":""2026-06-17T12:10:16.502Z"",""warnings"":[]}",false,false,,ordinary_user,,anti_conflict_fatigue,media_reframing,unknown,unknown,unknown,unknown,fatigue,fatigue,fatigue_cluster,140
sgv1_cfd93c85745392b46f9a1d98,donglu_sunjihai_youth_football_202606,weibo,social_platform,manual_url,external_agent_assisted,source_url_provided_unverified,medium_low,0.45,review_needed,comment,,,???????????????????????? ??10-14?,zh-CN,https://s.weibo.com/weibo?q=%E8%91%A3%E8%B7%AF%20%E5%AD%99%E7%BB%A7%E6%B5%B7%20%E9%9D%92%E8%AE%AD&sample=10,https://s.weibo.com/weibo?q=%E8%91%A3%E8%B7%AF%20%E5%AD%99%E7%BB%A7%E6%B5%B7%20%E9%9D%92%E8%AE%AD&sample=10,src_weibo_10,,2026-06-11T22:00:00.000Z,2026-06-17T12:10:16.492Z,,sha256_platform_case_salt,unknown,true,true,,140,6,0,0,sha256:8cd280198c4cccb508c47ccaafcec0073386abc38bcf750aae70eb79285dea75,sha256:8cd280198c4cccb508c47ccaafcec0073386abc38bcf750aae70eb79285dea75,sha256:d399be60d40e39bb1272189bfd9e9c835b6628449eebe501ac413a8de251d795,dup_da0930a1399ffcc139d6,1,[],public,public,manual_comment_sample,Selected public sample only. Not full-platform coverage. Not full-web coverage. Not full-thread coverage.,"{""asset_id"":""local-snapshot-src_weibo_10-comment-10-14"",""run_id"":"""",""task_id"":"""",""source_path"":"""",""record_type"":""comment"",""field_score"":0,""keyword"":"""",""entity_ids"":[]}","{""normalized_from"":""opencrawler_local_asset"",""source_record_id"":""local-snapshot-src_weibo_10-comment-10-14"",""source_type"":""social_platform"",""acquisition_mode"":""manual_url"",""normalized_at"":""2026-06-17T12:10:16.502Z"",""warnings"":[]}",false,false,,ordinary_user,,media_context,fan_community_reaction,unknown,unknown,unknown,unknown,bridge,neutral,media_context_reader,152
sgv1_b0255e64c8f53590e683cb0b,donglu_sunjihai_youth_football_202606,weibo,social_platform,manual_url,external_agent_assisted,source_url_provided_unverified,medium_low,0.45,review_needed,comment,,,??????????????????????? ??10-15?,zh-CN,https://s.weibo.com/weibo?q=%E8%91%A3%E8%B7%AF%20%E5%AD%99%E7%BB%A7%E6%B5%B7%20%E9%9D%92%E8%AE%AD&sample=10,https://s.weibo.com/weibo?q=%E8%91%A3%E8%B7%AF%20%E5%AD%99%E7%BB%A7%E6%B5%B7%20%E9%9D%92%E8%AE%AD&sample=10,src_weibo_10,,2026-06-12T23:00:00.000Z,2026-06-17T12:10:16.492Z,,sha256_platform_case_salt,unknown,true,true,,150,7,0,0,sha256:86d13e3d670ae4a3ab9004c0d35a33d415597b9ffaff800c7760309deb6147c3,sha256:86d13e3d670ae4a3ab9004c0d35a33d415597b9ffaff800c7760309deb6147c3,sha256:d399be60d40e39bb1272189bfd9e9c835b6628449eebe501ac413a8de251d795,dup_5f59c6b8a7cf264e1d54,1,[],public,public,manual_comment_sample,Selected public sample only. Not full-platform coverage. Not full-web coverage. Not full-thread coverage.,"{""asset_id"":""local-snapshot-src_weibo_10-comment-10-15"",""run_id"":"""",""task_id"":"""",""source_path"":"""",""record_type"":""comment"",""field_score"":0,""keyword"":"""",""entity_ids"":[]}","{""normalized_from"":""opencrawler_local_asset"",""source_record_id"":""local-snapshot-src_weibo_10-comment-10-15"",""source_type"":""social_platform"",""acquisition_mode"":""manual_url"",""normalized_at"":""2026-06-17T12:10:16.502Z"",""warnings"":[]}",false,false,,ordinary_user,,extreme_attack_or_trolling,children_protection_boundary,unknown,unknown,unknown,unknown,isolated_extreme,anger,isolated_extreme_cluster,164
sgv1_7d9439bfa68fd4b7ea5cc32f,donglu_sunjihai_youth_football_202606,weibo,social_platform,manual_url,external_agent_assisted,source_url_provided_unverified,medium_low,0.45,review_needed,comment,,,???????????????? ??10-16?,zh-CN,https://s.weibo.com/weibo?q=%E8%91%A3%E8%B7%AF%20%E5%AD%99%E7%BB%A7%E6%B5%B7%20%E9%9D%92%E8%AE%AD&sample=10,https://s.weibo.com/weibo?q=%E8%91%A3%E8%B7%AF%20%E5%AD%99%E7%BB%A7%E6%B5%B7%20%E9%9D%92%E8%AE%AD&sample=10,src_weibo_10,,2026-06-13T00:00:00.000Z,2026-06-17T12:10:16.492Z,,sha256_platform_case_salt,unknown,true,true,,160,8,0,0,sha256:3a39efc21c79587d35d4f7303506e8228bfb6aeaaa63bdf36d20363c7fb715e4,sha256:3a39efc21c79587d35d4f7303506e8228bfb6aeaaa63bdf36d20363c7fb715e4,sha256:d399be60d40e39bb1272189bfd9e9c835b6628449eebe501ac413a8de251d795,dup_815f363f614d29017ede,1,[],public,public,manual_comment_sample,Selected public sample only. Not full-platform coverage. Not full-web coverage. Not full-thread coverage.,"{""asset_id"":""local-snapshot-src_weibo_10-comment-10-16"",""run_id"":"""",""task_id"":"""",""source_path"":"""",""record_type"":""comment"",""field_score"":0,""keyword"":"""",""entity_ids"":[]}","{""normalized_from"":""opencrawler_local_asset"",""source_record_id"":""local-snapshot-src_weibo_10-comment-10-16"",""source_type"":""social_platform"",""acquisition_mode"":""manual_url"",""normalized_at"":""2026-06-17T12:10:16.502Z"",""warnings"":[]}",false,false,,ordinary_user,,unknown,chinese_football_reputation,unknown,unknown,unknown,unknown,unknown,unknown,unknown,176
sgv1_281a935c332e83943b7f2faf,donglu_sunjihai_youth_football_202606,bilibili,video_platform,manual_url,external_agent_assisted,source_url_provided_unverified,medium_low,0.45,review_needed,comment,,,??????????????????? ??01-01?,zh-CN,https://search.bilibili.com/all?keyword=%E8%91%A3%E8%B7%AF%20%E5%AD%99%E7%BB%A7%E6%B5%B7%20%E9%9D%92%E8%AE%AD&sample=01,https://search.bilibili.com/all?keyword=%E8%91%A3%E8%B7%AF%20%E5%AD%99%E7%BB%A7%E6%B5%B7%20%E9%9D%92%E8%AE%AD&sample=01,src_bilibili_01,,2026-06-03T09:00:00.000Z,2026-06-17T12:10:16.492Z,,sha256_platform_case_salt,unknown,true,true,,1,2,0,0,sha256:4cd9655d4cefa33f481d7ab03a1b2899d0a09b363ade71d7dca311d7e53ee323,sha256:4cd9655d4cefa33f481d7ab03a1b2899d0a09b363ade71d7dca311d7e53ee323,sha256:5a1f0a09f8a68f8c35ed2914ba20d6317f216fba2da86acb5e62ee153a9beacf,dup_9ccf3b091c25846e75ec,1,[],public,public,manual_comment_sample,Selected public sample only. Not full-platform coverage. Not full-web coverage. Not full-thread coverage.,"{""asset_id"":""local-snapshot-src_bilibili_01-comment-11-1"",""run_id"":"""",""task_id"":"""",""source_path"":"""",""record_type"":""comment"",""field_score"":0,""keyword"":"""",""entity_ids"":[]}","{""normalized_from"":""opencrawler_local_asset"",""source_record_id"":""local-snapshot-src_bilibili_01-comment-11-1"",""source_type"":""video_platform"",""acquisition_mode"":""manual_url"",""normalized_at"":""2026-06-17T12:10:16.502Z"",""warnings"":[]}",false,false,,unknown,,neutral_process_focused,media_reframing,unknown,unknown,unknown,unknown,bridge,neutral,process_observer,5
sgv1_a360803a56b8749ea771b6de,donglu_sunjihai_youth_football_202606,bilibili,video_platform,manual_url,external_agent_assisted,source_url_provided_unverified,medium_low,0.45,review_needed,comment,,,??????????????????????????? ??01-02?,zh-CN,https://search.bilibili.com/all?keyword=%E8%91%A3%E8%B7%AF%20%E5%AD%99%E7%BB%A7%E6%B5%B7%20%E9%9D%92%E8%AE%AD&sample=01,https://search.bilibili.com/all?keyword=%E8%91%A3%E8%B7%AF%20%E5%AD%99%E7%BB%A7%E6%B5%B7%20%E9%9D%92%E8%AE%AD&sample=01,src_bilibili_01,,2026-06-04T10:00:00.000Z,2026-06-17T12:10:16.492Z,,sha256_platform_case_salt,unknown,true,true,,2,3,0,0,sha256:4392dc0c10a1b8d70d82941ecf9d6934e5ba871955c19c8b96da2fd58310aeaa,sha256:4392dc0c10a1b8d70d82941ecf9d6934e5ba871955c19c8b96da2fd58310aeaa,sha256:5a1f0a09f8a68f8c35ed2914ba20d6317f216fba2da86acb5e62ee153a9beacf,dup_4236b5c007c9de831afb,1,[],public,public,manual_comment_sample,Selected public sample only. Not full-platform coverage. Not full-web coverage. Not full-thread coverage.,"{""asset_id"":""local-snapshot-src_bilibili_01-comment-11-2"",""run_id"":"""",""task_id"":"""",""source_path"":"""",""record_type"":""comment"",""field_score"":0,""keyword"":"""",""entity_ids"":[]}","{""normalized_from"":""opencrawler_local_asset"",""source_record_id"":""local-snapshot-src_bilibili_01-comment-11-2"",""source_type"":""video_platform"",""acquisition_mode"":""manual_url"",""normalized_at"":""2026-06-17T12:10:16.502Z"",""warnings"":[]}",false,false,,unknown,,youth_training_concern,fan_community_reaction,unknown,unknown,unknown,unknown,neutral,concern,youth_training_concern_cluster,8
sgv1_fa9ffd3de33583d3bf7602ab,donglu_sunjihai_youth_football_202606,bilibili,video_platform,manual_url,external_agent_assisted,source_url_provided_unverified,medium_low,0.45,review_needed,comment,,,????????????????????? ??01-03?,zh-CN,https://search.bilibili.com/all?keyword=%E8%91%A3%E8%B7%AF%20%E5%AD%99%E7%BB%A7%E6%B5%B7%20%E9%9D%92%E8%AE%AD&sample=01,https://search.bilibili.com/all?keyword=%E8%91%A3%E8%B7%AF%20%E5%AD%99%E7%BB%A7%E6%B5%B7%20%E9%9D%92%E8%AE%AD&sample=01,src_bilibili_01,,2026-06-05T11:00:00.000Z,2026-06-17T12:10:16.492Z,,sha256_platform_case_salt,unknown,true,true,,3,4,0,0,sha256:9b4e89f702e8c5387c796635224bd7d56742cddabe3f0e0cdd1abb92081b3645,sha256:9b4e89f702e8c5387c796635224bd7d56742cddabe3f0e0cdd1abb92081b3645,sha256:5a1f0a09f8a68f8c35ed2914ba20d6317f216fba2da86acb5e62ee153a9beacf,dup_7f312da46725cec1fbcb,1,[],public,public,manual_comment_sample,Selected public sample only. Not full-platform coverage. Not full-web coverage. Not full-thread coverage.,"{""asset_id"":""local-snapshot-src_bilibili_01-comment-11-3"",""run_id"":"""",""task_id"":"""",""source_path"":"""",""record_type"":""comment"",""field_score"":0,""keyword"":"""",""entity_ids"":[]}","{""normalized_from"":""opencrawler_local_asset"",""source_record_id"":""local-snapshot-src_bilibili_01-comment-11-3"",""source_type"":""video_platform"",""acquisition_mode"":""manual_url"",""normalized_at"":""2026-06-17T12:10:16.502Z"",""warnings"":[]}",false,false,,unknown,,anti_conflict_fatigue,children_protection_boundary,unknown,unknown,unknown,unknown,fatigue,fatigue,fatigue_cluster,11
sgv1_94ae2223c5bce55fada0460f,donglu_sunjihai_youth_football_202606,bilibili,video_platform,manual_url,external_agent_assisted,source_url_provided_unverified,medium_low,0.45,review_needed,comment,,,?????????????????????? ??01-04?,zh-CN,https://search.bilibili.com/all?keyword=%E8%91%A3%E8%B7%AF%20%E5%AD%99%E7%BB%A7%E6%B5%B7%20%E9%9D%92%E8%AE%AD&sample=01,https://search.bilibili.com/all?keyword=%E8%91%A3%E8%B7%AF%20%E5%AD%99%E7%BB%A7%E6%B5%B7%20%E9%9D%92%E8%AE%AD&sample=01,src_bilibili_01,,2026-06-06T12:00:00.000Z,2026-06-17T12:10:16.492Z,,sha256_platform_case_salt,unknown,true,true,,4,5,0,0,sha256:4365d2529197f7b92d9b560fc49ac013ad80a724163b454fa7d6d1bfb875b68c,sha256:4365d2529197f7b92d9b560fc49ac013ad80a724163b454fa7d6d1bfb875b68c,sha256:5a1f0a09f8a68f8c35ed2914ba20d6317f216fba2da86acb5e62ee153a9beacf,dup_0e172288d18807f0c48b,1,[],public,public,manual_comment_sample,Selected public sample only. Not full-platform coverage. Not full-web coverage. Not full-thread coverage.,"{""asset_id"":""local-snapshot-src_bilibili_01-comment-11-4"",""run_id"":"""",""task_id"":"""",""source_path"":"""",""record_type"":""comment"",""field_score"":0,""keyword"":"""",""entity_ids"":[]}","{""normalized_from"":""opencrawler_local_asset"",""source_record_id"":""local-snapshot-src_bilibili_01-comment-11-4"",""source_type"":""video_platform"",""acquisition_mode"":""manual_url"",""normalized_at"":""2026-06-17T12:10:16.502Z"",""warnings"":[]}",false,false,,unknown,,media_context,chinese_football_reputation,unknown,unknown,unknown,unknown,bridge,neutral,media_context_reader,14
sgv1_b19a4c4d861c51e962d1d499,donglu_sunjihai_youth_football_202606,bilibili,video_platform,manual_url,external_agent_assisted,source_url_provided_unverified,medium_low,0.45,review_needed,comment,,,??????????????????????? ??01-05?,zh-CN,https://search.bilibili.com/all?keyword=%E8%91%A3%E8%B7%AF%20%E5%AD%99%E7%BB%A7%E6%B5%B7%20%E9%9D%92%E8%AE%AD&sample=01,https://search.bilibili.com/all?keyword=%E8%91%A3%E8%B7%AF%20%E5%AD%99%E7%BB%A7%E6%B5%B7%20%E9%9D%92%E8%AE%AD&sample=01,src_bilibili_01,,2026-06-07T13:00:00.000Z,2026-06-17T12:10:16.492Z,,sha256_platform_case_salt,unknown,true,true,,5,6,0,0,sha256:00dce100e8eca555c6a1cc124d2fb80ac3d51f2369527ecce3f77185377b43ae,sha256:00dce100e8eca555c6a1cc124d2fb80ac3d51f2369527ecce3f77185377b43ae,sha256:5a1f0a09f8a68f8c35ed2914ba20d6317f216fba2da86acb5e62ee153a9beacf,dup_9f06ff80809cda8ab89d,1,[],public,public,manual_comment_sample,Selected public sample only. Not full-platform coverage. Not full-web coverage. Not full-thread coverage.,"{""asset_id"":""local-snapshot-src_bilibili_01-comment-11-5"",""run_id"":"""",""task_id"":"""",""source_path"":"""",""record_type"":""comment"",""field_score"":0,""keyword"":"""",""entity_ids"":[]}","{""normalized_from"":""opencrawler_local_asset"",""source_record_id"":""local-snapshot-src_bilibili_01-comment-11-5"",""source_type"":""video_platform"",""acquisition_mode"":""manual_url"",""normalized_at"":""2026-06-17T12:10:16.502Z"",""warnings"":[]}",false,false,,unknown,,extreme_attack_or_trolling,platform_discussion,unknown,unknown,unknown,unknown,isolated_extreme,anger,isolated_extreme_cluster,17
sgv1_a70dd6a4d718e0a08d06ab69,donglu_sunjihai_youth_football_202606,bilibili,video_platform,manual_url,external_agent_assisted,source_url_provided_unverified,medium_low,0.45,review_needed,comment,,,????????????????? ??01-06?,zh-CN,https://search.bilibili.com/all?keyword=%E8%91%A3%E8%B7%AF%20%E5%AD%99%E7%BB%A7%E6%B5%B7%20%E9%9D%92%E8%AE%AD&sample=01,https://search.bilibili.com/all?keyword=%E8%91%A3%E8%B7%AF%20%E5%AD%99%E7%BB%A7%E6%B5%B7%20%E9%9D%92%E8%AE%AD&sample=01,src_bilibili_01,,2026-06-08T14:00:00.000Z,2026-06-17T12:10:16.492Z,,sha256_platform_case_salt,unknown,true,true,,6,7,0,0,sha256:9bd6d885cb02206e04b322747e00e5efe2d5d5c640a0e061c7d9e9ab737a675d,sha256:9bd6d885cb02206e04b322747e00e5efe2d5d5c640a0e061c7d9e9ab737a675d,sha256:5a1f0a09f8a68f8c35ed2914ba20d6317f216fba2da86acb5e62ee153a9beacf,dup_38bfbb91ee6d4af7876f,1,[],public,public,manual_comment_sample,Selected public sample only. Not full-platform coverage. Not full-web coverage. Not full-thread coverage.,"{""asset_id"":""local-snapshot-src_bilibili_01-comment-11-6"",""run_id"":"""",""task_id"":"""",""source_path"":"""",""record_type"":""comment"",""field_score"":0,""keyword"":"""",""entity_ids"":[]}","{""normalized_from"":""opencrawler_local_asset"",""source_record_id"":""local-snapshot-src_bilibili_01-comment-11-6"",""source_type"":""video_platform"",""acquisition_mode"":""manual_url"",""normalized_at"":""2026-06-17T12:10:16.502Z"",""warnings"":[]}",false,false,,unknown,,unknown,extreme_cluster_or_trolling,unknown,unknown,unknown,unknown,unknown,unknown,unknown,20
sgv1_71c9097ebe779cbbce5f5a58,donglu_sunjihai_youth_football_202606,bilibili,video_platform,manual_url,external_agent_assisted,source_url_provided_unverified,medium_low,0.45,review_needed,comment,,,???????????????????????? ??01-07?,zh-CN,https://search.bilibili.com/all?keyword=%E8%91%A3%E8%B7%AF%20%E5%AD%99%E7%BB%A7%E6%B5%B7%20%E9%9D%92%E8%AE%AD&sample=01,https://search.bilibili.com/all?keyword=%E8%91%A3%E8%B7%AF%20%E5%AD%99%E7%BB%A7%E6%B5%B7%20%E9%9D%92%E8%AE%AD&sample=01,src_bilibili_01,,2026-06-09T15:00:00.000Z,2026-06-17T12:10:16.492Z,,sha256_platform_case_salt,unknown,true,true,,7,8,0,0,sha256:e23a36b5616dae1a634f7b5a06d0d32d7e530805a45edca951d4a502c5a78418,sha256:e23a36b5616dae1a634f7b5a06d0d32d7e530805a45edca951d4a502c5a78418,sha256:5a1f0a09f8a68f8c35ed2914ba20d6317f216fba2da86acb5e62ee153a9beacf,dup_428d869bf0a508321306,1,[],public,public,manual_comment_sample,Selected public sample only. Not full-platform coverage. Not full-web coverage. Not full-thread coverage.,"{""asset_id"":""local-snapshot-src_bilibili_01-comment-11-7"",""run_id"":"""",""task_id"":"""",""source_path"":"""",""record_type"":""comment"",""field_score"":0,""keyword"":"""",""entity_ids"":[]}","{""normalized_from"":""opencrawler_local_asset"",""source_record_id"":""local-snapshot-src_bilibili_01-comment-11-7"",""source_type"":""video_platform"",""acquisition_mode"":""manual_url"",""normalized_at"":""2026-06-17T12:10:16.502Z"",""warnings"":[]}",false,false,,unknown,,support_donglu_view,unknown,unknown,unknown,unknown,unknown,core_support,curiosity,route_supporter_donglu,23
sgv1_22ff8e6ba17e16f28afc3932,donglu_sunjihai_youth_football_202606,bilibili,video_platform,manual_url,external_agent_assisted,source_url_provided_unverified,medium_low,0.45,review_needed,comment,,,?????????????????????????? ??01-08?,zh-CN,https://search.bilibili.com/all?keyword=%E8%91%A3%E8%B7%AF%20%E5%AD%99%E7%BB%A7%E6%B5%B7%20%E9%9D%92%E8%AE%AD&sample=01,https://search.bilibili.com/all?keyword=%E8%91%A3%E8%B7%AF%20%E5%AD%99%E7%BB%A7%E6%B5%B7%20%E9%9D%92%E8%AE%AD&sample=01,src_bilibili_01,,2026-06-10T16:00:00.000Z,2026-06-17T12:10:16.492Z,,sha256_platform_case_salt,unknown,true,true,,8,9,0,0,sha256:42837b0e57645809bd45a7a53542f7e367a8543a1cac5e957efa57f4aa6439cd,sha256:42837b0e57645809bd45a7a53542f7e367a8543a1cac5e957efa57f4aa6439cd,sha256:5a1f0a09f8a68f8c35ed2914ba20d6317f216fba2da86acb5e62ee153a9beacf,dup_5ec9ef22c4a7bfd70ab7,1,[],public,public,manual_comment_sample,Selected public sample only. Not full-platform coverage. Not full-web coverage. Not full-thread coverage.,"{""asset_id"":""local-snapshot-src_bilibili_01-comment-11-8"",""run_id"":"""",""task_id"":"""",""source_path"":"""",""record_type"":""comment"",""field_score"":0,""keyword"":"""",""entity_ids"":[]}","{""normalized_from"":""opencrawler_local_asset"",""source_record_id"":""local-snapshot-src_bilibili_01-comment-11-8"",""source_type"":""video_platform"",""acquisition_mode"":""manual_url"",""normalized_at"":""2026-06-17T12:10:16.502Z"",""warnings"":[]}",false,false,,unknown,,support_sunjihai_view,youth_training_model,unknown,unknown,unknown,unknown,core_support,curiosity,route_supporter_sunjihai,26
sgv1_5e9eac5188f87c719fa75100,donglu_sunjihai_youth_football_202606,bilibili,video_platform,manual_url,external_agent_assisted,source_url_provided_unverified,medium_low,0.45,review_needed,comment,,,???????????????????????????? ??01-09?,zh-CN,https://search.bilibili.com/all?keyword=%E8%91%A3%E8%B7%AF%20%E5%AD%99%E7%BB%A7%E6%B5%B7%20%E9%9D%92%E8%AE%AD&sample=01,https://search.bilibili.com/all?keyword=%E8%91%A3%E8%B7%AF%20%E5%AD%99%E7%BB%A7%E6%B5%B7%20%E9%9D%92%E8%AE%AD&sample=01,src_bilibili_01,,2026-06-11T17:00:00.000Z,2026-06-17T12:10:16.492Z,,sha256_platform_case_salt,unknown,true,true,,9,10,0,0,sha256:3b26232321dbe9fdb9be6f9f59fb7327fafa12d350039e16ce70df8e9084be8f,sha256:3b26232321dbe9fdb9be6f9f59fb7327fafa12d350039e16ce70df8e9084be8f,sha256:5a1f0a09f8a68f8c35ed2914ba20d6317f216fba2da86acb5e62ee153a9beacf,dup_ad87a32cbac9e88bdbb3,1,[],public,public,manual_comment_sample,Selected public sample only. Not full-platform coverage. Not full-web coverage. Not full-thread coverage.,"{""asset_id"":""local-snapshot-src_bilibili_01-comment-11-9"",""run_id"":"""",""task_id"":"""",""source_path"":"""",""record_type"":""comment"",""field_score"":0,""keyword"":"""",""entity_ids"":[]}","{""normalized_from"":""opencrawler_local_asset"",""source_record_id"":""local-snapshot-src_bilibili_01-comment-11-9"",""source_type"":""video_platform"",""acquisition_mode"":""manual_url"",""normalized_at"":""2026-06-17T12:10:16.502Z"",""warnings"":[]}",false,false,,unknown,,neutral_process_focused,contract_or_responsibility_dispute,unknown,unknown,unknown,unknown,bridge,neutral,process_observer,29
sgv1_1a9bbc67651b1edab25853a5,donglu_sunjihai_youth_football_202606,bilibili,video_platform,manual_url,external_agent_assisted,source_url_provided_unverified,medium_low,0.45,review_needed,comment,,,?????????????????????? ??01-10?,zh-CN,https://search.bilibili.com/all?keyword=%E8%91%A3%E8%B7%AF%20%E5%AD%99%E7%BB%A7%E6%B5%B7%20%E9%9D%92%E8%AE%AD&sample=01,https://search.bilibili.com/all?keyword=%E8%91%A3%E8%B7%AF%20%E5%AD%99%E7%BB%A7%E6%B5%B7%20%E9%9D%92%E8%AE%AD&sample=01,src_bilibili_01,,2026-06-12T18:00:00.000Z,2026-06-17T12:10:16.492Z,,sha256_platform_case_salt,unknown,true,true,,10,11,0,0,sha256:3e170dfc81231f75beacce72259a403d76f821758da4c76558b7f947c924ab56,sha256:3e170dfc81231f75beacce72259a403d76f821758da4c76558b7f947c924ab56,sha256:5a1f0a09f8a68f8c35ed2914ba20d6317f216fba2da86acb5e62ee153a9beacf,dup_69ed04986ac6c09cf80f,1,[],public,public,manual_comment_sample,Selected public sample only. Not full-platform coverage. Not full-web coverage. Not full-thread coverage.,"{""asset_id"":""local-snapshot-src_bilibili_01-comment-11-10"",""run_id"":"""",""task_id"":"""",""source_path"":"""",""record_type"":""comment"",""field_score"":0,""keyword"":"""",""entity_ids"":[]}","{""normalized_from"":""opencrawler_local_asset"",""source_record_id"":""local-snapshot-src_bilibili_01-comment-11-10"",""source_type"":""video_platform"",""acquisition_mode"":""manual_url"",""normalized_at"":""2026-06-17T12:10:16.502Z"",""warnings"":[]}",false,false,,unknown,,youth_training_concern,public_response,unknown,unknown,unknown,unknown,neutral,concern,youth_training_concern_cluster,32
sgv1_cf3b1816815b3ed5125a7b3e,donglu_sunjihai_youth_football_202606,bilibili,video_platform,manual_url,external_agent_assisted,source_url_provided_unverified,medium_low,0.45,review_needed,comment,,,???????????????????????? ??01-11?,zh-CN,https://search.bilibili.com/all?keyword=%E8%91%A3%E8%B7%AF%20%E5%AD%99%E7%BB%A7%E6%B5%B7%20%E9%9D%92%E8%AE%AD&sample=01,https://search.bilibili.com/all?keyword=%E8%91%A3%E8%B7%AF%20%E5%AD%99%E7%BB%A7%E6%B5%B7%20%E9%9D%92%E8%AE%AD&sample=01,src_bilibili_01,,2026-06-13T19:00:00.000Z,2026-06-17T12:10:16.492Z,,sha256_platform_case_salt,unknown,true,true,,11,12,0,0,sha256:ed5cd85169d8ece0c7d2772fe3d9e2f9bc5b02e61241e4869eb68144c3322e8c,sha256:ed5cd85169d8ece0c7d2772fe3d9e2f9bc5b02e61241e4869eb68144c3322e8c,sha256:5a1f0a09f8a68f8c35ed2914ba20d6317f216fba2da86acb5e62ee153a9beacf,dup_dc53738e7b756bb725d2,1,[],public,public,manual_comment_sample,Selected public sample only. Not full-platform coverage. Not full-web coverage. Not full-thread coverage.,"{""asset_id"":""local-snapshot-src_bilibili_01-comment-11-11"",""run_id"":"""",""task_id"":"""",""source_path"":"""",""record_type"":""comment"",""field_score"":0,""keyword"":"""",""entity_ids"":[]}","{""normalized_from"":""opencrawler_local_asset"",""source_record_id"":""local-snapshot-src_bilibili_01-comment-11-11"",""source_type"":""video_platform"",""acquisition_mode"":""manual_url"",""normalized_at"":""2026-06-17T12:10:16.502Z"",""warnings"":[]}",false,false,,unknown,,anti_conflict_fatigue,media_reframing,unknown,unknown,unknown,unknown,fatigue,fatigue,fatigue_cluster,35
sgv1_38e6033cb402908e3b87d02f,donglu_sunjihai_youth_football_202606,bilibili,video_platform,manual_url,external_agent_assisted,source_url_provided_unverified,medium_low,0.45,review_needed,comment,,,????????????????????????? ??01-12?,zh-CN,https://search.bilibili.com/all?keyword=%E8%91%A3%E8%B7%AF%20%E5%AD%99%E7%BB%A7%E6%B5%B7%20%E9%9D%92%E8%AE%AD&sample=01,https://search.bilibili.com/all?keyword=%E8%91%A3%E8%B7%AF%20%E5%AD%99%E7%BB%A7%E6%B5%B7%20%E9%9D%92%E8%AE%AD&sample=01,src_bilibili_01,,2026-06-14T20:00:00.000Z,2026-06-17T12:10:16.492Z,,sha256_platform_case_salt,unknown,true,true,,12,13,0,0,sha256:4eb2a5f88c4b9615098444951e2a9cdb926bd545712c90004b9584e15e9d31eb,sha256:4eb2a5f88c4b9615098444951e2a9cdb926bd545712c90004b9584e15e9d31eb,sha256:5a1f0a09f8a68f8c35ed2914ba20d6317f216fba2da86acb5e62ee153a9beacf,dup_85eee504473cbf9e9f09,1,[],public,public,manual_comment_sample,Selected public sample only. Not full-platform coverage. Not full-web coverage. Not full-thread coverage.,"{""asset_id"":""local-snapshot-src_bilibili_01-comment-11-12"",""run_id"":"""",""task_id"":"""",""source_path"":"""",""record_type"":""comment"",""field_score"":0,""keyword"":"""",""entity_ids"":[]}","{""normalized_from"":""opencrawler_local_asset"",""source_record_id"":""local-snapshot-src_bilibili_01-comment-11-12"",""source_type"":""video_platform"",""acquisition_mode"":""manual_url"",""normalized_at"":""2026-06-17T12:10:16.502Z"",""warnings"":[]}",false,false,,unknown,,media_context,fan_community_reaction,unknown,unknown,unknown,unknown,bridge,neutral,media_context_reader,38
sgv1_edd65141ab7ae1e833493f5d,donglu_sunjihai_youth_football_202606,bilibili,video_platform,manual_url,external_agent_assisted,source_url_provided_unverified,medium_low,0.45,review_needed,comment,,,??????????????????????? ??01-13?,zh-CN,https://search.bilibili.com/all?keyword=%E8%91%A3%E8%B7%AF%20%E5%AD%99%E7%BB%A7%E6%B5%B7%20%E9%9D%92%E8%AE%AD&sample=01,https://search.bilibili.com/all?keyword=%E8%91%A3%E8%B7%AF%20%E5%AD%99%E7%BB%A7%E6%B5%B7%20%E9%9D%92%E8%AE%AD&sample=01,src_bilibili_01,,2026-06-01T21:00:00.000Z,2026-06-17T12:10:16.493Z,,sha256_platform_case_salt,unknown,true,true,,13,14,0,0,sha256:0393cdc2297a0d3be40fd87c223f7056e31325d7f92847da7dae2373a13046b0,sha256:0393cdc2297a0d3be40fd87c223f7056e31325d7f92847da7dae2373a13046b0,sha256:5a1f0a09f8a68f8c35ed2914ba20d6317f216fba2da86acb5e62ee153a9beacf,dup_cbde941c02f024e00def,1,[],public,public,manual_comment_sample,Selected public sample only. Not full-platform coverage. Not full-web coverage. Not full-thread coverage.,"{""asset_id"":""local-snapshot-src_bilibili_01-comment-11-13"",""run_id"":"""",""task_id"":"""",""source_path"":"""",""record_type"":""comment"",""field_score"":0,""keyword"":"""",""entity_ids"":[]}","{""normalized_from"":""opencrawler_local_asset"",""source_record_id"":""local-snapshot-src_bilibili_01-comment-11-13"",""source_type"":""video_platform"",""acquisition_mode"":""manual_url"",""normalized_at"":""2026-06-17T12:10:16.502Z"",""warnings"":[]}",false,false,,unknown,,extreme_attack_or_trolling,children_protection_boundary,unknown,unknown,unknown,unknown,isolated_extreme,anger,isolated_extreme_cluster,41
sgv1_399bfd99d20600e7b3043078,donglu_sunjihai_youth_football_202606,bilibili,video_platform,manual_url,external_agent_assisted,source_url_provided_unverified,medium_low,0.45,review_needed,comment,,,????????????????????? ??01-14?,zh-CN,https://search.bilibili.com/all?keyword=%E8%91%A3%E8%B7%AF%20%E5%AD%99%E7%BB%A7%E6%B5%B7%20%E9%9D%92%E8%AE%AD&sample=01,https://search.bilibili.com/all?keyword=%E8%91%A3%E8%B7%AF%20%E5%AD%99%E7%BB%A7%E6%B5%B7%20%E9%9D%92%E8%AE%AD&sample=01,src_bilibili_01,,2026-06-02T22:00:00.000Z,2026-06-17T12:10:16.493Z,,sha256_platform_case_salt,unknown,true,true,,14,15,0,0,sha256:17a5449a474ebca6a7d5a4b7e83cddd31590c10584155c87d0feb8d0a4a3134d,sha256:17a5449a474ebca6a7d5a4b7e83cddd31590c10584155c87d0feb8d0a4a3134d,sha256:5a1f0a09f8a68f8c35ed2914ba20d6317f216fba2da86acb5e62ee153a9beacf,dup_4aa0a8f232f6a35bd290,1,[],public,public,manual_comment_sample,Selected public sample only. Not full-platform coverage. Not full-web coverage. Not full-thread coverage.,"{""asset_id"":""local-snapshot-src_bilibili_01-comment-11-14"",""run_id"":"""",""task_id"":"""",""source_path"":"""",""record_type"":""comment"",""field_score"":0,""keyword"":"""",""entity_ids"":[]}","{""normalized_from"":""opencrawler_local_asset"",""source_record_id"":""local-snapshot-src_bilibili_01-comment-11-14"",""source_type"":""video_platform"",""acquisition_mode"":""manual_url"",""normalized_at"":""2026-06-17T12:10:16.502Z"",""warnings"":[]}",false,false,,unknown,,unknown,chinese_football_reputation,unknown,unknown,unknown,unknown,unknown,unknown,unknown,44
sgv1_9b7be4b4daa39e929474262d,donglu_sunjihai_youth_football_202606,bilibili,video_platform,manual_url,external_agent_assisted,source_url_provided_unverified,medium_low,0.45,review_needed,comment,,,??????????????????????????? ??01-15?,zh-CN,https://search.bilibili.com/all?keyword=%E8%91%A3%E8%B7%AF%20%E5%AD%99%E7%BB%A7%E6%B5%B7%20%E9%9D%92%E8%AE%AD&sample=01,https://search.bilibili.com/all?keyword=%E8%91%A3%E8%B7%AF%20%E5%AD%99%E7%BB%A7%E6%B5%B7%20%E9%9D%92%E8%AE%AD&sample=01,src_bilibili_01,,2026-06-03T23:00:00.000Z,2026-06-17T12:10:16.493Z,,sha256_platform_case_salt,unknown,true,true,,15,16,0,0,sha256:684c3749577acdcd6d0a3e14e6841342c991654a98577662fcb78d9a9b6ce224,sha256:684c3749577acdcd6d0a3e14e6841342c991654a98577662fcb78d9a9b6ce224,sha256:5a1f0a09f8a68f8c35ed2914ba20d6317f216fba2da86acb5e62ee153a9beacf,dup_2ee5eb1ecdec15823952,1,[],public,public,manual_comment_sample,Selected public sample only. Not full-platform coverage. Not full-web coverage. Not full-thread coverage.,"{""asset_id"":""local-snapshot-src_bilibili_01-comment-11-15"",""run_id"":"""",""task_id"":"""",""source_path"":"""",""record_type"":""comment"",""field_score"":0,""keyword"":"""",""entity_ids"":[]}","{""normalized_from"":""opencrawler_local_asset"",""source_record_id"":""local-snapshot-src_bilibili_01-comment-11-15"",""source_type"":""video_platform"",""acquisition_mode"":""manual_url"",""normalized_at"":""2026-06-17T12:10:16.502Z"",""warnings"":[]}",false,false,,unknown,,support_donglu_view,platform_discussion,unknown,unknown,unknown,unknown,core_support,curiosity,route_supporter_donglu,47
sgv1_5309da0d5cbdfd6a2b9ec573,donglu_sunjihai_youth_football_202606,bilibili,video_platform,manual_url,external_agent_assisted,source_url_provided_unverified,medium_low,0.45,review_needed,comment,,,?????????????????????? ??01-16?,zh-CN,https://search.bilibili.com/all?keyword=%E8%91%A3%E8%B7%AF%20%E5%AD%99%E7%BB%A7%E6%B5%B7%20%E9%9D%92%E8%AE%AD&sample=01,https://search.bilibili.com/all?keyword=%E8%91%A3%E8%B7%AF%20%E5%AD%99%E7%BB%A7%E6%B5%B7%20%E9%9D%92%E8%AE%AD&sample=01,src_bilibili_01,,2026-06-04T00:00:00.000Z,2026-06-17T12:10:16.493Z,,sha256_platform_case_salt,unknown,true,true,,16,17,0,0,sha256:0440c495dc9a6c699ed3b114d6ff5753c5b30cc15bc7cced8b77efe7230b874a,sha256:0440c495dc9a6c699ed3b114d6ff5753c5b30cc15bc7cced8b77efe7230b874a,sha256:5a1f0a09f8a68f8c35ed2914ba20d6317f216fba2da86acb5e62ee153a9beacf,dup_e82b0a2ecdee84fb58cb,1,[],public,public,manual_comment_sample,Selected public sample only. Not full-platform coverage. Not full-web coverage. Not full-thread coverage.,"{""asset_id"":""local-snapshot-src_bilibili_01-comment-11-16"",""run_id"":"""",""task_id"":"""",""source_path"":"""",""record_type"":""comment"",""field_score"":0,""keyword"":"""",""entity_ids"":[]}","{""normalized_from"":""opencrawler_local_asset"",""source_record_id"":""local-snapshot-src_bilibili_01-comment-11-16"",""source_type"":""video_platform"",""acquisition_mode"":""manual_url"",""normalized_at"":""2026-06-17T12:10:16.502Z"",""warnings"":[]}",false,false,,unknown,,support_sunjihai_view,extreme_cluster_or_trolling,unknown,unknown,unknown,unknown,core_support,curiosity,route_supporter_sunjihai,50
sgv1_4379844dcfba5141f8ccc9d9,donglu_sunjihai_youth_football_202606,bilibili,video_platform,manual_url,external_agent_assisted,source_url_provided_unverified,medium_low,0.45,review_needed,comment,,,??????????????????????????? ??01-17?,zh-CN,https://search.bilibili.com/all?keyword=%E8%91%A3%E8%B7%AF%20%E5%AD%99%E7%BB%A7%E6%B5%B7%20%E9%9D%92%E8%AE%AD&sample=01,https://search.bilibili.com/all?keyword=%E8%91%A3%E8%B7%AF%20%E5%AD%99%E7%BB%A7%E6%B5%B7%20%E9%9D%92%E8%AE%AD&sample=01,src_bilibili_01,,2026-06-05T01:00:00.000Z,2026-06-17T12:10:16.493Z,,sha256_platform_case_salt,unknown,true,true,,17,0,0,0,sha256:5ba6211fdbe69f7fa63ab4fb07c997ac2a025e09753184d31554fb8a0db293c5,sha256:5ba6211fdbe69f7fa63ab4fb07c997ac2a025e09753184d31554fb8a0db293c5,sha256:5a1f0a09f8a68f8c35ed2914ba20d6317f216fba2da86acb5e62ee153a9beacf,dup_8ed0f62eea1e823ecd3c,1,[],public,public,manual_comment_sample,Selected public sample only. Not full-platform coverage. Not full-web coverage. Not full-thread coverage.,"{""asset_id"":""local-snapshot-src_bilibili_01-comment-11-17"",""run_id"":"""",""task_id"":"""",""source_path"":"""",""record_type"":""comment"",""field_score"":0,""keyword"":"""",""entity_ids"":[]}","{""normalized_from"":""opencrawler_local_asset"",""source_record_id"":""local-snapshot-src_bilibili_01-comment-11-17"",""source_type"":""video_platform"",""acquisition_mode"":""manual_url"",""normalized_at"":""2026-06-17T12:10:16.502Z"",""warnings"":[]}",false,false,,unknown,,neutral_process_focused,unknown,unknown,unknown,unknown,unknown,bridge,neutral,process_observer,17
sgv1_cda761121cc23e526b71562a,donglu_sunjihai_youth_football_202606,bilibili,video_platform,manual_url,external_agent_assisted,source_url_provided_unverified,medium_low,0.45,review_needed,comment,,,?????????????????????????? ??01-18?,zh-CN,https://search.bilibili.com/all?keyword=%E8%91%A3%E8%B7%AF%20%E5%AD%99%E7%BB%A7%E6%B5%B7%20%E9%9D%92%E8%AE%AD&sample=01,https://search.bilibili.com/all?keyword=%E8%91%A3%E8%B7%AF%20%E5%AD%99%E7%BB%A7%E6%B5%B7%20%E9%9D%92%E8%AE%AD&sample=01,src_bilibili_01,,2026-06-06T02:00:00.000Z,2026-06-17T12:10:16.493Z,,sha256_platform_case_salt,unknown,true,true,,18,1,0,0,sha256:bba63715b96ee933a2744edf5ddaf440e0058b32090075599e3651f6e8429e49,sha256:bba63715b96ee933a2744edf5ddaf440e0058b32090075599e3651f6e8429e49,sha256:5a1f0a09f8a68f8c35ed2914ba20d6317f216fba2da86acb5e62ee153a9beacf,dup_957f18c60c0ab97a453b,1,[],public,public,manual_comment_sample,Selected public sample only. Not full-platform coverage. Not full-web coverage. Not full-thread coverage.,"{""asset_id"":""local-snapshot-src_bilibili_01-comment-11-18"",""run_id"":"""",""task_id"":"""",""source_path"":"""",""record_type"":""comment"",""field_score"":0,""keyword"":"""",""entity_ids"":[]}","{""normalized_from"":""opencrawler_local_asset"",""source_record_id"":""local-snapshot-src_bilibili_01-comment-11-18"",""source_type"":""video_platform"",""acquisition_mode"":""manual_url"",""normalized_at"":""2026-06-17T12:10:16.502Z"",""warnings"":[]}",false,false,,unknown,,youth_training_concern,youth_training_model,unknown,unknown,unknown,unknown,neutral,concern,youth_training_concern_cluster,20
sgv1_db45ce34e491b041fec38183,donglu_sunjihai_youth_football_202606,bilibili,video_platform,manual_url,external_agent_assisted,source_url_provided_unverified,medium_low,0.45,review_needed,comment,,,??????????????????????????? ??02-01?,zh-CN,https://search.bilibili.com/all?keyword=%E8%91%A3%E8%B7%AF%20%E5%AD%99%E7%BB%A7%E6%B5%B7%20%E9%9D%92%E8%AE%AD&sample=02,https://search.bilibili.com/all?keyword=%E8%91%A3%E8%B7%AF%20%E5%AD%99%E7%BB%A7%E6%B5%B7%20%E9%9D%92%E8%AE%AD&sample=02,src_bilibili_02,,2026-06-04T09:00:00.000Z,2026-06-17T12:10:16.493Z,,sha256_platform_case_salt,unknown,true,true,,2,3,0,0,sha256:0b486d0a9c2cdd61258d6e3f8d2174390786d22f8d0865d10f7c74e119248d62,sha256:0b486d0a9c2cdd61258d6e3f8d2174390786d22f8d0865d10f7c74e119248d62,sha256:5f9e239aee30a1e10926012a87aef69911a3c5a687b6a106659f085f6ba403f6,dup_b100102c884a13659b52,1,[],public,public,manual_comment_sample,Selected public sample only. Not full-platform coverage. Not full-web coverage. Not full-thread coverage.,"{""asset_id"":""local-snapshot-src_bilibili_02-comment-12-1"",""run_id"":"""",""task_id"":"""",""source_path"":"""",""record_type"":""comment"",""field_score"":0,""keyword"":"""",""entity_ids"":[]}","{""normalized_from"":""opencrawler_local_asset"",""source_record_id"":""local-snapshot-src_bilibili_02-comment-12-1"",""source_type"":""video_platform"",""acquisition_mode"":""manual_url"",""normalized_at"":""2026-06-17T12:10:16.502Z"",""warnings"":[]}",false,false,,unknown,,youth_training_concern,children_protection_boundary,unknown,unknown,unknown,unknown,neutral,concern,youth_training_concern_cluster,8
sgv1_068a12209c989e4e18396554,donglu_sunjihai_youth_football_202606,bilibili,video_platform,manual_url,external_agent_assisted,source_url_provided_unverified,medium_low,0.45,review_needed,comment,,,????????????????????? ??02-02?,zh-CN,https://search.bilibili.com/all?keyword=%E8%91%A3%E8%B7%AF%20%E5%AD%99%E7%BB%A7%E6%B5%B7%20%E9%9D%92%E8%AE%AD&sample=02,https://search.bilibili.com/all?keyword=%E8%91%A3%E8%B7%AF%20%E5%AD%99%E7%BB%A7%E6%B5%B7%20%E9%9D%92%E8%AE%AD&sample=02,src_bilibili_02,,2026-06-05T10:00:00.000Z,2026-06-17T12:10:16.493Z,,sha256_platform_case_salt,unknown,true,true,,4,4,0,0,sha256:cb6b49ecf9455d9bb8f5e738f826cfc68f5dceecad4bfca6b296069de2828df7,sha256:cb6b49ecf9455d9bb8f5e738f826cfc68f5dceecad4bfca6b296069de2828df7,sha256:5f9e239aee30a1e10926012a87aef69911a3c5a687b6a106659f085f6ba403f6,dup_b5895097c79f850c9ac5,1,[],public,public,manual_comment_sample,Selected public sample only. Not full-platform coverage. Not full-web coverage. Not full-thread coverage.,"{""asset_id"":""local-snapshot-src_bilibili_02-comment-12-2"",""run_id"":"""",""task_id"":"""",""source_path"":"""",""record_type"":""comment"",""field_score"":0,""keyword"":"""",""entity_ids"":[]}","{""normalized_from"":""opencrawler_local_asset"",""source_record_id"":""local-snapshot-src_bilibili_02-comment-12-2"",""source_type"":""video_platform"",""acquisition_mode"":""manual_url"",""normalized_at"":""2026-06-17T12:10:16.502Z"",""warnings"":[]}",false,false,,unknown,,anti_conflict_fatigue,chinese_football_reputation,unknown,unknown,unknown,unknown,fatigue,fatigue,fatigue_cluster,12
sgv1_559c35e8cadd62b23f1b8e6a,donglu_sunjihai_youth_football_202606,bilibili,video_platform,manual_url,external_agent_assisted,source_url_provided_unverified,medium_low,0.45,review_needed,comment,,,?????????????????????? ??02-03?,zh-CN,https://search.bilibili.com/all?keyword=%E8%91%A3%E8%B7%AF%20%E5%AD%99%E7%BB%A7%E6%B5%B7%20%E9%9D%92%E8%AE%AD&sample=02,https://search.bilibili.com/all?keyword=%E8%91%A3%E8%B7%AF%20%E5%AD%99%E7%BB%A7%E6%B5%B7%20%E9%9D%92%E8%AE%AD&sample=02,src_bilibili_02,,2026-06-06T11:00:00.000Z,2026-06-17T12:10:16.493Z,,sha256_platform_case_salt,unknown,true,true,,6,5,0,0,sha256:90797b64d6aa0a5c53313ec3f1d90b4efecb263f055de70d4c98ef4190c98e65,sha256:90797b64d6aa0a5c53313ec3f1d90b4efecb263f055de70d4c98ef4190c98e65,sha256:5f9e239aee30a1e10926012a87aef69911a3c5a687b6a106659f085f6ba403f6,dup_6f03673ae9f9dbf93d22,1,[],public,public,manual_comment_sample,Selected public sample only. Not full-platform coverage. Not full-web coverage. Not full-thread coverage.,"{""asset_id"":""local-snapshot-src_bilibili_02-comment-12-3"",""run_id"":"""",""task_id"":"""",""source_path"":"""",""record_type"":""comment"",""field_score"":0,""keyword"":"""",""entity_ids"":[]}","{""normalized_from"":""opencrawler_local_asset"",""source_record_id"":""local-snapshot-src_bilibili_02-comment-12-3"",""source_type"":""video_platform"",""acquisition_mode"":""manual_url"",""normalized_at"":""2026-06-17T12:10:16.502Z"",""warnings"":[]}",false,false,,unknown,,media_context,platform_discussion,unknown,unknown,unknown,unknown,bridge,neutral,media_context_reader,16
sgv1_d489909444037bf3d960f2c5,donglu_sunjihai_youth_football_202606,bilibili,video_platform,manual_url,external_agent_assisted,source_url_provided_unverified,medium_low,0.45,review_needed,comment,,,??????????????????????? ??02-04?,zh-CN,https://search.bilibili.com/all?keyword=%E8%91%A3%E8%B7%AF%20%E5%AD%99%E7%BB%A7%E6%B5%B7%20%E9%9D%92%E8%AE%AD&sample=02,https://search.bilibili.com/all?keyword=%E8%91%A3%E8%B7%AF%20%E5%AD%99%E7%BB%A7%E6%B5%B7%20%E9%9D%92%E8%AE%AD&sample=02,src_bilibili_02,,2026-06-07T12:00:00.000Z,2026-06-17T12:10:16.493Z,,sha256_platform_case_salt,unknown,true,true,,8,6,0,0,sha256:899c72493d7ccbcef56d8bd45fc524f164cd1132a97d304c0bddf55b97b0e304,sha256:899c72493d7ccbcef56d8bd45fc524f164cd1132a97d304c0bddf55b97b0e304,sha256:5f9e239aee30a1e10926012a87aef69911a3c5a687b6a106659f085f6ba403f6,dup_d5ec3f80d7bc7331fa22,1,[],public,public,manual_comment_sample,Selected public sample only. Not full-platform coverage. Not full-web coverage. Not full-thread coverage.,"{""asset_id"":""local-snapshot-src_bilibili_02-comment-12-4"",""run_id"":"""",""task_id"":"""",""source_path"":"""",""record_type"":""comment"",""field_score"":0,""keyword"":"""",""entity_ids"":[]}","{""normalized_from"":""opencrawler_local_asset"",""source_record_id"":""local-snapshot-src_bilibili_02-comment-12-4"",""source_type"":""video_platform"",""acquisition_mode"":""manual_url"",""normalized_at"":""2026-06-17T12:10:16.502Z"",""warnings"":[]}",false,false,,unknown,,extreme_attack_or_trolling,extreme_cluster_or_trolling,unknown,unknown,unknown,unknown,isolated_extreme,anger,isolated_extreme_cluster,20
sgv1_b6efc3be8edd1efbadec82e5,donglu_sunjihai_youth_football_202606,bilibili,video_platform,manual_url,external_agent_assisted,source_url_provided_unverified,medium_low,0.45,review_needed,comment,,,????????????????? ??02-05?,zh-CN,https://search.bilibili.com/all?keyword=%E8%91%A3%E8%B7%AF%20%E5%AD%99%E7%BB%A7%E6%B5%B7%20%E9%9D%92%E8%AE%AD&sample=02,https://search.bilibili.com/all?keyword=%E8%91%A3%E8%B7%AF%20%E5%AD%99%E7%BB%A7%E6%B5%B7%20%E9%9D%92%E8%AE%AD&sample=02,src_bilibili_02,,2026-06-08T13:00:00.000Z,2026-06-17T12:10:16.493Z,,sha256_platform_case_salt,unknown,true,true,,10,7,0,0,sha256:7ac9caadc1b45ddd51cc6bf52d6fc0a71f5eb672999fa6ccc7146b43917f7d8e,sha256:7ac9caadc1b45ddd51cc6bf52d6fc0a71f5eb672999fa6ccc7146b43917f7d8e,sha256:5f9e239aee30a1e10926012a87aef69911a3c5a687b6a106659f085f6ba403f6,dup_e7ff374902ed15656180,1,[],public,public,manual_comment_sample,Selected public sample only. Not full-platform coverage. Not full-web coverage. Not full-thread coverage.,"{""asset_id"":""local-snapshot-src_bilibili_02-comment-12-5"",""run_id"":"""",""task_id"":"""",""source_path"":"""",""record_type"":""comment"",""field_score"":0,""keyword"":"""",""entity_ids"":[]}","{""normalized_from"":""opencrawler_local_asset"",""source_record_id"":""local-snapshot-src_bilibili_02-comment-12-5"",""source_type"":""video_platform"",""acquisition_mode"":""manual_url"",""normalized_at"":""2026-06-17T12:10:16.502Z"",""warnings"":[]}",false,false,,unknown,,unknown,unknown,unknown,unknown,unknown,unknown,unknown,unknown,unknown,24
sgv1_10f2dd7e0e7d5f478ec43221,donglu_sunjihai_youth_football_202606,bilibili,video_platform,manual_url,external_agent_assisted,source_url_provided_unverified,medium_low,0.45,review_needed,comment,,,???????????????????????? ??02-06?,zh-CN,https://search.bilibili.com/all?keyword=%E8%91%A3%E8%B7%AF%20%E5%AD%99%E7%BB%A7%E6%B5%B7%20%E9%9D%92%E8%AE%AD&sample=02,https://search.bilibili.com/all?keyword=%E8%91%A3%E8%B7%AF%20%E5%AD%99%E7%BB%A7%E6%B5%B7%20%E9%9D%92%E8%AE%AD&sample=02,src_bilibili_02,,2026-06-09T14:00:00.000Z,2026-06-17T12:10:16.493Z,,sha256_platform_case_salt,unknown,true,true,,12,8,0,0,sha256:1ec86b7da47f0f9c3e589d7f90acbbbef47a24047b74389c9343c56e2cb43310,sha256:1ec86b7da47f0f9c3e589d7f90acbbbef47a24047b74389c9343c56e2cb43310,sha256:5f9e239aee30a1e10926012a87aef69911a3c5a687b6a106659f085f6ba403f6,dup_f5dc076521d55cd657fe,1,[],public,public,manual_comment_sample,Selected public sample only. Not full-platform coverage. Not full-web coverage. Not full-thread coverage.,"{""asset_id"":""local-snapshot-src_bilibili_02-comment-12-6"",""run_id"":"""",""task_id"":"""",""source_path"":"""",""record_type"":""comment"",""field_score"":0,""keyword"":"""",""entity_ids"":[]}","{""normalized_from"":""opencrawler_local_asset"",""source_record_id"":""local-snapshot-src_bilibili_02-comment-12-6"",""source_type"":""video_platform"",""acquisition_mode"":""manual_url"",""normalized_at"":""2026-06-17T12:10:16.502Z"",""warnings"":[]}",false,false,,unknown,,support_donglu_view,youth_training_model,unknown,unknown,unknown,unknown,core_support,curiosity,route_supporter_donglu,28
sgv1_871eb056d61657e2a15c4863,donglu_sunjihai_youth_football_202606,bilibili,video_platform,manual_url,external_agent_assisted,source_url_provided_unverified,medium_low,0.45,review_needed,comment,,,?????????????????????????? ??02-07?,zh-CN,https://search.bilibili.com/all?keyword=%E8%91%A3%E8%B7%AF%20%E5%AD%99%E7%BB%A7%E6%B5%B7%20%E9%9D%92%E8%AE%AD&sample=02,https://search.bilibili.com/all?keyword=%E8%91%A3%E8%B7%AF%20%E5%AD%99%E7%BB%A7%E6%B5%B7%20%E9%9D%92%E8%AE%AD&sample=02,src_bilibili_02,,2026-06-10T15:00:00.000Z,2026-06-17T12:10:16.493Z,,sha256_platform_case_salt,unknown,true,true,,14,9,0,0,sha256:e1c88be1f1b7126100cbe413b46b291a6f251a43843389989d161c8d896001ba,sha256:e1c88be1f1b7126100cbe413b46b291a6f251a43843389989d161c8d896001ba,sha256:5f9e239aee30a1e10926012a87aef69911a3c5a687b6a106659f085f6ba403f6,dup_8abef1a09124cf45be3d,1,[],public,public,manual_comment_sample,Selected public sample only. Not full-platform coverage. Not full-web coverage. Not full-thread coverage.,"{""asset_id"":""local-snapshot-src_bilibili_02-comment-12-7"",""run_id"":"""",""task_id"":"""",""source_path"":"""",""record_type"":""comment"",""field_score"":0,""keyword"":"""",""entity_ids"":[]}","{""normalized_from"":""opencrawler_local_asset"",""source_record_id"":""local-snapshot-src_bilibili_02-comment-12-7"",""source_type"":""video_platform"",""acquisition_mode"":""manual_url"",""normalized_at"":""2026-06-17T12:10:16.502Z"",""warnings"":[]}",false,false,,unknown,,support_sunjihai_view,contract_or_responsibility_dispute,unknown,unknown,unknown,unknown,core_support,curiosity,route_supporter_sunjihai,32
sgv1_32f1c1833fe064fd7d1ff505,donglu_sunjihai_youth_football_202606,bilibili,video_platform,manual_url,external_agent_assisted,source_url_provided_unverified,medium_low,0.45,review_needed,comment,,,???????????????????????????? ??02-08?,zh-CN,https://search.bilibili.com/all?keyword=%E8%91%A3%E8%B7%AF%20%E5%AD%99%E7%BB%A7%E6%B5%B7%20%E9%9D%92%E8%AE%AD&sample=02,https://search.bilibili.com/all?keyword=%E8%91%A3%E8%B7%AF%20%E5%AD%99%E7%BB%A7%E6%B5%B7%20%E9%9D%92%E8%AE%AD&sample=02,src_bilibili_02,,2026-06-11T16:00:00.000Z,2026-06-17T12:10:16.493Z,,sha256_platform_case_salt,unknown,true,true,,16,10,0,0,sha256:b82fa06fd0e39e3fd68d11cdffab7b49aae51f30512d90986ea47ee2c8640674,sha256:b82fa06fd0e39e3fd68d11cdffab7b49aae51f30512d90986ea47ee2c8640674,sha256:5f9e239aee30a1e10926012a87aef69911a3c5a687b6a106659f085f6ba403f6,dup_83635a1f20e2759dd5f0,1,[],public,public,manual_comment_sample,Selected public sample only. Not full-platform coverage. Not full-web coverage. Not full-thread coverage.,"{""asset_id"":""local-snapshot-src_bilibili_02-comment-12-8"",""run_id"":"""",""task_id"":"""",""source_path"":"""",""record_type"":""comment"",""field_score"":0,""keyword"":"""",""entity_ids"":[]}","{""normalized_from"":""opencrawler_local_asset"",""source_record_id"":""local-snapshot-src_bilibili_02-comment-12-8"",""source_type"":""video_platform"",""acquisition_mode"":""manual_url"",""normalized_at"":""2026-06-17T12:10:16.502Z"",""warnings"":[]}",false,false,,unknown,,neutral_process_focused,public_response,unknown,unknown,unknown,unknown,bridge,neutral,process_observer,36
sgv1_d0920bc68043308caf81bf57,donglu_sunjihai_youth_football_202606,bilibili,video_platform,manual_url,external_agent_assisted,source_url_provided_unverified,medium_low,0.45,review_needed,comment,,,?????????????????????? ??02-09?,zh-CN,https://search.bilibili.com/all?keyword=%E8%91%A3%E8%B7%AF%20%E5%AD%99%E7%BB%A7%E6%B5%B7%20%E9%9D%92%E8%AE%AD&sample=02,https://search.bilibili.com/all?keyword=%E8%91%A3%E8%B7%AF%20%E5%AD%99%E7%BB%A7%E6%B5%B7%20%E9%9D%92%E8%AE%AD&sample=02,src_bilibili_02,,2026-06-12T17:00:00.000Z,2026-06-17T12:10:16.493Z,,sha256_platform_case_salt,unknown,true,true,,18,11,0,0,sha256:cbe842ab7da35643030a976231f7b73659146de62f7aef2605c013a65911d971,sha256:cbe842ab7da35643030a976231f7b73659146de62f7aef2605c013a65911d971,sha256:5f9e239aee30a1e10926012a87aef69911a3c5a687b6a106659f085f6ba403f6,dup_9dbbb08b978555dca173,1,[],public,public,manual_comment_sample,Selected public sample only. Not full-platform coverage. Not full-web coverage. Not full-thread coverage.,"{""asset_id"":""local-snapshot-src_bilibili_02-comment-12-9"",""run_id"":"""",""task_id"":"""",""source_path"":"""",""record_type"":""comment"",""field_score"":0,""keyword"":"""",""entity_ids"":[]}","{""normalized_from"":""opencrawler_local_asset"",""source_record_id"":""local-snapshot-src_bilibili_02-comment-12-9"",""source_type"":""video_platform"",""acquisition_mode"":""manual_url"",""normalized_at"":""2026-06-17T12:10:16.502Z"",""warnings"":[]}",false,false,,unknown,,youth_training_concern,media_reframing,unknown,unknown,unknown,unknown,neutral,concern,youth_training_concern_cluster,40
sgv1_b3b6a046a7c22e9a6e2bd43f,donglu_sunjihai_youth_football_202606,bilibili,video_platform,manual_url,external_agent_assisted,source_url_provided_unverified,medium_low,0.45,review_needed,comment,,,???????????????????????? ??02-10?,zh-CN,https://search.bilibili.com/all?keyword=%E8%91%A3%E8%B7%AF%20%E5%AD%99%E7%BB%A7%E6%B5%B7%20%E9%9D%92%E8%AE%AD&sample=02,https://search.bilibili.com/all?keyword=%E8%91%A3%E8%B7%AF%20%E5%AD%99%E7%BB%A7%E6%B5%B7%20%E9%9D%92%E8%AE%AD&sample=02,src_bilibili_02,,2026-06-13T18:00:00.000Z,2026-06-17T12:10:16.493Z,,sha256_platform_case_salt,unknown,true,true,,20,12,0,0,sha256:51a16c0d6b5bf73599218f766b3695b795e37d5295a5ce3e4c1746c03580e2b2,sha256:51a16c0d6b5bf73599218f766b3695b795e37d5295a5ce3e4c1746c03580e2b2,sha256:5f9e239aee30a1e10926012a87aef69911a3c5a687b6a106659f085f6ba403f6,dup_1b08ee3c7da2eb09cfa7,1,[],public,public,manual_comment_sample,Selected public sample only. Not full-platform coverage. Not full-web coverage. Not full-thread coverage.,"{""asset_id"":""local-snapshot-src_bilibili_02-comment-12-10"",""run_id"":"""",""task_id"":"""",""source_path"":"""",""record_type"":""comment"",""field_score"":0,""keyword"":"""",""entity_ids"":[]}","{""normalized_from"":""opencrawler_local_asset"",""source_record_id"":""local-snapshot-src_bilibili_02-comment-12-10"",""source_type"":""video_platform"",""acquisition_mode"":""manual_url"",""normalized_at"":""2026-06-17T12:10:16.502Z"",""warnings"":[]}",false,false,,unknown,,anti_conflict_fatigue,fan_community_reaction,unknown,unknown,unknown,unknown,fatigue,fatigue,fatigue_cluster,44
sgv1_9de02d9da1da0056f9dba2e6,donglu_sunjihai_youth_football_202606,bilibili,video_platform,manual_url,external_agent_assisted,source_url_provided_unverified,medium_low,0.45,review_needed,comment,,,????????????????????????? ??02-11?,zh-CN,https://search.bilibili.com/all?keyword=%E8%91%A3%E8%B7%AF%20%E5%AD%99%E7%BB%A7%E6%B5%B7%20%E9%9D%92%E8%AE%AD&sample=02,https://search.bilibili.com/all?keyword=%E8%91%A3%E8%B7%AF%20%E5%AD%99%E7%BB%A7%E6%B5%B7%20%E9%9D%92%E8%AE%AD&sample=02,src_bilibili_02,,2026-06-14T19:00:00.000Z,2026-06-17T12:10:16.493Z,,sha256_platform_case_salt,unknown,true,true,,22,13,0,0,sha256:56c13c2ddd923785f65fabd78bc17fd23631a82ed78d32e23298c481ca04133a,sha256:56c13c2ddd923785f65fabd78bc17fd23631a82ed78d32e23298c481ca04133a,sha256:5f9e239aee30a1e10926012a87aef69911a3c5a687b6a106659f085f6ba403f6,dup_0a4bffa8983e15f2a02d,1,[],public,public,manual_comment_sample,Selected public sample only. Not full-platform coverage. Not full-web coverage. Not full-thread coverage.,"{""asset_id"":""local-snapshot-src_bilibili_02-comment-12-11"",""run_id"":"""",""task_id"":"""",""source_path"":"""",""record_type"":""comment"",""field_score"":0,""keyword"":"""",""entity_ids"":[]}","{""normalized_from"":""opencrawler_local_asset"",""source_record_id"":""local-snapshot-src_bilibili_02-comment-12-11"",""source_type"":""video_platform"",""acquisition_mode"":""manual_url"",""normalized_at"":""2026-06-17T12:10:16.502Z"",""warnings"":[]}",false,false,,unknown,,media_context,children_protection_boundary,unknown,unknown,unknown,unknown,bridge,neutral,media_context_reader,48
sgv1_4c4a79038c8ead3840e3a592,donglu_sunjihai_youth_football_202606,bilibili,video_platform,manual_url,external_agent_assisted,source_url_provided_unverified,medium_low,0.45,review_needed,comment,,,??????????????????????? ??02-12?,zh-CN,https://search.bilibili.com/all?keyword=%E8%91%A3%E8%B7%AF%20%E5%AD%99%E7%BB%A7%E6%B5%B7%20%E9%9D%92%E8%AE%AD&sample=02,https://search.bilibili.com/all?keyword=%E8%91%A3%E8%B7%AF%20%E5%AD%99%E7%BB%A7%E6%B5%B7%20%E9%9D%92%E8%AE%AD&sample=02,src_bilibili_02,,2026-06-01T20:00:00.000Z,2026-06-17T12:10:16.493Z,,sha256_platform_case_salt,unknown,true,true,,24,14,0,0,sha256:10b8ebd3bc34725ac72bf3b9593e6afb899950768519650126e33a215cbf379a,sha256:10b8ebd3bc34725ac72bf3b9593e6afb899950768519650126e33a215cbf379a,sha256:5f9e239aee30a1e10926012a87aef69911a3c5a687b6a106659f085f6ba403f6,dup_18cf6b95dcd411e0c4e7,1,[],public,public,manual_comment_sample,Selected public sample only. Not full-platform coverage. Not full-web coverage. Not full-thread coverage.,"{""asset_id"":""local-snapshot-src_bilibili_02-comment-12-12"",""run_id"":"""",""task_id"":"""",""source_path"":"""",""record_type"":""comment"",""field_score"":0,""keyword"":"""",""entity_ids"":[]}","{""normalized_from"":""opencrawler_local_asset"",""source_record_id"":""local-snapshot-src_bilibili_02-comment-12-12"",""source_type"":""video_platform"",""acquisition_mode"":""manual_url"",""normalized_at"":""2026-06-17T12:10:16.502Z"",""warnings"":[]}",false,false,,unknown,,extreme_attack_or_trolling,chinese_football_reputation,unknown,unknown,unknown,unknown,isolated_extreme,anger,isolated_extreme_cluster,52
sgv1_04497a126bbd4ee56ea49152,donglu_sunjihai_youth_football_202606,bilibili,video_platform,manual_url,external_agent_assisted,source_url_provided_unverified,medium_low,0.45,review_needed,comment,,,????????????????????? ??02-13?,zh-CN,https://search.bilibili.com/all?keyword=%E8%91%A3%E8%B7%AF%20%E5%AD%99%E7%BB%A7%E6%B5%B7%20%E9%9D%92%E8%AE%AD&sample=02,https://search.bilibili.com/all?keyword=%E8%91%A3%E8%B7%AF%20%E5%AD%99%E7%BB%A7%E6%B5%B7%20%E9%9D%92%E8%AE%AD&sample=02,src_bilibili_02,,2026-06-02T21:00:00.000Z,2026-06-17T12:10:16.493Z,,sha256_platform_case_salt,unknown,true,true,,26,15,0,0,sha256:a4509b2a846168edbbfd8f9cc38e5adda8d48f8f0c1aa681ff5386ce7cdcc30a,sha256:a4509b2a846168edbbfd8f9cc38e5adda8d48f8f0c1aa681ff5386ce7cdcc30a,sha256:5f9e239aee30a1e10926012a87aef69911a3c5a687b6a106659f085f6ba403f6,dup_bcb1e7d6cfb48c2572a8,1,[],public,public,manual_comment_sample,Selected public sample only. Not full-platform coverage. Not full-web coverage. Not full-thread coverage.,"{""asset_id"":""local-snapshot-src_bilibili_02-comment-12-13"",""run_id"":"""",""task_id"":"""",""source_path"":"""",""record_type"":""comment"",""field_score"":0,""keyword"":"""",""entity_ids"":[]}","{""normalized_from"":""opencrawler_local_asset"",""source_record_id"":""local-snapshot-src_bilibili_02-comment-12-13"",""source_type"":""video_platform"",""acquisition_mode"":""manual_url"",""normalized_at"":""2026-06-17T12:10:16.502Z"",""warnings"":[]}",false,false,,unknown,,unknown,platform_discussion,unknown,unknown,unknown,unknown,unknown,unknown,unknown,56
sgv1_0edb41a2ee4b5433daeef090,donglu_sunjihai_youth_football_202606,bilibili,video_platform,manual_url,external_agent_assisted,source_url_provided_unverified,medium_low,0.45,review_needed,comment,,,??????????????????????????? ??02-14?,zh-CN,https://search.bilibili.com/all?keyword=%E8%91%A3%E8%B7%AF%20%E5%AD%99%E7%BB%A7%E6%B5%B7%20%E9%9D%92%E8%AE%AD&sample=02,https://search.bilibili.com/all?keyword=%E8%91%A3%E8%B7%AF%20%E5%AD%99%E7%BB%A7%E6%B5%B7%20%E9%9D%92%E8%AE%AD&sample=02,src_bilibili_02,,2026-06-03T22:00:00.000Z,2026-06-17T12:10:16.493Z,,sha256_platform_case_salt,unknown,true,true,,28,16,0,0,sha256:787ceac969da13647be6baf4a96e4f2cf7b5cacaa2c29ed3c8b59b6cca17ae1a,sha256:787ceac969da13647be6baf4a96e4f2cf7b5cacaa2c29ed3c8b59b6cca17ae1a,sha256:5f9e239aee30a1e10926012a87aef69911a3c5a687b6a106659f085f6ba403f6,dup_71377a3681e5d529191e,1,[],public,public,manual_comment_sample,Selected public sample only. Not full-platform coverage. Not full-web coverage. Not full-thread coverage.,"{""asset_id"":""local-snapshot-src_bilibili_02-comment-12-14"",""run_id"":"""",""task_id"":"""",""source_path"":"""",""record_type"":""comment"",""field_score"":0,""keyword"":"""",""entity_ids"":[]}","{""normalized_from"":""opencrawler_local_asset"",""source_record_id"":""local-snapshot-src_bilibili_02-comment-12-14"",""source_type"":""video_platform"",""acquisition_mode"":""manual_url"",""normalized_at"":""2026-06-17T12:10:16.502Z"",""warnings"":[]}",false,false,,unknown,,support_donglu_view,extreme_cluster_or_trolling,unknown,unknown,unknown,unknown,core_support,curiosity,route_supporter_donglu,60
sgv1_995036f084720d863afdce79,donglu_sunjihai_youth_football_202606,bilibili,video_platform,manual_url,external_agent_assisted,source_url_provided_unverified,medium_low,0.45,review_needed,comment,,,?????????????????????? ??02-15?,zh-CN,https://search.bilibili.com/all?keyword=%E8%91%A3%E8%B7%AF%20%E5%AD%99%E7%BB%A7%E6%B5%B7%20%E9%9D%92%E8%AE%AD&sample=02,https://search.bilibili.com/all?keyword=%E8%91%A3%E8%B7%AF%20%E5%AD%99%E7%BB%A7%E6%B5%B7%20%E9%9D%92%E8%AE%AD&sample=02,src_bilibili_02,,2026-06-04T23:00:00.000Z,2026-06-17T12:10:16.493Z,,sha256_platform_case_salt,unknown,true,true,,30,17,0,0,sha256:198929fbb9a9ef2bf11147dba7c552da04efbf152d6e696db334d597291a6dc7,sha256:198929fbb9a9ef2bf11147dba7c552da04efbf152d6e696db334d597291a6dc7,sha256:5f9e239aee30a1e10926012a87aef69911a3c5a687b6a106659f085f6ba403f6,dup_6b08053996f39564594e,1,[],public,public,manual_comment_sample,Selected public sample only. Not full-platform coverage. Not full-web coverage. Not full-thread coverage.,"{""asset_id"":""local-snapshot-src_bilibili_02-comment-12-15"",""run_id"":"""",""task_id"":"""",""source_path"":"""",""record_type"":""comment"",""field_score"":0,""keyword"":"""",""entity_ids"":[]}","{""normalized_from"":""opencrawler_local_asset"",""source_record_id"":""local-snapshot-src_bilibili_02-comment-12-15"",""source_type"":""video_platform"",""acquisition_mode"":""manual_url"",""normalized_at"":""2026-06-17T12:10:16.502Z"",""warnings"":[]}",false,false,,unknown,,support_sunjihai_view,unknown,unknown,unknown,unknown,unknown,core_support,curiosity,route_supporter_sunjihai,64
sgv1_a4aac12c213c0b57c6b9427a,donglu_sunjihai_youth_football_202606,bilibili,video_platform,manual_url,external_agent_assisted,source_url_provided_unverified,medium_low,0.45,review_needed,comment,,,??????????????????????????? ??02-16?,zh-CN,https://search.bilibili.com/all?keyword=%E8%91%A3%E8%B7%AF%20%E5%AD%99%E7%BB%A7%E6%B5%B7%20%E9%9D%92%E8%AE%AD&sample=02,https://search.bilibili.com/all?keyword=%E8%91%A3%E8%B7%AF%20%E5%AD%99%E7%BB%A7%E6%B5%B7%20%E9%9D%92%E8%AE%AD&sample=02,src_bilibili_02,,2026-06-05T00:00:00.000Z,2026-06-17T12:10:16.493Z,,sha256_platform_case_salt,unknown,true,true,,32,0,0,0,sha256:f39ab13937d3fb64caeec75efadd6200521092c0f373d31a6f0ff12a00905c08,sha256:f39ab13937d3fb64caeec75efadd6200521092c0f373d31a6f0ff12a00905c08,sha256:5f9e239aee30a1e10926012a87aef69911a3c5a687b6a106659f085f6ba403f6,dup_f6d457b7d9f70043337c,1,[],public,public,manual_comment_sample,Selected public sample only. Not full-platform coverage. Not full-web coverage. Not full-thread coverage.,"{""asset_id"":""local-snapshot-src_bilibili_02-comment-12-16"",""run_id"":"""",""task_id"":"""",""source_path"":"""",""record_type"":""comment"",""field_score"":0,""keyword"":"""",""entity_ids"":[]}","{""normalized_from"":""opencrawler_local_asset"",""source_record_id"":""local-snapshot-src_bilibili_02-comment-12-16"",""source_type"":""video_platform"",""acquisition_mode"":""manual_url"",""normalized_at"":""2026-06-17T12:10:16.502Z"",""warnings"":[]}",false,false,,unknown,,neutral_process_focused,youth_training_model,unknown,unknown,unknown,unknown,bridge,neutral,process_observer,32
sgv1_490ab280cc4b084ccc25c874,donglu_sunjihai_youth_football_202606,bilibili,video_platform,manual_url,external_agent_assisted,source_url_provided_unverified,medium_low,0.45,review_needed,comment,,,?????????????????????????? ??02-17?,zh-CN,https://search.bilibili.com/all?keyword=%E8%91%A3%E8%B7%AF%20%E5%AD%99%E7%BB%A7%E6%B5%B7%20%E9%9D%92%E8%AE%AD&sample=02,https://search.bilibili.com/all?keyword=%E8%91%A3%E8%B7%AF%20%E5%AD%99%E7%BB%A7%E6%B5%B7%20%E9%9D%92%E8%AE%AD&sample=02,src_bilibili_02,,2026-06-06T01:00:00.000Z,2026-06-17T12:10:16.493Z,,sha256_platform_case_salt,unknown,true,true,,34,1,0,0,sha256:5e9b94bcfc364c4baf4f2c97659b8aaecc9a780a9076b7c5d8390806e002078d,sha256:5e9b94bcfc364c4baf4f2c97659b8aaecc9a780a9076b7c5d8390806e002078d,sha256:5f9e239aee30a1e10926012a87aef69911a3c5a687b6a106659f085f6ba403f6,dup_8a889cc3192137717cd6,1,[],public,public,manual_comment_sample,Selected public sample only. Not full-platform coverage. Not full-web coverage. Not full-thread coverage.,"{""asset_id"":""local-snapshot-src_bilibili_02-comment-12-17"",""run_id"":"""",""task_id"":"""",""source_path"":"""",""record_type"":""comment"",""field_score"":0,""keyword"":"""",""entity_ids"":[]}","{""normalized_from"":""opencrawler_local_asset"",""source_record_id"":""local-snapshot-src_bilibili_02-comment-12-17"",""source_type"":""video_platform"",""acquisition_mode"":""manual_url"",""normalized_at"":""2026-06-17T12:10:16.502Z"",""warnings"":[]}",false,false,,unknown,,youth_training_concern,contract_or_responsibility_dispute,unknown,unknown,unknown,unknown,neutral,concern,youth_training_concern_cluster,36
sgv1_3d1ab5911a58b5ae6bb19d9f,donglu_sunjihai_youth_football_202606,bilibili,video_platform,manual_url,external_agent_assisted,source_url_provided_unverified,medium_low,0.45,review_needed,comment,,,?????????????????????? ??02-18?,zh-CN,https://search.bilibili.com/all?keyword=%E8%91%A3%E8%B7%AF%20%E5%AD%99%E7%BB%A7%E6%B5%B7%20%E9%9D%92%E8%AE%AD&sample=02,https://search.bilibili.com/all?keyword=%E8%91%A3%E8%B7%AF%20%E5%AD%99%E7%BB%A7%E6%B5%B7%20%E9%9D%92%E8%AE%AD&sample=02,src_bilibili_02,,2026-06-07T02:00:00.000Z,2026-06-17T12:10:16.493Z,,sha256_platform_case_salt,unknown,true,true,,36,2,0,0,sha256:fa05ae558e9b4b5042da76d484cc1b54b5ab460f1b94e36fda25386b0d237bc3,sha256:fa05ae558e9b4b5042da76d484cc1b54b5ab460f1b94e36fda25386b0d237bc3,sha256:5f9e239aee30a1e10926012a87aef69911a3c5a687b6a106659f085f6ba403f6,dup_384317a7768cdd41c04d,1,[],public,public,manual_comment_sample,Selected public sample only. Not full-platform coverage. Not full-web coverage. Not full-thread coverage.,"{""asset_id"":""local-snapshot-src_bilibili_02-comment-12-18"",""run_id"":"""",""task_id"":"""",""source_path"":"""",""record_type"":""comment"",""field_score"":0,""keyword"":"""",""entity_ids"":[]}","{""normalized_from"":""opencrawler_local_asset"",""source_record_id"":""local-snapshot-src_bilibili_02-comment-12-18"",""source_type"":""video_platform"",""acquisition_mode"":""manual_url"",""normalized_at"":""2026-06-17T12:10:16.502Z"",""warnings"":[]}",false,false,,unknown,,anti_conflict_fatigue,public_response,unknown,unknown,unknown,unknown,fatigue,fatigue,fatigue_cluster,40
sgv1_02c974072f022544231f3259,donglu_sunjihai_youth_football_202606,bilibili,video_platform,manual_url,external_agent_assisted,source_url_provided_unverified,medium_low,0.45,review_needed,comment,,,????????????????????? ??03-01?,zh-CN,https://search.bilibili.com/all?keyword=%E8%91%A3%E8%B7%AF%20%E5%AD%99%E7%BB%A7%E6%B5%B7%20%E9%9D%92%E8%AE%AD&sample=03,https://search.bilibili.com/all?keyword=%E8%91%A3%E8%B7%AF%20%E5%AD%99%E7%BB%A7%E6%B5%B7%20%E9%9D%92%E8%AE%AD&sample=03,src_bilibili_03,,2026-06-05T09:00:00.000Z,2026-06-17T12:10:16.494Z,,sha256_platform_case_salt,unknown,true,true,,3,4,0,0,sha256:4efd17d8dab0b17ba831a38afb6618f9261c2b72e6adefd8150609a419445d5c,sha256:4efd17d8dab0b17ba831a38afb6618f9261c2b72e6adefd8150609a419445d5c,sha256:5a4897b64c1855ee55a9faa693573d0da054c5ecb861549a47ea75969de1e2b4,dup_fc14e9f238665712122b,1,[],public,public,manual_comment_sample,Selected public sample only. Not full-platform coverage. Not full-web coverage. Not full-thread coverage.,"{""asset_id"":""local-snapshot-src_bilibili_03-comment-13-1"",""run_id"":"""",""task_id"":"""",""source_path"":"""",""record_type"":""comment"",""field_score"":0,""keyword"":"""",""entity_ids"":[]}","{""normalized_from"":""opencrawler_local_asset"",""source_record_id"":""local-snapshot-src_bilibili_03-comment-13-1"",""source_type"":""video_platform"",""acquisition_mode"":""manual_url"",""normalized_at"":""2026-06-17T12:10:16.502Z"",""warnings"":[]}",false,false,,unknown,,anti_conflict_fatigue,platform_discussion,unknown,unknown,unknown,unknown,fatigue,fatigue,fatigue_cluster,11
sgv1_cc30a02dd720537533df9919,donglu_sunjihai_youth_football_202606,bilibili,video_platform,manual_url,external_agent_assisted,source_url_provided_unverified,medium_low,0.45,review_needed,comment,,,?????????????????????? ??03-02?,zh-CN,https://search.bilibili.com/all?keyword=%E8%91%A3%E8%B7%AF%20%E5%AD%99%E7%BB%A7%E6%B5%B7%20%E9%9D%92%E8%AE%AD&sample=03,https://search.bilibili.com/all?keyword=%E8%91%A3%E8%B7%AF%20%E5%AD%99%E7%BB%A7%E6%B5%B7%20%E9%9D%92%E8%AE%AD&sample=03,src_bilibili_03,,2026-06-06T10:00:00.000Z,2026-06-17T12:10:16.494Z,,sha256_platform_case_salt,unknown,true,true,,6,5,0,0,sha256:7425eba06010eaa1bad900c6be38aecea148704a783b2fc4c16b4661434d657a,sha256:7425eba06010eaa1bad900c6be38aecea148704a783b2fc4c16b4661434d657a,sha256:5a4897b64c1855ee55a9faa693573d0da054c5ecb861549a47ea75969de1e2b4,dup_e774f60e96a7babe36ca,1,[],public,public,manual_comment_sample,Selected public sample only. Not full-platform coverage. Not full-web coverage. Not full-thread coverage.,"{""asset_id"":""local-snapshot-src_bilibili_03-comment-13-2"",""run_id"":"""",""task_id"":"""",""source_path"":"""",""record_type"":""comment"",""field_score"":0,""keyword"":"""",""entity_ids"":[]}","{""normalized_from"":""opencrawler_local_asset"",""source_record_id"":""local-snapshot-src_bilibili_03-comment-13-2"",""source_type"":""video_platform"",""acquisition_mode"":""manual_url"",""normalized_at"":""2026-06-17T12:10:16.502Z"",""warnings"":[]}",false,false,,unknown,,media_context,extreme_cluster_or_trolling,unknown,unknown,unknown,unknown,bridge,neutral,media_context_reader,16
sgv1_a7091947648734df2b48b09f,donglu_sunjihai_youth_football_202606,bilibili,video_platform,manual_url,external_agent_assisted,source_url_provided_unverified,medium_low,0.45,review_needed,comment,,,??????????????????????? ??03-03?,zh-CN,https://search.bilibili.com/all?keyword=%E8%91%A3%E8%B7%AF%20%E5%AD%99%E7%BB%A7%E6%B5%B7%20%E9%9D%92%E8%AE%AD&sample=03,https://search.bilibili.com/all?keyword=%E8%91%A3%E8%B7%AF%20%E5%AD%99%E7%BB%A7%E6%B5%B7%20%E9%9D%92%E8%AE%AD&sample=03,src_bilibili_03,,2026-06-07T11:00:00.000Z,2026-06-17T12:10:16.494Z,,sha256_platform_case_salt,unknown,true,true,,9,6,0,0,sha256:619bc10d311e238c2f8e3fe6c5cea6715f56672cf506eb6cf3b511caf5caad78,sha256:619bc10d311e238c2f8e3fe6c5cea6715f56672cf506eb6cf3b511caf5caad78,sha256:5a4897b64c1855ee55a9faa693573d0da054c5ecb861549a47ea75969de1e2b4,dup_a44d2c159cc68cc667cf,1,[],public,public,manual_comment_sample,Selected public sample only. Not full-platform coverage. Not full-web coverage. Not full-thread coverage.,"{""asset_id"":""local-snapshot-src_bilibili_03-comment-13-3"",""run_id"":"""",""task_id"":"""",""source_path"":"""",""record_type"":""comment"",""field_score"":0,""keyword"":"""",""entity_ids"":[]}","{""normalized_from"":""opencrawler_local_asset"",""source_record_id"":""local-snapshot-src_bilibili_03-comment-13-3"",""source_type"":""video_platform"",""acquisition_mode"":""manual_url"",""normalized_at"":""2026-06-17T12:10:16.502Z"",""warnings"":[]}",false,false,,unknown,,extreme_attack_or_trolling,unknown,unknown,unknown,unknown,unknown,isolated_extreme,anger,isolated_extreme_cluster,21
sgv1_c9d874aa1a405798ae6d45f2,donglu_sunjihai_youth_football_202606,bilibili,video_platform,manual_url,external_agent_assisted,source_url_provided_unverified,medium_low,0.45,review_needed,comment,,,????????????????? ??03-04?,zh-CN,https://search.bilibili.com/all?keyword=%E8%91%A3%E8%B7%AF%20%E5%AD%99%E7%BB%A7%E6%B5%B7%20%E9%9D%92%E8%AE%AD&sample=03,https://search.bilibili.com/all?keyword=%E8%91%A3%E8%B7%AF%20%E5%AD%99%E7%BB%A7%E6%B5%B7%20%E9%9D%92%E8%AE%AD&sample=03,src_bilibili_03,,2026-06-08T12:00:00.000Z,2026-06-17T12:10:16.494Z,,sha256_platform_case_salt,unknown,true,true,,12,7,0,0,sha256:27e366463c393eac1dd35f9b1d25a22baf2d2b3cca30549bb9ba55f932209309,sha256:27e366463c393eac1dd35f9b1d25a22baf2d2b3cca30549bb9ba55f932209309,sha256:5a4897b64c1855ee55a9faa693573d0da054c5ecb861549a47ea75969de1e2b4,dup_31d3d8dd3558ed4c2eb7,1,[],public,public,manual_comment_sample,Selected public sample only. Not full-platform coverage. Not full-web coverage. Not full-thread coverage.,"{""asset_id"":""local-snapshot-src_bilibili_03-comment-13-4"",""run_id"":"""",""task_id"":"""",""source_path"":"""",""record_type"":""comment"",""field_score"":0,""keyword"":"""",""entity_ids"":[]}","{""normalized_from"":""opencrawler_local_asset"",""source_record_id"":""local-snapshot-src_bilibili_03-comment-13-4"",""source_type"":""video_platform"",""acquisition_mode"":""manual_url"",""normalized_at"":""2026-06-17T12:10:16.502Z"",""warnings"":[]}",false,false,,unknown,,unknown,youth_training_model,unknown,unknown,unknown,unknown,unknown,unknown,unknown,26
sgv1_d7ea03731e38ba8389ab44b0,donglu_sunjihai_youth_football_202606,bilibili,video_platform,manual_url,external_agent_assisted,source_url_provided_unverified,medium_low,0.45,review_needed,comment,,,???????????????????????? ??03-05?,zh-CN,https://search.bilibili.com/all?keyword=%E8%91%A3%E8%B7%AF%20%E5%AD%99%E7%BB%A7%E6%B5%B7%20%E9%9D%92%E8%AE%AD&sample=03,https://search.bilibili.com/all?keyword=%E8%91%A3%E8%B7%AF%20%E5%AD%99%E7%BB%A7%E6%B5%B7%20%E9%9D%92%E8%AE%AD&sample=03,src_bilibili_03,,2026-06-09T13:00:00.000Z,2026-06-17T12:10:16.494Z,,sha256_platform_case_salt,unknown,true,true,,15,8,0,0,sha256:bda0e6a7c955526b284a6c6ce64f71a3f9849bf1d279ef83d152166127fd2e80,sha256:bda0e6a7c955526b284a6c6ce64f71a3f9849bf1d279ef83d152166127fd2e80,sha256:5a4897b64c1855ee55a9faa693573d0da054c5ecb861549a47ea75969de1e2b4,dup_4bda8157474f59b4f167,1,[],public,public,manual_comment_sample,Selected public sample only. Not full-platform coverage. Not full-web coverage. Not full-thread coverage.,"{""asset_id"":""local-snapshot-src_bilibili_03-comment-13-5"",""run_id"":"""",""task_id"":"""",""source_path"":"""",""record_type"":""comment"",""field_score"":0,""keyword"":"""",""entity_ids"":[]}","{""normalized_from"":""opencrawler_local_asset"",""source_record_id"":""local-snapshot-src_bilibili_03-comment-13-5"",""source_type"":""video_platform"",""acquisition_mode"":""manual_url"",""normalized_at"":""2026-06-17T12:10:16.502Z"",""warnings"":[]}",false,false,,unknown,,support_donglu_view,contract_or_responsibility_dispute,unknown,unknown,unknown,unknown,core_support,curiosity,route_supporter_donglu,31
sgv1_f6c7274e631a2ef50723360b,donglu_sunjihai_youth_football_202606,bilibili,video_platform,manual_url,external_agent_assisted,source_url_provided_unverified,medium_low,0.45,review_needed,comment,,,?????????????????????????? ??03-06?,zh-CN,https://search.bilibili.com/all?keyword=%E8%91%A3%E8%B7%AF%20%E5%AD%99%E7%BB%A7%E6%B5%B7%20%E9%9D%92%E8%AE%AD&sample=03,https://search.bilibili.com/all?keyword=%E8%91%A3%E8%B7%AF%20%E5%AD%99%E7%BB%A7%E6%B5%B7%20%E9%9D%92%E8%AE%AD&sample=03,src_bilibili_03,,2026-06-10T14:00:00.000Z,2026-06-17T12:10:16.494Z,,sha256_platform_case_salt,unknown,true,true,,18,9,0,0,sha256:ff8be2807d4a0b984fbef1e5b070694301ea74b861ab09feb5b38898767ac70f,sha256:ff8be2807d4a0b984fbef1e5b070694301ea74b861ab09feb5b38898767ac70f,sha256:5a4897b64c1855ee55a9faa693573d0da054c5ecb861549a47ea75969de1e2b4,dup_59724b25d1fce7f7c021,1,[],public,public,manual_comment_sample,Selected public sample only. Not full-platform coverage. Not full-web coverage. Not full-thread coverage.,"{""asset_id"":""local-snapshot-src_bilibili_03-comment-13-6"",""run_id"":"""",""task_id"":"""",""source_path"":"""",""record_type"":""comment"",""field_score"":0,""keyword"":"""",""entity_ids"":[]}","{""normalized_from"":""opencrawler_local_asset"",""source_record_id"":""local-snapshot-src_bilibili_03-comment-13-6"",""source_type"":""video_platform"",""acquisition_mode"":""manual_url"",""normalized_at"":""2026-06-17T12:10:16.502Z"",""warnings"":[]}",false,false,,unknown,,support_sunjihai_view,public_response,unknown,unknown,unknown,unknown,core_support,curiosity,route_supporter_sunjihai,36
sgv1_dc67b86fc106c7d1ffa2de20,donglu_sunjihai_youth_football_202606,bilibili,video_platform,manual_url,external_agent_assisted,source_url_provided_unverified,medium_low,0.45,review_needed,comment,,,???????????????????????????? ??03-07?,zh-CN,https://search.bilibili.com/all?keyword=%E8%91%A3%E8%B7%AF%20%E5%AD%99%E7%BB%A7%E6%B5%B7%20%E9%9D%92%E8%AE%AD&sample=03,https://search.bilibili.com/all?keyword=%E8%91%A3%E8%B7%AF%20%E5%AD%99%E7%BB%A7%E6%B5%B7%20%E9%9D%92%E8%AE%AD&sample=03,src_bilibili_03,,2026-06-11T15:00:00.000Z,2026-06-17T12:10:16.494Z,,sha256_platform_case_salt,unknown,true,true,,21,10,0,0,sha256:a38c83c1c6ffbd1caa04da9a82a6147833803abedb0db52ebfc09ba46e1eab61,sha256:a38c83c1c6ffbd1caa04da9a82a6147833803abedb0db52ebfc09ba46e1eab61,sha256:5a4897b64c1855ee55a9faa693573d0da054c5ecb861549a47ea75969de1e2b4,dup_a36532849f7dbd656055,1,[],public,public,manual_comment_sample,Selected public sample only. Not full-platform coverage. Not full-web coverage. Not full-thread coverage.,"{""asset_id"":""local-snapshot-src_bilibili_03-comment-13-7"",""run_id"":"""",""task_id"":"""",""source_path"":"""",""record_type"":""comment"",""field_score"":0,""keyword"":"""",""entity_ids"":[]}","{""normalized_from"":""opencrawler_local_asset"",""source_record_id"":""local-snapshot-src_bilibili_03-comment-13-7"",""source_type"":""video_platform"",""acquisition_mode"":""manual_url"",""normalized_at"":""2026-06-17T12:10:16.502Z"",""warnings"":[]}",false,false,,unknown,,neutral_process_focused,media_reframing,unknown,unknown,unknown,unknown,bridge,neutral,process_observer,41
sgv1_b7db62287c5e9bf834225933,donglu_sunjihai_youth_football_202606,bilibili,video_platform,manual_url,external_agent_assisted,source_url_provided_unverified,medium_low,0.45,review_needed,comment,,,?????????????????????? ??03-08?,zh-CN,https://search.bilibili.com/all?keyword=%E8%91%A3%E8%B7%AF%20%E5%AD%99%E7%BB%A7%E6%B5%B7%20%E9%9D%92%E8%AE%AD&sample=03,https://search.bilibili.com/all?keyword=%E8%91%A3%E8%B7%AF%20%E5%AD%99%E7%BB%A7%E6%B5%B7%20%E9%9D%92%E8%AE%AD&sample=03,src_bilibili_03,,2026-06-12T16:00:00.000Z,2026-06-17T12:10:16.494Z,,sha256_platform_case_salt,unknown,true,true,,24,11,0,0,sha256:615ad5c6890ef7005022cc77120240556b25ce4ced5f04ffea83f2b4c0c826e9,sha256:615ad5c6890ef7005022cc77120240556b25ce4ced5f04ffea83f2b4c0c826e9,sha256:5a4897b64c1855ee55a9faa693573d0da054c5ecb861549a47ea75969de1e2b4,dup_7f04ada0ab3bb76d6775,1,[],public,public,manual_comment_sample,Selected public sample only. Not full-platform coverage. Not full-web coverage. Not full-thread coverage.,"{""asset_id"":""local-snapshot-src_bilibili_03-comment-13-8"",""run_id"":"""",""task_id"":"""",""source_path"":"""",""record_type"":""comment"",""field_score"":0,""keyword"":"""",""entity_ids"":[]}","{""normalized_from"":""opencrawler_local_asset"",""source_record_id"":""local-snapshot-src_bilibili_03-comment-13-8"",""source_type"":""video_platform"",""acquisition_mode"":""manual_url"",""normalized_at"":""2026-06-17T12:10:16.502Z"",""warnings"":[]}",false,false,,unknown,,youth_training_concern,fan_community_reaction,unknown,unknown,unknown,unknown,neutral,concern,youth_training_concern_cluster,46
sgv1_97210169d8c76590324d9dee,donglu_sunjihai_youth_football_202606,bilibili,video_platform,manual_url,external_agent_assisted,source_url_provided_unverified,medium_low,0.45,review_needed,comment,,,???????????????????????? ??03-09?,zh-CN,https://search.bilibili.com/all?keyword=%E8%91%A3%E8%B7%AF%20%E5%AD%99%E7%BB%A7%E6%B5%B7%20%E9%9D%92%E8%AE%AD&sample=03,https://search.bilibili.com/all?keyword=%E8%91%A3%E8%B7%AF%20%E5%AD%99%E7%BB%A7%E6%B5%B7%20%E9%9D%92%E8%AE%AD&sample=03,src_bilibili_03,,2026-06-13T17:00:00.000Z,2026-06-17T12:10:16.494Z,,sha256_platform_case_salt,unknown,true,true,,27,12,0,0,sha256:952c71eb14b1f87689b6c62f4ad0d315b94f4e1f14e7797748e1500f13fcf02e,sha256:952c71eb14b1f87689b6c62f4ad0d315b94f4e1f14e7797748e1500f13fcf02e,sha256:5a4897b64c1855ee55a9faa693573d0da054c5ecb861549a47ea75969de1e2b4,dup_4be6d07e8c87376a408a,1,[],public,public,manual_comment_sample,Selected public sample only. Not full-platform coverage. Not full-web coverage. Not full-thread coverage.,"{""asset_id"":""local-snapshot-src_bilibili_03-comment-13-9"",""run_id"":"""",""task_id"":"""",""source_path"":"""",""record_type"":""comment"",""field_score"":0,""keyword"":"""",""entity_ids"":[]}","{""normalized_from"":""opencrawler_local_asset"",""source_record_id"":""local-snapshot-src_bilibili_03-comment-13-9"",""source_type"":""video_platform"",""acquisition_mode"":""manual_url"",""normalized_at"":""2026-06-17T12:10:16.502Z"",""warnings"":[]}",false,false,,unknown,,anti_conflict_fatigue,children_protection_boundary,unknown,unknown,unknown,unknown,fatigue,fatigue,fatigue_cluster,51
sgv1_57c55994236b404d19aa872a,donglu_sunjihai_youth_football_202606,bilibili,video_platform,manual_url,external_agent_assisted,source_url_provided_unverified,medium_low,0.45,review_needed,comment,,,????????????????????????? ??03-10?,zh-CN,https://search.bilibili.com/all?keyword=%E8%91%A3%E8%B7%AF%20%E5%AD%99%E7%BB%A7%E6%B5%B7%20%E9%9D%92%E8%AE%AD&sample=03,https://search.bilibili.com/all?keyword=%E8%91%A3%E8%B7%AF%20%E5%AD%99%E7%BB%A7%E6%B5%B7%20%E9%9D%92%E8%AE%AD&sample=03,src_bilibili_03,,2026-06-14T18:00:00.000Z,2026-06-17T12:10:16.494Z,,sha256_platform_case_salt,unknown,true,true,,30,13,0,0,sha256:79787f86b7ab67461ac1d57817ed817718455632ce6421d9592dda2e5cd5040a,sha256:79787f86b7ab67461ac1d57817ed817718455632ce6421d9592dda2e5cd5040a,sha256:5a4897b64c1855ee55a9faa693573d0da054c5ecb861549a47ea75969de1e2b4,dup_262235f5f1becd647e3b,1,[],public,public,manual_comment_sample,Selected public sample only. Not full-platform coverage. Not full-web coverage. Not full-thread coverage.,"{""asset_id"":""local-snapshot-src_bilibili_03-comment-13-10"",""run_id"":"""",""task_id"":"""",""source_path"":"""",""record_type"":""comment"",""field_score"":0,""keyword"":"""",""entity_ids"":[]}","{""normalized_from"":""opencrawler_local_asset"",""source_record_id"":""local-snapshot-src_bilibili_03-comment-13-10"",""source_type"":""video_platform"",""acquisition_mode"":""manual_url"",""normalized_at"":""2026-06-17T12:10:16.502Z"",""warnings"":[]}",false,false,,unknown,,media_context,chinese_football_reputation,unknown,unknown,unknown,unknown,bridge,neutral,media_context_reader,56
sgv1_bf01f6b9a974de139a169c11,donglu_sunjihai_youth_football_202606,bilibili,video_platform,manual_url,external_agent_assisted,source_url_provided_unverified,medium_low,0.45,review_needed,comment,,,??????????????????????? ??03-11?,zh-CN,https://search.bilibili.com/all?keyword=%E8%91%A3%E8%B7%AF%20%E5%AD%99%E7%BB%A7%E6%B5%B7%20%E9%9D%92%E8%AE%AD&sample=03,https://search.bilibili.com/all?keyword=%E8%91%A3%E8%B7%AF%20%E5%AD%99%E7%BB%A7%E6%B5%B7%20%E9%9D%92%E8%AE%AD&sample=03,src_bilibili_03,,2026-06-01T19:00:00.000Z,2026-06-17T12:10:16.494Z,,sha256_platform_case_salt,unknown,true,true,,33,14,0,0,sha256:a7978ebef0b158a050fc75cdff2da6c48c28689310bd4b66191d807806ea1b70,sha256:a7978ebef0b158a050fc75cdff2da6c48c28689310bd4b66191d807806ea1b70,sha256:5a4897b64c1855ee55a9faa693573d0da054c5ecb861549a47ea75969de1e2b4,dup_88d34e12e697d680b510,1,[],public,public,manual_comment_sample,Selected public sample only. Not full-platform coverage. Not full-web coverage. Not full-thread coverage.,"{""asset_id"":""local-snapshot-src_bilibili_03-comment-13-11"",""run_id"":"""",""task_id"":"""",""source_path"":"""",""record_type"":""comment"",""field_score"":0,""keyword"":"""",""entity_ids"":[]}","{""normalized_from"":""opencrawler_local_asset"",""source_record_id"":""local-snapshot-src_bilibili_03-comment-13-11"",""source_type"":""video_platform"",""acquisition_mode"":""manual_url"",""normalized_at"":""2026-06-17T12:10:16.502Z"",""warnings"":[]}",false,false,,unknown,,extreme_attack_or_trolling,platform_discussion,unknown,unknown,unknown,unknown,isolated_extreme,anger,isolated_extreme_cluster,61
sgv1_b16b674dc29ceb789a277101,donglu_sunjihai_youth_football_202606,bilibili,video_platform,manual_url,external_agent_assisted,source_url_provided_unverified,medium_low,0.45,review_needed,comment,,,????????????????????? ??03-12?,zh-CN,https://search.bilibili.com/all?keyword=%E8%91%A3%E8%B7%AF%20%E5%AD%99%E7%BB%A7%E6%B5%B7%20%E9%9D%92%E8%AE%AD&sample=03,https://search.bilibili.com/all?keyword=%E8%91%A3%E8%B7%AF%20%E5%AD%99%E7%BB%A7%E6%B5%B7%20%E9%9D%92%E8%AE%AD&sample=03,src_bilibili_03,,2026-06-02T20:00:00.000Z,2026-06-17T12:10:16.494Z,,sha256_platform_case_salt,unknown,true,true,,36,15,0,0,sha256:97a409574b0e6ec6055486624eb6bcabfe5ed2e31e7541979d8d6ec41166de01,sha256:97a409574b0e6ec6055486624eb6bcabfe5ed2e31e7541979d8d6ec41166de01,sha256:5a4897b64c1855ee55a9faa693573d0da054c5ecb861549a47ea75969de1e2b4,dup_3953b14d098a92678b02,1,[],public,public,manual_comment_sample,Selected public sample only. Not full-platform coverage. Not full-web coverage. Not full-thread coverage.,"{""asset_id"":""local-snapshot-src_bilibili_03-comment-13-12"",""run_id"":"""",""task_id"":"""",""source_path"":"""",""record_type"":""comment"",""field_score"":0,""keyword"":"""",""entity_ids"":[]}","{""normalized_from"":""opencrawler_local_asset"",""source_record_id"":""local-snapshot-src_bilibili_03-comment-13-12"",""source_type"":""video_platform"",""acquisition_mode"":""manual_url"",""normalized_at"":""2026-06-17T12:10:16.502Z"",""warnings"":[]}",false,false,,unknown,,unknown,extreme_cluster_or_trolling,unknown,unknown,unknown,unknown,unknown,unknown,unknown,66
sgv1_b1da8593402648ef0bf0a924,donglu_sunjihai_youth_football_202606,bilibili,video_platform,manual_url,external_agent_assisted,source_url_provided_unverified,medium_low,0.45,review_needed,comment,,,??????????????????????????? ??03-13?,zh-CN,https://search.bilibili.com/all?keyword=%E8%91%A3%E8%B7%AF%20%E5%AD%99%E7%BB%A7%E6%B5%B7%20%E9%9D%92%E8%AE%AD&sample=03,https://search.bilibili.com/all?keyword=%E8%91%A3%E8%B7%AF%20%E5%AD%99%E7%BB%A7%E6%B5%B7%20%E9%9D%92%E8%AE%AD&sample=03,src_bilibili_03,,2026-06-03T21:00:00.000Z,2026-06-17T12:10:16.494Z,,sha256_platform_case_salt,unknown,true,true,,39,16,0,0,sha256:c5843022a1c75268daece45d4bdb7280c3f60c7ec1851197c5e67c965e2136fb,sha256:c5843022a1c75268daece45d4bdb7280c3f60c7ec1851197c5e67c965e2136fb,sha256:5a4897b64c1855ee55a9faa693573d0da054c5ecb861549a47ea75969de1e2b4,dup_75d968425ccf2c301a10,1,[],public,public,manual_comment_sample,Selected public sample only. Not full-platform coverage. Not full-web coverage. Not full-thread coverage.,"{""asset_id"":""local-snapshot-src_bilibili_03-comment-13-13"",""run_id"":"""",""task_id"":"""",""source_path"":"""",""record_type"":""comment"",""field_score"":0,""keyword"":"""",""entity_ids"":[]}","{""normalized_from"":""opencrawler_local_asset"",""source_record_id"":""local-snapshot-src_bilibili_03-comment-13-13"",""source_type"":""video_platform"",""acquisition_mode"":""manual_url"",""normalized_at"":""2026-06-17T12:10:16.502Z"",""warnings"":[]}",false,false,,unknown,,support_donglu_view,unknown,unknown,unknown,unknown,unknown,core_support,curiosity,route_supporter_donglu,71
sgv1_c00fc4c139c31ba235699b41,donglu_sunjihai_youth_football_202606,bilibili,video_platform,manual_url,external_agent_assisted,source_url_provided_unverified,medium_low,0.45,review_needed,comment,,,?????????????????????? ??03-14?,zh-CN,https://search.bilibili.com/all?keyword=%E8%91%A3%E8%B7%AF%20%E5%AD%99%E7%BB%A7%E6%B5%B7%20%E9%9D%92%E8%AE%AD&sample=03,https://search.bilibili.com/all?keyword=%E8%91%A3%E8%B7%AF%20%E5%AD%99%E7%BB%A7%E6%B5%B7%20%E9%9D%92%E8%AE%AD&sample=03,src_bilibili_03,,2026-06-04T22:00:00.000Z,2026-06-17T12:10:16.494Z,,sha256_platform_case_salt,unknown,true,true,,42,17,0,0,sha256:0e24426e0dbb05f0dd47cf928d2df969c1854385eca4d8f3829013057f6fd37f,sha256:0e24426e0dbb05f0dd47cf928d2df969c1854385eca4d8f3829013057f6fd37f,sha256:5a4897b64c1855ee55a9faa693573d0da054c5ecb861549a47ea75969de1e2b4,dup_d54a33f54a323c7c672c,1,[],public,public,manual_comment_sample,Selected public sample only. Not full-platform coverage. Not full-web coverage. Not full-thread coverage.,"{""asset_id"":""local-snapshot-src_bilibili_03-comment-13-14"",""run_id"":"""",""task_id"":"""",""source_path"":"""",""record_type"":""comment"",""field_score"":0,""keyword"":"""",""entity_ids"":[]}","{""normalized_from"":""opencrawler_local_asset"",""source_record_id"":""local-snapshot-src_bilibili_03-comment-13-14"",""source_type"":""video_platform"",""acquisition_mode"":""manual_url"",""normalized_at"":""2026-06-17T12:10:16.502Z"",""warnings"":[]}",false,false,,unknown,,support_sunjihai_view,youth_training_model,unknown,unknown,unknown,unknown,core_support,curiosity,route_supporter_sunjihai,76
sgv1_87d15d7dbb027bc68124e4fb,donglu_sunjihai_youth_football_202606,bilibili,video_platform,manual_url,external_agent_assisted,source_url_provided_unverified,medium_low,0.45,review_needed,comment,,,??????????????????????????? ??03-15?,zh-CN,https://search.bilibili.com/all?keyword=%E8%91%A3%E8%B7%AF%20%E5%AD%99%E7%BB%A7%E6%B5%B7%20%E9%9D%92%E8%AE%AD&sample=03,https://search.bilibili.com/all?keyword=%E8%91%A3%E8%B7%AF%20%E5%AD%99%E7%BB%A7%E6%B5%B7%20%E9%9D%92%E8%AE%AD&sample=03,src_bilibili_03,,2026-06-05T23:00:00.000Z,2026-06-17T12:10:16.494Z,,sha256_platform_case_salt,unknown,true,true,,45,0,0,0,sha256:311f7ed3621a91618a9bf94e2cc75120493813d6102fe07237377c15e1f48d7d,sha256:311f7ed3621a91618a9bf94e2cc75120493813d6102fe07237377c15e1f48d7d,sha256:5a4897b64c1855ee55a9faa693573d0da054c5ecb861549a47ea75969de1e2b4,dup_aecab39a2e9c81508c80,1,[],public,public,manual_comment_sample,Selected public sample only. Not full-platform coverage. Not full-web coverage. Not full-thread coverage.,"{""asset_id"":""local-snapshot-src_bilibili_03-comment-13-15"",""run_id"":"""",""task_id"":"""",""source_path"":"""",""record_type"":""comment"",""field_score"":0,""keyword"":"""",""entity_ids"":[]}","{""normalized_from"":""opencrawler_local_asset"",""source_record_id"":""local-snapshot-src_bilibili_03-comment-13-15"",""source_type"":""video_platform"",""acquisition_mode"":""manual_url"",""normalized_at"":""2026-06-17T12:10:16.502Z"",""warnings"":[]}",false,false,,unknown,,neutral_process_focused,contract_or_responsibility_dispute,unknown,unknown,unknown,unknown,bridge,neutral,process_observer,45
sgv1_4a5f0610a40a66e0fdce95f0,donglu_sunjihai_youth_football_202606,bilibili,video_platform,manual_url,external_agent_assisted,source_url_provided_unverified,medium_low,0.45,review_needed,comment,,,?????????????????????????? ??03-16?,zh-CN,https://search.bilibili.com/all?keyword=%E8%91%A3%E8%B7%AF%20%E5%AD%99%E7%BB%A7%E6%B5%B7%20%E9%9D%92%E8%AE%AD&sample=03,https://search.bilibili.com/all?keyword=%E8%91%A3%E8%B7%AF%20%E5%AD%99%E7%BB%A7%E6%B5%B7%20%E9%9D%92%E8%AE%AD&sample=03,src_bilibili_03,,2026-06-06T00:00:00.000Z,2026-06-17T12:10:16.494Z,,sha256_platform_case_salt,unknown,true,true,,48,1,0,0,sha256:9bab89d181afc12e1eca28c17d9881173be2a9b577985dfe50560aec515007c4,sha256:9bab89d181afc12e1eca28c17d9881173be2a9b577985dfe50560aec515007c4,sha256:5a4897b64c1855ee55a9faa693573d0da054c5ecb861549a47ea75969de1e2b4,dup_f353774c88a4684ae51f,1,[],public,public,manual_comment_sample,Selected public sample only. Not full-platform coverage. Not full-web coverage. Not full-thread coverage.,"{""asset_id"":""local-snapshot-src_bilibili_03-comment-13-16"",""run_id"":"""",""task_id"":"""",""source_path"":"""",""record_type"":""comment"",""field_score"":0,""keyword"":"""",""entity_ids"":[]}","{""normalized_from"":""opencrawler_local_asset"",""source_record_id"":""local-snapshot-src_bilibili_03-comment-13-16"",""source_type"":""video_platform"",""acquisition_mode"":""manual_url"",""normalized_at"":""2026-06-17T12:10:16.502Z"",""warnings"":[]}",false,false,,unknown,,youth_training_concern,public_response,unknown,unknown,unknown,unknown,neutral,concern,youth_training_concern_cluster,50
sgv1_2265f3e79e02e52723c9ef57,donglu_sunjihai_youth_football_202606,bilibili,video_platform,manual_url,external_agent_assisted,source_url_provided_unverified,medium_low,0.45,review_needed,comment,,,?????????????????????? ??03-17?,zh-CN,https://search.bilibili.com/all?keyword=%E8%91%A3%E8%B7%AF%20%E5%AD%99%E7%BB%A7%E6%B5%B7%20%E9%9D%92%E8%AE%AD&sample=03,https://search.bilibili.com/all?keyword=%E8%91%A3%E8%B7%AF%20%E5%AD%99%E7%BB%A7%E6%B5%B7%20%E9%9D%92%E8%AE%AD&sample=03,src_bilibili_03,,2026-06-07T01:00:00.000Z,2026-06-17T12:10:16.494Z,,sha256_platform_case_salt,unknown,true,true,,51,2,0,0,sha256:49bf3e2d97d388c89e3b88c2615d2cd884cd7f38a16c3b7b961525c76a83052e,sha256:49bf3e2d97d388c89e3b88c2615d2cd884cd7f38a16c3b7b961525c76a83052e,sha256:5a4897b64c1855ee55a9faa693573d0da054c5ecb861549a47ea75969de1e2b4,dup_0b6fbe8fb777fe7c686f,1,[],public,public,manual_comment_sample,Selected public sample only. Not full-platform coverage. Not full-web coverage. Not full-thread coverage.,"{""asset_id"":""local-snapshot-src_bilibili_03-comment-13-17"",""run_id"":"""",""task_id"":"""",""source_path"":"""",""record_type"":""comment"",""field_score"":0,""keyword"":"""",""entity_ids"":[]}","{""normalized_from"":""opencrawler_local_asset"",""source_record_id"":""local-snapshot-src_bilibili_03-comment-13-17"",""source_type"":""video_platform"",""acquisition_mode"":""manual_url"",""normalized_at"":""2026-06-17T12:10:16.502Z"",""warnings"":[]}",false,false,,unknown,,anti_conflict_fatigue,media_reframing,unknown,unknown,unknown,unknown,fatigue,fatigue,fatigue_cluster,55
sgv1_8c79a20a0b3313c71b8e319a,donglu_sunjihai_youth_football_202606,bilibili,video_platform,manual_url,external_agent_assisted,source_url_provided_unverified,medium_low,0.45,review_needed,comment,,,???????????????????????? ??03-18?,zh-CN,https://search.bilibili.com/all?keyword=%E8%91%A3%E8%B7%AF%20%E5%AD%99%E7%BB%A7%E6%B5%B7%20%E9%9D%92%E8%AE%AD&sample=03,https://search.bilibili.com/all?keyword=%E8%91%A3%E8%B7%AF%20%E5%AD%99%E7%BB%A7%E6%B5%B7%20%E9%9D%92%E8%AE%AD&sample=03,src_bilibili_03,,2026-06-08T02:00:00.000Z,2026-06-17T12:10:16.494Z,,sha256_platform_case_salt,unknown,true,true,,54,3,0,0,sha256:806c788bd4dd096052ddd94fc72c46e2e745cef48f4f28783d94cfcbd8f2e8f8,sha256:806c788bd4dd096052ddd94fc72c46e2e745cef48f4f28783d94cfcbd8f2e8f8,sha256:5a4897b64c1855ee55a9faa693573d0da054c5ecb861549a47ea75969de1e2b4,dup_541cf242dcabec57fc17,1,[],public,public,manual_comment_sample,Selected public sample only. Not full-platform coverage. Not full-web coverage. Not full-thread coverage.,"{""asset_id"":""local-snapshot-src_bilibili_03-comment-13-18"",""run_id"":"""",""task_id"":"""",""source_path"":"""",""record_type"":""comment"",""field_score"":0,""keyword"":"""",""entity_ids"":[]}","{""normalized_from"":""opencrawler_local_asset"",""source_record_id"":""local-snapshot-src_bilibili_03-comment-13-18"",""source_type"":""video_platform"",""acquisition_mode"":""manual_url"",""normalized_at"":""2026-06-17T12:10:16.502Z"",""warnings"":[]}",false,false,,unknown,,media_context,fan_community_reaction,unknown,unknown,unknown,unknown,bridge,neutral,media_context_reader,60
sgv1_a08a9695314ce36ab03a1990,donglu_sunjihai_youth_football_202606,bilibili,video_platform,manual_url,external_agent_assisted,source_url_provided_unverified,medium_low,0.45,review_needed,comment,,,?????????????????????? ??04-01?,zh-CN,https://search.bilibili.com/all?keyword=%E8%91%A3%E8%B7%AF%20%E5%AD%99%E7%BB%A7%E6%B5%B7%20%E9%9D%92%E8%AE%AD&sample=04,https://search.bilibili.com/all?keyword=%E8%91%A3%E8%B7%AF%20%E5%AD%99%E7%BB%A7%E6%B5%B7%20%E9%9D%92%E8%AE%AD&sample=04,src_bilibili_04,,2026-06-06T09:00:00.000Z,2026-06-17T12:10:16.494Z,,sha256_platform_case_salt,unknown,true,true,,4,5,0,0,sha256:1c34b60093b01a27d62cc4acc65a0ac578fb68a40aa052009e7318cfab51db1a,sha256:1c34b60093b01a27d62cc4acc65a0ac578fb68a40aa052009e7318cfab51db1a,sha256:affa9f0b686cc5c93d608369f5c0298f9f9dc2a58de06399c2dcfab72c3d8a2d,dup_b9801bba67ac13bce806,1,[],public,public,manual_comment_sample,Selected public sample only. Not full-platform coverage. Not full-web coverage. Not full-thread coverage.,"{""asset_id"":""local-snapshot-src_bilibili_04-comment-14-1"",""run_id"":"""",""task_id"":"""",""source_path"":"""",""record_type"":""comment"",""field_score"":0,""keyword"":"""",""entity_ids"":[]}","{""normalized_from"":""opencrawler_local_asset"",""source_record_id"":""local-snapshot-src_bilibili_04-comment-14-1"",""source_type"":""video_platform"",""acquisition_mode"":""manual_url"",""normalized_at"":""2026-06-17T12:10:16.502Z"",""warnings"":[]}",false,false,,unknown,,media_context,unknown,unknown,unknown,unknown,unknown,bridge,neutral,media_context_reader,14
sgv1_95c5b12ca459e09703cec8e7,donglu_sunjihai_youth_football_202606,bilibili,video_platform,manual_url,external_agent_assisted,source_url_provided_unverified,medium_low,0.45,review_needed,comment,,,??????????????????????? ??04-02?,zh-CN,https://search.bilibili.com/all?keyword=%E8%91%A3%E8%B7%AF%20%E5%AD%99%E7%BB%A7%E6%B5%B7%20%E9%9D%92%E8%AE%AD&sample=04,https://search.bilibili.com/all?keyword=%E8%91%A3%E8%B7%AF%20%E5%AD%99%E7%BB%A7%E6%B5%B7%20%E9%9D%92%E8%AE%AD&sample=04,src_bilibili_04,,2026-06-07T10:00:00.000Z,2026-06-17T12:10:16.494Z,,sha256_platform_case_salt,unknown,true,true,,8,6,0,0,sha256:7fd5b8a9ab0f012d674d0ed68f92b2cc0fbf9042631d577637aafca49212ae43,sha256:7fd5b8a9ab0f012d674d0ed68f92b2cc0fbf9042631d577637aafca49212ae43,sha256:affa9f0b686cc5c93d608369f5c0298f9f9dc2a58de06399c2dcfab72c3d8a2d,dup_d5197021811407a8b14a,1,[],public,public,manual_comment_sample,Selected public sample only. Not full-platform coverage. Not full-web coverage. Not full-thread coverage.,"{""asset_id"":""local-snapshot-src_bilibili_04-comment-14-2"",""run_id"":"""",""task_id"":"""",""source_path"":"""",""record_type"":""comment"",""field_score"":0,""keyword"":"""",""entity_ids"":[]}","{""normalized_from"":""opencrawler_local_asset"",""source_record_id"":""local-snapshot-src_bilibili_04-comment-14-2"",""source_type"":""video_platform"",""acquisition_mode"":""manual_url"",""normalized_at"":""2026-06-17T12:10:16.502Z"",""warnings"":[]}",false,false,,unknown,,extreme_attack_or_trolling,youth_training_model,unknown,unknown,unknown,unknown,isolated_extreme,anger,isolated_extreme_cluster,20
sgv1_fa61733a0aa61531b8f94b06,donglu_sunjihai_youth_football_202606,bilibili,video_platform,manual_url,external_agent_assisted,source_url_provided_unverified,medium_low,0.45,review_needed,comment,,,????????????????? ??04-03?,zh-CN,https://search.bilibili.com/all?keyword=%E8%91%A3%E8%B7%AF%20%E5%AD%99%E7%BB%A7%E6%B5%B7%20%E9%9D%92%E8%AE%AD&sample=04,https://search.bilibili.com/all?keyword=%E8%91%A3%E8%B7%AF%20%E5%AD%99%E7%BB%A7%E6%B5%B7%20%E9%9D%92%E8%AE%AD&sample=04,src_bilibili_04,,2026-06-08T11:00:00.000Z,2026-06-17T12:10:16.494Z,,sha256_platform_case_salt,unknown,true,true,,12,7,0,0,sha256:39fae9864180b089dc68d27aa1111b4c0e09d763dc7a19f8e9c14175fe9dbdf3,sha256:39fae9864180b089dc68d27aa1111b4c0e09d763dc7a19f8e9c14175fe9dbdf3,sha256:affa9f0b686cc5c93d608369f5c0298f9f9dc2a58de06399c2dcfab72c3d8a2d,dup_e287d0f0676758d352f6,1,[],public,public,manual_comment_sample,Selected public sample only. Not full-platform coverage. Not full-web coverage. Not full-thread coverage.,"{""asset_id"":""local-snapshot-src_bilibili_04-comment-14-3"",""run_id"":"""",""task_id"":"""",""source_path"":"""",""record_type"":""comment"",""field_score"":0,""keyword"":"""",""entity_ids"":[]}","{""normalized_from"":""opencrawler_local_asset"",""source_record_id"":""local-snapshot-src_bilibili_04-comment-14-3"",""source_type"":""video_platform"",""acquisition_mode"":""manual_url"",""normalized_at"":""2026-06-17T12:10:16.502Z"",""warnings"":[]}",false,false,,unknown,,unknown,contract_or_responsibility_dispute,unknown,unknown,unknown,unknown,unknown,unknown,unknown,26
sgv1_5e80678d99c304e55b3f1f72,donglu_sunjihai_youth_football_202606,bilibili,video_platform,manual_url,external_agent_assisted,source_url_provided_unverified,medium_low,0.45,review_needed,comment,,,???????????????????????? ??04-04?,zh-CN,https://search.bilibili.com/all?keyword=%E8%91%A3%E8%B7%AF%20%E5%AD%99%E7%BB%A7%E6%B5%B7%20%E9%9D%92%E8%AE%AD&sample=04,https://search.bilibili.com/all?keyword=%E8%91%A3%E8%B7%AF%20%E5%AD%99%E7%BB%A7%E6%B5%B7%20%E9%9D%92%E8%AE%AD&sample=04,src_bilibili_04,,2026-06-09T12:00:00.000Z,2026-06-17T12:10:16.494Z,,sha256_platform_case_salt,unknown,true,true,,16,8,0,0,sha256:8496762e8d2ea891d237d2fbaedf54040b88c168ba76548dbe557014307e84f9,sha256:8496762e8d2ea891d237d2fbaedf54040b88c168ba76548dbe557014307e84f9,sha256:affa9f0b686cc5c93d608369f5c0298f9f9dc2a58de06399c2dcfab72c3d8a2d,dup_4fe60b2254b0d6517fa7,1,[],public,public,manual_comment_sample,Selected public sample only. Not full-platform coverage. Not full-web coverage. Not full-thread coverage.,"{""asset_id"":""local-snapshot-src_bilibili_04-comment-14-4"",""run_id"":"""",""task_id"":"""",""source_path"":"""",""record_type"":""comment"",""field_score"":0,""keyword"":"""",""entity_ids"":[]}","{""normalized_from"":""opencrawler_local_asset"",""source_record_id"":""local-snapshot-src_bilibili_04-comment-14-4"",""source_type"":""video_platform"",""acquisition_mode"":""manual_url"",""normalized_at"":""2026-06-17T12:10:16.502Z"",""warnings"":[]}",false,false,,unknown,,support_donglu_view,public_response,unknown,unknown,unknown,unknown,core_support,curiosity,route_supporter_donglu,32
sgv1_41edac3bbdf2279c9f20d5f0,donglu_sunjihai_youth_football_202606,bilibili,video_platform,manual_url,external_agent_assisted,source_url_provided_unverified,medium_low,0.45,review_needed,comment,,,?????????????????????????? ??04-05?,zh-CN,https://search.bilibili.com/all?keyword=%E8%91%A3%E8%B7%AF%20%E5%AD%99%E7%BB%A7%E6%B5%B7%20%E9%9D%92%E8%AE%AD&sample=04,https://search.bilibili.com/all?keyword=%E8%91%A3%E8%B7%AF%20%E5%AD%99%E7%BB%A7%E6%B5%B7%20%E9%9D%92%E8%AE%AD&sample=04,src_bilibili_04,,2026-06-10T13:00:00.000Z,2026-06-17T12:10:16.494Z,,sha256_platform_case_salt,unknown,true,true,,20,9,0,0,sha256:95bbef572fa1385ac92b922d56d520999fe7887762f1772f98431debeb1f18e3,sha256:95bbef572fa1385ac92b922d56d520999fe7887762f1772f98431debeb1f18e3,sha256:affa9f0b686cc5c93d608369f5c0298f9f9dc2a58de06399c2dcfab72c3d8a2d,dup_7f6769096a37da9ed277,1,[],public,public,manual_comment_sample,Selected public sample only. Not full-platform coverage. Not full-web coverage. Not full-thread coverage.,"{""asset_id"":""local-snapshot-src_bilibili_04-comment-14-5"",""run_id"":"""",""task_id"":"""",""source_path"":"""",""record_type"":""comment"",""field_score"":0,""keyword"":"""",""entity_ids"":[]}","{""normalized_from"":""opencrawler_local_asset"",""source_record_id"":""local-snapshot-src_bilibili_04-comment-14-5"",""source_type"":""video_platform"",""acquisition_mode"":""manual_url"",""normalized_at"":""2026-06-17T12:10:16.502Z"",""warnings"":[]}",false,false,,unknown,,support_sunjihai_view,media_reframing,unknown,unknown,unknown,unknown,core_support,curiosity,route_supporter_sunjihai,38
sgv1_7e71a0e7da6eac7aa04e6ff1,donglu_sunjihai_youth_football_202606,bilibili,video_platform,manual_url,external_agent_assisted,source_url_provided_unverified,medium_low,0.45,review_needed,comment,,,???????????????????????????? ??04-06?,zh-CN,https://search.bilibili.com/all?keyword=%E8%91%A3%E8%B7%AF%20%E5%AD%99%E7%BB%A7%E6%B5%B7%20%E9%9D%92%E8%AE%AD&sample=04,https://search.bilibili.com/all?keyword=%E8%91%A3%E8%B7%AF%20%E5%AD%99%E7%BB%A7%E6%B5%B7%20%E9%9D%92%E8%AE%AD&sample=04,src_bilibili_04,,2026-06-11T14:00:00.000Z,2026-06-17T12:10:16.494Z,,sha256_platform_case_salt,unknown,true,true,,24,10,0,0,sha256:61a6377361f619052cbe5bee68dcbc91982d486611c5c4a15506e4775c8ea394,sha256:61a6377361f619052cbe5bee68dcbc91982d486611c5c4a15506e4775c8ea394,sha256:affa9f0b686cc5c93d608369f5c0298f9f9dc2a58de06399c2dcfab72c3d8a2d,dup_5b754d91d0ad79773e5b,1,[],public,public,manual_comment_sample,Selected public sample only. Not full-platform coverage. Not full-web coverage. Not full-thread coverage.,"{""asset_id"":""local-snapshot-src_bilibili_04-comment-14-6"",""run_id"":"""",""task_id"":"""",""source_path"":"""",""record_type"":""comment"",""field_score"":0,""keyword"":"""",""entity_ids"":[]}","{""normalized_from"":""opencrawler_local_asset"",""source_record_id"":""local-snapshot-src_bilibili_04-comment-14-6"",""source_type"":""video_platform"",""acquisition_mode"":""manual_url"",""normalized_at"":""2026-06-17T12:10:16.502Z"",""warnings"":[]}",false,false,,unknown,,neutral_process_focused,fan_community_reaction,unknown,unknown,unknown,unknown,bridge,neutral,process_observer,44
sgv1_db73ef30a7abe87f15ef7198,donglu_sunjihai_youth_football_202606,bilibili,video_platform,manual_url,external_agent_assisted,source_url_provided_unverified,medium_low,0.45,review_needed,comment,,,?????????????????????? ??04-07?,zh-CN,https://search.bilibili.com/all?keyword=%E8%91%A3%E8%B7%AF%20%E5%AD%99%E7%BB%A7%E6%B5%B7%20%E9%9D%92%E8%AE%AD&sample=04,https://search.bilibili.com/all?keyword=%E8%91%A3%E8%B7%AF%20%E5%AD%99%E7%BB%A7%E6%B5%B7%20%E9%9D%92%E8%AE%AD&sample=04,src_bilibili_04,,2026-06-12T15:00:00.000Z,2026-06-17T12:10:16.494Z,,sha256_platform_case_salt,unknown,true,true,,28,11,0,0,sha256:29436dcc84a3e4ece30ff3030c1cc78ff67a66802eb80a5c1294dafc6256a5a9,sha256:29436dcc84a3e4ece30ff3030c1cc78ff67a66802eb80a5c1294dafc6256a5a9,sha256:affa9f0b686cc5c93d608369f5c0298f9f9dc2a58de06399c2dcfab72c3d8a2d,dup_f610912e4ece5afa301a,1,[],public,public,manual_comment_sample,Selected public sample only. Not full-platform coverage. Not full-web coverage. Not full-thread coverage.,"{""asset_id"":""local-snapshot-src_bilibili_04-comment-14-7"",""run_id"":"""",""task_id"":"""",""source_path"":"""",""record_type"":""comment"",""field_score"":0,""keyword"":"""",""entity_ids"":[]}","{""normalized_from"":""opencrawler_local_asset"",""source_record_id"":""local-snapshot-src_bilibili_04-comment-14-7"",""source_type"":""video_platform"",""acquisition_mode"":""manual_url"",""normalized_at"":""2026-06-17T12:10:16.502Z"",""warnings"":[]}",false,false,,unknown,,youth_training_concern,children_protection_boundary,unknown,unknown,unknown,unknown,neutral,concern,youth_training_concern_cluster,50
sgv1_b182a23a4893c717ed41ff97,donglu_sunjihai_youth_football_202606,bilibili,video_platform,manual_url,external_agent_assisted,source_url_provided_unverified,medium_low,0.45,review_needed,comment,,,???????????????????????? ??04-08?,zh-CN,https://search.bilibili.com/all?keyword=%E8%91%A3%E8%B7%AF%20%E5%AD%99%E7%BB%A7%E6%B5%B7%20%E9%9D%92%E8%AE%AD&sample=04,https://search.bilibili.com/all?keyword=%E8%91%A3%E8%B7%AF%20%E5%AD%99%E7%BB%A7%E6%B5%B7%20%E9%9D%92%E8%AE%AD&sample=04,src_bilibili_04,,2026-06-13T16:00:00.000Z,2026-06-17T12:10:16.494Z,,sha256_platform_case_salt,unknown,true,true,,32,12,0,0,sha256:726cc38aed2330632c5df8dcff4112a9e9b641d1db731d31e470b466fa7ca64a,sha256:726cc38aed2330632c5df8dcff4112a9e9b641d1db731d31e470b466fa7ca64a,sha256:affa9f0b686cc5c93d608369f5c0298f9f9dc2a58de06399c2dcfab72c3d8a2d,dup_93f5c8ade5cb672cc560,1,[],public,public,manual_comment_sample,Selected public sample only. Not full-platform coverage. Not full-web coverage. Not full-thread coverage.,"{""asset_id"":""local-snapshot-src_bilibili_04-comment-14-8"",""run_id"":"""",""task_id"":"""",""source_path"":"""",""record_type"":""comment"",""field_score"":0,""keyword"":"""",""entity_ids"":[]}","{""normalized_from"":""opencrawler_local_asset"",""source_record_id"":""local-snapshot-src_bilibili_04-comment-14-8"",""source_type"":""video_platform"",""acquisition_mode"":""manual_url"",""normalized_at"":""2026-06-17T12:10:16.502Z"",""warnings"":[]}",false,false,,unknown,,anti_conflict_fatigue,chinese_football_reputation,unknown,unknown,unknown,unknown,fatigue,fatigue,fatigue_cluster,56
sgv1_c4db6dfad369648470a67bcb,donglu_sunjihai_youth_football_202606,bilibili,video_platform,manual_url,external_agent_assisted,source_url_provided_unverified,medium_low,0.45,review_needed,comment,,,????????????????????????? ??04-09?,zh-CN,https://search.bilibili.com/all?keyword=%E8%91%A3%E8%B7%AF%20%E5%AD%99%E7%BB%A7%E6%B5%B7%20%E9%9D%92%E8%AE%AD&sample=04,https://search.bilibili.com/all?keyword=%E8%91%A3%E8%B7%AF%20%E5%AD%99%E7%BB%A7%E6%B5%B7%20%E9%9D%92%E8%AE%AD&sample=04,src_bilibili_04,,2026-06-14T17:00:00.000Z,2026-06-17T12:10:16.494Z,,sha256_platform_case_salt,unknown,true,true,,36,13,0,0,sha256:056ab01da6e2842e1cea067a5b02d1edb8bf096d71f33df7983c450cd5c187a9,sha256:056ab01da6e2842e1cea067a5b02d1edb8bf096d71f33df7983c450cd5c187a9,sha256:affa9f0b686cc5c93d608369f5c0298f9f9dc2a58de06399c2dcfab72c3d8a2d,dup_533cf7f34333b4e89040,1,[],public,public,manual_comment_sample,Selected public sample only. Not full-platform coverage. Not full-web coverage. Not full-thread coverage.,"{""asset_id"":""local-snapshot-src_bilibili_04-comment-14-9"",""run_id"":"""",""task_id"":"""",""source_path"":"""",""record_type"":""comment"",""field_score"":0,""keyword"":"""",""entity_ids"":[]}","{""normalized_from"":""opencrawler_local_asset"",""source_record_id"":""local-snapshot-src_bilibili_04-comment-14-9"",""source_type"":""video_platform"",""acquisition_mode"":""manual_url"",""normalized_at"":""2026-06-17T12:10:16.502Z"",""warnings"":[]}",false,false,,unknown,,media_context,platform_discussion,unknown,unknown,unknown,unknown,bridge,neutral,media_context_reader,62
sgv1_64891401f60b9494f25c3fee,donglu_sunjihai_youth_football_202606,bilibili,video_platform,manual_url,external_agent_assisted,source_url_provided_unverified,medium_low,0.45,review_needed,comment,,,??????????????????????? ??04-10?,zh-CN,https://search.bilibili.com/all?keyword=%E8%91%A3%E8%B7%AF%20%E5%AD%99%E7%BB%A7%E6%B5%B7%20%E9%9D%92%E8%AE%AD&sample=04,https://search.bilibili.com/all?keyword=%E8%91%A3%E8%B7%AF%20%E5%AD%99%E7%BB%A7%E6%B5%B7%20%E9%9D%92%E8%AE%AD&sample=04,src_bilibili_04,,2026-06-01T18:00:00.000Z,2026-06-17T12:10:16.494Z,,sha256_platform_case_salt,unknown,true,true,,40,14,0,0,sha256:740cd1dd28e483f757e2f3eafb54f4d6f621905700110a81754b77e01f7b4add,sha256:740cd1dd28e483f757e2f3eafb54f4d6f621905700110a81754b77e01f7b4add,sha256:affa9f0b686cc5c93d608369f5c0298f9f9dc2a58de06399c2dcfab72c3d8a2d,dup_cf642f6f23927244ac72,1,[],public,public,manual_comment_sample,Selected public sample only. Not full-platform coverage. Not full-web coverage. Not full-thread coverage.,"{""asset_id"":""local-snapshot-src_bilibili_04-comment-14-10"",""run_id"":"""",""task_id"":"""",""source_path"":"""",""record_type"":""comment"",""field_score"":0,""keyword"":"""",""entity_ids"":[]}","{""normalized_from"":""opencrawler_local_asset"",""source_record_id"":""local-snapshot-src_bilibili_04-comment-14-10"",""source_type"":""video_platform"",""acquisition_mode"":""manual_url"",""normalized_at"":""2026-06-17T12:10:16.502Z"",""warnings"":[]}",false,false,,unknown,,extreme_attack_or_trolling,extreme_cluster_or_trolling,unknown,unknown,unknown,unknown,isolated_extreme,anger,isolated_extreme_cluster,68
sgv1_ecb81b08bbe73d7e5268ec32,donglu_sunjihai_youth_football_202606,bilibili,video_platform,manual_url,external_agent_assisted,source_url_provided_unverified,medium_low,0.45,review_needed,comment,,,????????????????????? ??04-11?,zh-CN,https://search.bilibili.com/all?keyword=%E8%91%A3%E8%B7%AF%20%E5%AD%99%E7%BB%A7%E6%B5%B7%20%E9%9D%92%E8%AE%AD&sample=04,https://search.bilibili.com/all?keyword=%E8%91%A3%E8%B7%AF%20%E5%AD%99%E7%BB%A7%E6%B5%B7%20%E9%9D%92%E8%AE%AD&sample=04,src_bilibili_04,,2026-06-02T19:00:00.000Z,2026-06-17T12:10:16.494Z,,sha256_platform_case_salt,unknown,true,true,,44,15,0,0,sha256:b33ee326793c25af65f32806992836b2e68a7e97b18e73328a3052651c0dafdb,sha256:b33ee326793c25af65f32806992836b2e68a7e97b18e73328a3052651c0dafdb,sha256:affa9f0b686cc5c93d608369f5c0298f9f9dc2a58de06399c2dcfab72c3d8a2d,dup_65f58a378691ab8c6cc3,1,[],public,public,manual_comment_sample,Selected public sample only. Not full-platform coverage. Not full-web coverage. Not full-thread coverage.,"{""asset_id"":""local-snapshot-src_bilibili_04-comment-14-11"",""run_id"":"""",""task_id"":"""",""source_path"":"""",""record_type"":""comment"",""field_score"":0,""keyword"":"""",""entity_ids"":[]}","{""normalized_from"":""opencrawler_local_asset"",""source_record_id"":""local-snapshot-src_bilibili_04-comment-14-11"",""source_type"":""video_platform"",""acquisition_mode"":""manual_url"",""normalized_at"":""2026-06-17T12:10:16.502Z"",""warnings"":[]}",false,false,,unknown,,unknown,unknown,unknown,unknown,unknown,unknown,unknown,unknown,unknown,74
sgv1_10b9b011f18996507ad0b20e,donglu_sunjihai_youth_football_202606,bilibili,video_platform,manual_url,external_agent_assisted,source_url_provided_unverified,medium_low,0.45,review_needed,comment,,,??????????????????????????? ??04-12?,zh-CN,https://search.bilibili.com/all?keyword=%E8%91%A3%E8%B7%AF%20%E5%AD%99%E7%BB%A7%E6%B5%B7%20%E9%9D%92%E8%AE%AD&sample=04,https://search.bilibili.com/all?keyword=%E8%91%A3%E8%B7%AF%20%E5%AD%99%E7%BB%A7%E6%B5%B7%20%E9%9D%92%E8%AE%AD&sample=04,src_bilibili_04,,2026-06-03T20:00:00.000Z,2026-06-17T12:10:16.494Z,,sha256_platform_case_salt,unknown,true,true,,48,16,0,0,sha256:e0e11c31b85a54659f8b18a4eba17314ed4adb67ebaba08ac7cc3e9cd16b203f,sha256:e0e11c31b85a54659f8b18a4eba17314ed4adb67ebaba08ac7cc3e9cd16b203f,sha256:affa9f0b686cc5c93d608369f5c0298f9f9dc2a58de06399c2dcfab72c3d8a2d,dup_cbfe396df9def06e1dc1,1,[],public,public,manual_comment_sample,Selected public sample only. Not full-platform coverage. Not full-web coverage. Not full-thread coverage.,"{""asset_id"":""local-snapshot-src_bilibili_04-comment-14-12"",""run_id"":"""",""task_id"":"""",""source_path"":"""",""record_type"":""comment"",""field_score"":0,""keyword"":"""",""entity_ids"":[]}","{""normalized_from"":""opencrawler_local_asset"",""source_record_id"":""local-snapshot-src_bilibili_04-comment-14-12"",""source_type"":""video_platform"",""acquisition_mode"":""manual_url"",""normalized_at"":""2026-06-17T12:10:16.502Z"",""warnings"":[]}",false,false,,unknown,,support_donglu_view,youth_training_model,unknown,unknown,unknown,unknown,core_support,curiosity,route_supporter_donglu,80
sgv1_dda3c0a4487bbf0d018e04e1,donglu_sunjihai_youth_football_202606,bilibili,video_platform,manual_url,external_agent_assisted,source_url_provided_unverified,medium_low,0.45,review_needed,comment,,,?????????????????????? ??04-13?,zh-CN,https://search.bilibili.com/all?keyword=%E8%91%A3%E8%B7%AF%20%E5%AD%99%E7%BB%A7%E6%B5%B7%20%E9%9D%92%E8%AE%AD&sample=04,https://search.bilibili.com/all?keyword=%E8%91%A3%E8%B7%AF%20%E5%AD%99%E7%BB%A7%E6%B5%B7%20%E9%9D%92%E8%AE%AD&sample=04,src_bilibili_04,,2026-06-04T21:00:00.000Z,2026-06-17T12:10:16.494Z,,sha256_platform_case_salt,unknown,true,true,,52,17,0,0,sha256:887a887b6a0aac06c89616555077839a2c57d2cc82b3264e747251a6cefcfbc5,sha256:887a887b6a0aac06c89616555077839a2c57d2cc82b3264e747251a6cefcfbc5,sha256:affa9f0b686cc5c93d608369f5c0298f9f9dc2a58de06399c2dcfab72c3d8a2d,dup_9c9a6d32d43a71fceb01,1,[],public,public,manual_comment_sample,Selected public sample only. Not full-platform coverage. Not full-web coverage. Not full-thread coverage.,"{""asset_id"":""local-snapshot-src_bilibili_04-comment-14-13"",""run_id"":"""",""task_id"":"""",""source_path"":"""",""record_type"":""comment"",""field_score"":0,""keyword"":"""",""entity_ids"":[]}","{""normalized_from"":""opencrawler_local_asset"",""source_record_id"":""local-snapshot-src_bilibili_04-comment-14-13"",""source_type"":""video_platform"",""acquisition_mode"":""manual_url"",""normalized_at"":""2026-06-17T12:10:16.502Z"",""warnings"":[]}",false,false,,unknown,,support_sunjihai_view,contract_or_responsibility_dispute,unknown,unknown,unknown,unknown,core_support,curiosity,route_supporter_sunjihai,86
sgv1_6b3806fdb5e56a3cb51298d0,donglu_sunjihai_youth_football_202606,bilibili,video_platform,manual_url,external_agent_assisted,source_url_provided_unverified,medium_low,0.45,review_needed,comment,,,??????????????????????????? ??04-14?,zh-CN,https://search.bilibili.com/all?keyword=%E8%91%A3%E8%B7%AF%20%E5%AD%99%E7%BB%A7%E6%B5%B7%20%E9%9D%92%E8%AE%AD&sample=04,https://search.bilibili.com/all?keyword=%E8%91%A3%E8%B7%AF%20%E5%AD%99%E7%BB%A7%E6%B5%B7%20%E9%9D%92%E8%AE%AD&sample=04,src_bilibili_04,,2026-06-05T22:00:00.000Z,2026-06-17T12:10:16.494Z,,sha256_platform_case_salt,unknown,true,true,,56,0,0,0,sha256:24bdfdff74ea59e7054a13d279e8374a363a0bebc173edde9540424f81728bc2,sha256:24bdfdff74ea59e7054a13d279e8374a363a0bebc173edde9540424f81728bc2,sha256:affa9f0b686cc5c93d608369f5c0298f9f9dc2a58de06399c2dcfab72c3d8a2d,dup_763fdb41ac0a69bc0790,1,[],public,public,manual_comment_sample,Selected public sample only. Not full-platform coverage. Not full-web coverage. Not full-thread coverage.,"{""asset_id"":""local-snapshot-src_bilibili_04-comment-14-14"",""run_id"":"""",""task_id"":"""",""source_path"":"""",""record_type"":""comment"",""field_score"":0,""keyword"":"""",""entity_ids"":[]}","{""normalized_from"":""opencrawler_local_asset"",""source_record_id"":""local-snapshot-src_bilibili_04-comment-14-14"",""source_type"":""video_platform"",""acquisition_mode"":""manual_url"",""normalized_at"":""2026-06-17T12:10:16.502Z"",""warnings"":[]}",false,false,,unknown,,neutral_process_focused,public_response,unknown,unknown,unknown,unknown,bridge,neutral,process_observer,56
sgv1_398e7b07aeb1dc293a12f660,donglu_sunjihai_youth_football_202606,bilibili,video_platform,manual_url,external_agent_assisted,source_url_provided_unverified,medium_low,0.45,review_needed,comment,,,?????????????????????????? ??04-15?,zh-CN,https://search.bilibili.com/all?keyword=%E8%91%A3%E8%B7%AF%20%E5%AD%99%E7%BB%A7%E6%B5%B7%20%E9%9D%92%E8%AE%AD&sample=04,https://search.bilibili.com/all?keyword=%E8%91%A3%E8%B7%AF%20%E5%AD%99%E7%BB%A7%E6%B5%B7%20%E9%9D%92%E8%AE%AD&sample=04,src_bilibili_04,,2026-06-06T23:00:00.000Z,2026-06-17T12:10:16.494Z,,sha256_platform_case_salt,unknown,true,true,,60,1,0,0,sha256:408dc16811359f0c706241aa9b3d75c0d5bcbd0a1959b72e3a0ef5ad7a7fb95d,sha256:408dc16811359f0c706241aa9b3d75c0d5bcbd0a1959b72e3a0ef5ad7a7fb95d,sha256:affa9f0b686cc5c93d608369f5c0298f9f9dc2a58de06399c2dcfab72c3d8a2d,dup_d681fb0e5d09fa603843,1,[],public,public,manual_comment_sample,Selected public sample only. Not full-platform coverage. Not full-web coverage. Not full-thread coverage.,"{""asset_id"":""local-snapshot-src_bilibili_04-comment-14-15"",""run_id"":"""",""task_id"":"""",""source_path"":"""",""record_type"":""comment"",""field_score"":0,""keyword"":"""",""entity_ids"":[]}","{""normalized_from"":""opencrawler_local_asset"",""source_record_id"":""local-snapshot-src_bilibili_04-comment-14-15"",""source_type"":""video_platform"",""acquisition_mode"":""manual_url"",""normalized_at"":""2026-06-17T12:10:16.502Z"",""warnings"":[]}",false,false,,unknown,,youth_training_concern,media_reframing,unknown,unknown,unknown,unknown,neutral,concern,youth_training_concern_cluster,62
sgv1_dcad7eae9667a0c406a5f5bc,donglu_sunjihai_youth_football_202606,bilibili,video_platform,manual_url,external_agent_assisted,source_url_provided_unverified,medium_low,0.45,review_needed,comment,,,?????????????????????? ??04-16?,zh-CN,https://search.bilibili.com/all?keyword=%E8%91%A3%E8%B7%AF%20%E5%AD%99%E7%BB%A7%E6%B5%B7%20%E9%9D%92%E8%AE%AD&sample=04,https://search.bilibili.com/all?keyword=%E8%91%A3%E8%B7%AF%20%E5%AD%99%E7%BB%A7%E6%B5%B7%20%E9%9D%92%E8%AE%AD&sample=04,src_bilibili_04,,2026-06-07T00:00:00.000Z,2026-06-17T12:10:16.494Z,,sha256_platform_case_salt,unknown,true,true,,64,2,0,0,sha256:eec37edee177ad81610d8c9d83cc062b47ee58f0c7249bca24160bff5d27fca1,sha256:eec37edee177ad81610d8c9d83cc062b47ee58f0c7249bca24160bff5d27fca1,sha256:affa9f0b686cc5c93d608369f5c0298f9f9dc2a58de06399c2dcfab72c3d8a2d,dup_93fd2d3d95ed3275d6c7,1,[],public,public,manual_comment_sample,Selected public sample only. Not full-platform coverage. Not full-web coverage. Not full-thread coverage.,"{""asset_id"":""local-snapshot-src_bilibili_04-comment-14-16"",""run_id"":"""",""task_id"":"""",""source_path"":"""",""record_type"":""comment"",""field_score"":0,""keyword"":"""",""entity_ids"":[]}","{""normalized_from"":""opencrawler_local_asset"",""source_record_id"":""local-snapshot-src_bilibili_04-comment-14-16"",""source_type"":""video_platform"",""acquisition_mode"":""manual_url"",""normalized_at"":""2026-06-17T12:10:16.502Z"",""warnings"":[]}",false,false,,unknown,,anti_conflict_fatigue,fan_community_reaction,unknown,unknown,unknown,unknown,fatigue,fatigue,fatigue_cluster,68
sgv1_09d50407dda1fde675fd4d7d,donglu_sunjihai_youth_football_202606,bilibili,video_platform,manual_url,external_agent_assisted,source_url_provided_unverified,medium_low,0.45,review_needed,comment,,,???????????????????????? ??04-17?,zh-CN,https://search.bilibili.com/all?keyword=%E8%91%A3%E8%B7%AF%20%E5%AD%99%E7%BB%A7%E6%B5%B7%20%E9%9D%92%E8%AE%AD&sample=04,https://search.bilibili.com/all?keyword=%E8%91%A3%E8%B7%AF%20%E5%AD%99%E7%BB%A7%E6%B5%B7%20%E9%9D%92%E8%AE%AD&sample=04,src_bilibili_04,,2026-06-08T01:00:00.000Z,2026-06-17T12:10:16.494Z,,sha256_platform_case_salt,unknown,true,true,,68,3,0,0,sha256:dc8a5ae21dbf62647e1bf7d6e230cfcef9bea97498bef52cf886bf9e6209900b,sha256:dc8a5ae21dbf62647e1bf7d6e230cfcef9bea97498bef52cf886bf9e6209900b,sha256:affa9f0b686cc5c93d608369f5c0298f9f9dc2a58de06399c2dcfab72c3d8a2d,dup_1cc494ab3fef198e0f41,1,[],public,public,manual_comment_sample,Selected public sample only. Not full-platform coverage. Not full-web coverage. Not full-thread coverage.,"{""asset_id"":""local-snapshot-src_bilibili_04-comment-14-17"",""run_id"":"""",""task_id"":"""",""source_path"":"""",""record_type"":""comment"",""field_score"":0,""keyword"":"""",""entity_ids"":[]}","{""normalized_from"":""opencrawler_local_asset"",""source_record_id"":""local-snapshot-src_bilibili_04-comment-14-17"",""source_type"":""video_platform"",""acquisition_mode"":""manual_url"",""normalized_at"":""2026-06-17T12:10:16.502Z"",""warnings"":[]}",false,false,,unknown,,media_context,children_protection_boundary,unknown,unknown,unknown,unknown,bridge,neutral,media_context_reader,74
sgv1_af101bc194c2683437bd1163,donglu_sunjihai_youth_football_202606,bilibili,video_platform,manual_url,external_agent_assisted,source_url_provided_unverified,medium_low,0.45,review_needed,comment,,,??????????????????????? ??04-18?,zh-CN,https://search.bilibili.com/all?keyword=%E8%91%A3%E8%B7%AF%20%E5%AD%99%E7%BB%A7%E6%B5%B7%20%E9%9D%92%E8%AE%AD&sample=04,https://search.bilibili.com/all?keyword=%E8%91%A3%E8%B7%AF%20%E5%AD%99%E7%BB%A7%E6%B5%B7%20%E9%9D%92%E8%AE%AD&sample=04,src_bilibili_04,,2026-06-09T02:00:00.000Z,2026-06-17T12:10:16.494Z,,sha256_platform_case_salt,unknown,true,true,,72,4,0,0,sha256:605fad969a6fd57993e5d1a683619a70df1964e88dcf460b150c7cebaf92c5bb,sha256:605fad969a6fd57993e5d1a683619a70df1964e88dcf460b150c7cebaf92c5bb,sha256:affa9f0b686cc5c93d608369f5c0298f9f9dc2a58de06399c2dcfab72c3d8a2d,dup_2127356740723b1ac209,1,[],public,public,manual_comment_sample,Selected public sample only. Not full-platform coverage. Not full-web coverage. Not full-thread coverage.,"{""asset_id"":""local-snapshot-src_bilibili_04-comment-14-18"",""run_id"":"""",""task_id"":"""",""source_path"":"""",""record_type"":""comment"",""field_score"":0,""keyword"":"""",""entity_ids"":[]}","{""normalized_from"":""opencrawler_local_asset"",""source_record_id"":""local-snapshot-src_bilibili_04-comment-14-18"",""source_type"":""video_platform"",""acquisition_mode"":""manual_url"",""normalized_at"":""2026-06-17T12:10:16.502Z"",""warnings"":[]}",false,false,,unknown,,extreme_attack_or_trolling,chinese_football_reputation,unknown,unknown,unknown,unknown,isolated_extreme,anger,isolated_extreme_cluster,80
sgv1_e8a0e598013e1839f22a4cc1,donglu_sunjihai_youth_football_202606,bilibili,video_platform,manual_url,external_agent_assisted,source_url_provided_unverified,medium_low,0.45,review_needed,comment,,,??????????????????????? ??05-01?,zh-CN,https://search.bilibili.com/all?keyword=%E8%91%A3%E8%B7%AF%20%E5%AD%99%E7%BB%A7%E6%B5%B7%20%E9%9D%92%E8%AE%AD&sample=05,https://search.bilibili.com/all?keyword=%E8%91%A3%E8%B7%AF%20%E5%AD%99%E7%BB%A7%E6%B5%B7%20%E9%9D%92%E8%AE%AD&sample=05,src_bilibili_05,,2026-06-07T09:00:00.000Z,2026-06-17T12:10:16.495Z,,sha256_platform_case_salt,unknown,true,true,,5,6,0,0,sha256:9b89792e97db7ba778f8b80eef98dbaf04eed44ef7263dcacf1f1d62c27ea4b2,sha256:9b89792e97db7ba778f8b80eef98dbaf04eed44ef7263dcacf1f1d62c27ea4b2,sha256:54dc0de62c3405ee243129a840963b0a8746ddbae231cc1753f8ef5389cd88c1,dup_d1ad67bd90abe5f22666,1,[],public,public,manual_comment_sample,Selected public sample only. Not full-platform coverage. Not full-web coverage. Not full-thread coverage.,"{""asset_id"":""local-snapshot-src_bilibili_05-comment-15-1"",""run_id"":"""",""task_id"":"""",""source_path"":"""",""record_type"":""comment"",""field_score"":0,""keyword"":"""",""entity_ids"":[]}","{""normalized_from"":""opencrawler_local_asset"",""source_record_id"":""local-snapshot-src_bilibili_05-comment-15-1"",""source_type"":""video_platform"",""acquisition_mode"":""manual_url"",""normalized_at"":""2026-06-17T12:10:16.502Z"",""warnings"":[]}",false,false,,unknown,,extreme_attack_or_trolling,contract_or_responsibility_dispute,unknown,unknown,unknown,unknown,isolated_extreme,anger,isolated_extreme_cluster,17
sgv1_6c661f3c65a2683cfd3bdef5,donglu_sunjihai_youth_football_202606,bilibili,video_platform,manual_url,external_agent_assisted,source_url_provided_unverified,medium_low,0.45,review_needed,comment,,,????????????????? ??05-02?,zh-CN,https://search.bilibili.com/all?keyword=%E8%91%A3%E8%B7%AF%20%E5%AD%99%E7%BB%A7%E6%B5%B7%20%E9%9D%92%E8%AE%AD&sample=05,https://search.bilibili.com/all?keyword=%E8%91%A3%E8%B7%AF%20%E5%AD%99%E7%BB%A7%E6%B5%B7%20%E9%9D%92%E8%AE%AD&sample=05,src_bilibili_05,,2026-06-08T10:00:00.000Z,2026-06-17T12:10:16.495Z,,sha256_platform_case_salt,unknown,true,true,,10,7,0,0,sha256:6c0723edbcbe1dd0653ed45213d95f2dcd83744ff03a34d64cefe6250c418529,sha256:6c0723edbcbe1dd0653ed45213d95f2dcd83744ff03a34d64cefe6250c418529,sha256:54dc0de62c3405ee243129a840963b0a8746ddbae231cc1753f8ef5389cd88c1,dup_a8d3d433385984978fbe,1,[],public,public,manual_comment_sample,Selected public sample only. Not full-platform coverage. Not full-web coverage. Not full-thread coverage.,"{""asset_id"":""local-snapshot-src_bilibili_05-comment-15-2"",""run_id"":"""",""task_id"":"""",""source_path"":"""",""record_type"":""comment"",""field_score"":0,""keyword"":"""",""entity_ids"":[]}","{""normalized_from"":""opencrawler_local_asset"",""source_record_id"":""local-snapshot-src_bilibili_05-comment-15-2"",""source_type"":""video_platform"",""acquisition_mode"":""manual_url"",""normalized_at"":""2026-06-17T12:10:16.502Z"",""warnings"":[]}",false,false,,unknown,,unknown,public_response,unknown,unknown,unknown,unknown,unknown,unknown,unknown,24
sgv1_6b52430da907d8efeea70a53,donglu_sunjihai_youth_football_202606,bilibili,video_platform,manual_url,external_agent_assisted,source_url_provided_unverified,medium_low,0.45,review_needed,comment,,,???????????????????????? ??05-03?,zh-CN,https://search.bilibili.com/all?keyword=%E8%91%A3%E8%B7%AF%20%E5%AD%99%E7%BB%A7%E6%B5%B7%20%E9%9D%92%E8%AE%AD&sample=05,https://search.bilibili.com/all?keyword=%E8%91%A3%E8%B7%AF%20%E5%AD%99%E7%BB%A7%E6%B5%B7%20%E9%9D%92%E8%AE%AD&sample=05,src_bilibili_05,,2026-06-09T11:00:00.000Z,2026-06-17T12:10:16.495Z,,sha256_platform_case_salt,unknown,true,true,,15,8,0,0,sha256:c4102fd67ed3e2ae4c2a2047301f52be121be630cc579bfbc8532fe683a23982,sha256:c4102fd67ed3e2ae4c2a2047301f52be121be630cc579bfbc8532fe683a23982,sha256:54dc0de62c3405ee243129a840963b0a8746ddbae231cc1753f8ef5389cd88c1,dup_07954457cb61bb3ebae7,1,[],public,public,manual_comment_sample,Selected public sample only. Not full-platform coverage. Not full-web coverage. Not full-thread coverage.,"{""asset_id"":""local-snapshot-src_bilibili_05-comment-15-3"",""run_id"":"""",""task_id"":"""",""source_path"":"""",""record_type"":""comment"",""field_score"":0,""keyword"":"""",""entity_ids"":[]}","{""normalized_from"":""opencrawler_local_asset"",""source_record_id"":""local-snapshot-src_bilibili_05-comment-15-3"",""source_type"":""video_platform"",""acquisition_mode"":""manual_url"",""normalized_at"":""2026-06-17T12:10:16.502Z"",""warnings"":[]}",false,false,,unknown,,support_donglu_view,media_reframing,unknown,unknown,unknown,unknown,core_support,curiosity,route_supporter_donglu,31
sgv1_e147292974e3d9bbb0621ce4,donglu_sunjihai_youth_football_202606,bilibili,video_platform,manual_url,external_agent_assisted,source_url_provided_unverified,medium_low,0.45,review_needed,comment,,,?????????????????????????? ??05-04?,zh-CN,https://search.bilibili.com/all?keyword=%E8%91%A3%E8%B7%AF%20%E5%AD%99%E7%BB%A7%E6%B5%B7%20%E9%9D%92%E8%AE%AD&sample=05,https://search.bilibili.com/all?keyword=%E8%91%A3%E8%B7%AF%20%E5%AD%99%E7%BB%A7%E6%B5%B7%20%E9%9D%92%E8%AE%AD&sample=05,src_bilibili_05,,2026-06-10T12:00:00.000Z,2026-06-17T12:10:16.495Z,,sha256_platform_case_salt,unknown,true,true,,20,9,0,0,sha256:cb84f4ca7b055e14daa9d08f3d16f1e49abbff399897f9edfa98ffbca6182d6f,sha256:cb84f4ca7b055e14daa9d08f3d16f1e49abbff399897f9edfa98ffbca6182d6f,sha256:54dc0de62c3405ee243129a840963b0a8746ddbae231cc1753f8ef5389cd88c1,dup_09751566ec5f925a2b94,1,[],public,public,manual_comment_sample,Selected public sample only. Not full-platform coverage. Not full-web coverage. Not full-thread coverage.,"{""asset_id"":""local-snapshot-src_bilibili_05-comment-15-4"",""run_id"":"""",""task_id"":"""",""source_path"":"""",""record_type"":""comment"",""field_score"":0,""keyword"":"""",""entity_ids"":[]}","{""normalized_from"":""opencrawler_local_asset"",""source_record_id"":""local-snapshot-src_bilibili_05-comment-15-4"",""source_type"":""video_platform"",""acquisition_mode"":""manual_url"",""normalized_at"":""2026-06-17T12:10:16.502Z"",""warnings"":[]}",false,false,,unknown,,support_sunjihai_view,fan_community_reaction,unknown,unknown,unknown,unknown,core_support,curiosity,route_supporter_sunjihai,38
sgv1_6029eb86f9c97b2bc7507b36,donglu_sunjihai_youth_football_202606,bilibili,video_platform,manual_url,external_agent_assisted,source_url_provided_unverified,medium_low,0.45,review_needed,comment,,,???????????????????????????? ??05-05?,zh-CN,https://search.bilibili.com/all?keyword=%E8%91%A3%E8%B7%AF%20%E5%AD%99%E7%BB%A7%E6%B5%B7%20%E9%9D%92%E8%AE%AD&sample=05,https://search.bilibili.com/all?keyword=%E8%91%A3%E8%B7%AF%20%E5%AD%99%E7%BB%A7%E6%B5%B7%20%E9%9D%92%E8%AE%AD&sample=05,src_bilibili_05,,2026-06-11T13:00:00.000Z,2026-06-17T12:10:16.495Z,,sha256_platform_case_salt,unknown,true,true,,25,10,0,0,sha256:cf40a6691d70f17b7e94505f862ac1c0ed665e6a60d0b04f08cfc11a2d233ea7,sha256:cf40a6691d70f17b7e94505f862ac1c0ed665e6a60d0b04f08cfc11a2d233ea7,sha256:54dc0de62c3405ee243129a840963b0a8746ddbae231cc1753f8ef5389cd88c1,dup_e2cb0237518871375843,1,[],public,public,manual_comment_sample,Selected public sample only. Not full-platform coverage. Not full-web coverage. Not full-thread coverage.,"{""asset_id"":""local-snapshot-src_bilibili_05-comment-15-5"",""run_id"":"""",""task_id"":"""",""source_path"":"""",""record_type"":""comment"",""field_score"":0,""keyword"":"""",""entity_ids"":[]}","{""normalized_from"":""opencrawler_local_asset"",""source_record_id"":""local-snapshot-src_bilibili_05-comment-15-5"",""source_type"":""video_platform"",""acquisition_mode"":""manual_url"",""normalized_at"":""2026-06-17T12:10:16.502Z"",""warnings"":[]}",false,false,,unknown,,neutral_process_focused,children_protection_boundary,unknown,unknown,unknown,unknown,bridge,neutral,process_observer,45
sgv1_9bee77754cbbb020b2912d9a,donglu_sunjihai_youth_football_202606,bilibili,video_platform,manual_url,external_agent_assisted,source_url_provided_unverified,medium_low,0.45,review_needed,comment,,,?????????????????????? ??05-06?,zh-CN,https://search.bilibili.com/all?keyword=%E8%91%A3%E8%B7%AF%20%E5%AD%99%E7%BB%A7%E6%B5%B7%20%E9%9D%92%E8%AE%AD&sample=05,https://search.bilibili.com/all?keyword=%E8%91%A3%E8%B7%AF%20%E5%AD%99%E7%BB%A7%E6%B5%B7%20%E9%9D%92%E8%AE%AD&sample=05,src_bilibili_05,,2026-06-12T14:00:00.000Z,2026-06-17T12:10:16.495Z,,sha256_platform_case_salt,unknown,true,true,,30,11,0,0,sha256:ad85958c85f5e85c75b7a3a400f2f02f2787081f937eb338461a72df79b915f5,sha256:ad85958c85f5e85c75b7a3a400f2f02f2787081f937eb338461a72df79b915f5,sha256:54dc0de62c3405ee243129a840963b0a8746ddbae231cc1753f8ef5389cd88c1,dup_04cf6e7801320135d9f8,1,[],public,public,manual_comment_sample,Selected public sample only. Not full-platform coverage. Not full-web coverage. Not full-thread coverage.,"{""asset_id"":""local-snapshot-src_bilibili_05-comment-15-6"",""run_id"":"""",""task_id"":"""",""source_path"":"""",""record_type"":""comment"",""field_score"":0,""keyword"":"""",""entity_ids"":[]}","{""normalized_from"":""opencrawler_local_asset"",""source_record_id"":""local-snapshot-src_bilibili_05-comment-15-6"",""source_type"":""video_platform"",""acquisition_mode"":""manual_url"",""normalized_at"":""2026-06-17T12:10:16.502Z"",""warnings"":[]}",false,false,,unknown,,youth_training_concern,chinese_football_reputation,unknown,unknown,unknown,unknown,neutral,concern,youth_training_concern_cluster,52
sgv1_eb343a7a50b05c7d62b1d830,donglu_sunjihai_youth_football_202606,bilibili,video_platform,manual_url,external_agent_assisted,source_url_provided_unverified,medium_low,0.45,review_needed,comment,,,???????????????????????? ??05-07?,zh-CN,https://search.bilibili.com/all?keyword=%E8%91%A3%E8%B7%AF%20%E5%AD%99%E7%BB%A7%E6%B5%B7%20%E9%9D%92%E8%AE%AD&sample=05,https://search.bilibili.com/all?keyword=%E8%91%A3%E8%B7%AF%20%E5%AD%99%E7%BB%A7%E6%B5%B7%20%E9%9D%92%E8%AE%AD&sample=05,src_bilibili_05,,2026-06-13T15:00:00.000Z,2026-06-17T12:10:16.495Z,,sha256_platform_case_salt,unknown,true,true,,35,12,0,0,sha256:a3609739a9a01c96f42cbbd723b43f35a49ed3a848251164ab10c33d22c9f96a,sha256:a3609739a9a01c96f42cbbd723b43f35a49ed3a848251164ab10c33d22c9f96a,sha256:54dc0de62c3405ee243129a840963b0a8746ddbae231cc1753f8ef5389cd88c1,dup_23f1f1a1e55de6f0bf3b,1,[],public,public,manual_comment_sample,Selected public sample only. Not full-platform coverage. Not full-web coverage. Not full-thread coverage.,"{""asset_id"":""local-snapshot-src_bilibili_05-comment-15-7"",""run_id"":"""",""task_id"":"""",""source_path"":"""",""record_type"":""comment"",""field_score"":0,""keyword"":"""",""entity_ids"":[]}","{""normalized_from"":""opencrawler_local_asset"",""source_record_id"":""local-snapshot-src_bilibili_05-comment-15-7"",""source_type"":""video_platform"",""acquisition_mode"":""manual_url"",""normalized_at"":""2026-06-17T12:10:16.502Z"",""warnings"":[]}",false,false,,unknown,,anti_conflict_fatigue,platform_discussion,unknown,unknown,unknown,unknown,fatigue,fatigue,fatigue_cluster,59
sgv1_688f3d05d95f37d9bf0f026c,donglu_sunjihai_youth_football_202606,bilibili,video_platform,manual_url,external_agent_assisted,source_url_provided_unverified,medium_low,0.45,review_needed,comment,,,????????????????????????? ??05-08?,zh-CN,https://search.bilibili.com/all?keyword=%E8%91%A3%E8%B7%AF%20%E5%AD%99%E7%BB%A7%E6%B5%B7%20%E9%9D%92%E8%AE%AD&sample=05,https://search.bilibili.com/all?keyword=%E8%91%A3%E8%B7%AF%20%E5%AD%99%E7%BB%A7%E6%B5%B7%20%E9%9D%92%E8%AE%AD&sample=05,src_bilibili_05,,2026-06-14T16:00:00.000Z,2026-06-17T12:10:16.495Z,,sha256_platform_case_salt,unknown,true,true,,40,13,0,0,sha256:de1bcba11b0a4c72c775373698a0414c85f8e2b06096e33ece12d5a27cb0dad4,sha256:de1bcba11b0a4c72c775373698a0414c85f8e2b06096e33ece12d5a27cb0dad4,sha256:54dc0de62c3405ee243129a840963b0a8746ddbae231cc1753f8ef5389cd88c1,dup_0b86209eceffde0a183f,1,[],public,public,manual_comment_sample,Selected public sample only. Not full-platform coverage. Not full-web coverage. Not full-thread coverage.,"{""asset_id"":""local-snapshot-src_bilibili_05-comment-15-8"",""run_id"":"""",""task_id"":"""",""source_path"":"""",""record_type"":""comment"",""field_score"":0,""keyword"":"""",""entity_ids"":[]}","{""normalized_from"":""opencrawler_local_asset"",""source_record_id"":""local-snapshot-src_bilibili_05-comment-15-8"",""source_type"":""video_platform"",""acquisition_mode"":""manual_url"",""normalized_at"":""2026-06-17T12:10:16.502Z"",""warnings"":[]}",false,false,,unknown,,media_context,extreme_cluster_or_trolling,unknown,unknown,unknown,unknown,bridge,neutral,media_context_reader,66
sgv1_fbb59a6aec99201ced7473f0,donglu_sunjihai_youth_football_202606,bilibili,video_platform,manual_url,external_agent_assisted,source_url_provided_unverified,medium_low,0.45,review_needed,comment,,,??????????????????????? ??05-09?,zh-CN,https://search.bilibili.com/all?keyword=%E8%91%A3%E8%B7%AF%20%E5%AD%99%E7%BB%A7%E6%B5%B7%20%E9%9D%92%E8%AE%AD&sample=05,https://search.bilibili.com/all?keyword=%E8%91%A3%E8%B7%AF%20%E5%AD%99%E7%BB%A7%E6%B5%B7%20%E9%9D%92%E8%AE%AD&sample=05,src_bilibili_05,,2026-06-01T17:00:00.000Z,2026-06-17T12:10:16.495Z,,sha256_platform_case_salt,unknown,true,true,,45,14,0,0,sha256:edca4711846df798e189f54db820617e2aba1e7a1980c780d53e4dca074cf212,sha256:edca4711846df798e189f54db820617e2aba1e7a1980c780d53e4dca074cf212,sha256:54dc0de62c3405ee243129a840963b0a8746ddbae231cc1753f8ef5389cd88c1,dup_13dfd4d3f2d6ca97017f,1,[],public,public,manual_comment_sample,Selected public sample only. Not full-platform coverage. Not full-web coverage. Not full-thread coverage.,"{""asset_id"":""local-snapshot-src_bilibili_05-comment-15-9"",""run_id"":"""",""task_id"":"""",""source_path"":"""",""record_type"":""comment"",""field_score"":0,""keyword"":"""",""entity_ids"":[]}","{""normalized_from"":""opencrawler_local_asset"",""source_record_id"":""local-snapshot-src_bilibili_05-comment-15-9"",""source_type"":""video_platform"",""acquisition_mode"":""manual_url"",""normalized_at"":""2026-06-17T12:10:16.502Z"",""warnings"":[]}",false,false,,unknown,,extreme_attack_or_trolling,unknown,unknown,unknown,unknown,unknown,isolated_extreme,anger,isolated_extreme_cluster,73
sgv1_d55d9e71bcd350dcd038f8cc,donglu_sunjihai_youth_football_202606,bilibili,video_platform,manual_url,external_agent_assisted,source_url_provided_unverified,medium_low,0.45,review_needed,comment,,,????????????????????? ??05-10?,zh-CN,https://search.bilibili.com/all?keyword=%E8%91%A3%E8%B7%AF%20%E5%AD%99%E7%BB%A7%E6%B5%B7%20%E9%9D%92%E8%AE%AD&sample=05,https://search.bilibili.com/all?keyword=%E8%91%A3%E8%B7%AF%20%E5%AD%99%E7%BB%A7%E6%B5%B7%20%E9%9D%92%E8%AE%AD&sample=05,src_bilibili_05,,2026-06-02T18:00:00.000Z,2026-06-17T12:10:16.495Z,,sha256_platform_case_salt,unknown,true,true,,50,15,0,0,sha256:9d727946be0189027b523685a7664e8011fd0cd40e8a6f235623615212fce03f,sha256:9d727946be0189027b523685a7664e8011fd0cd40e8a6f235623615212fce03f,sha256:54dc0de62c3405ee243129a840963b0a8746ddbae231cc1753f8ef5389cd88c1,dup_5c1c1ac2e8602833acf5,1,[],public,public,manual_comment_sample,Selected public sample only. Not full-platform coverage. Not full-web coverage. Not full-thread coverage.,"{""asset_id"":""local-snapshot-src_bilibili_05-comment-15-10"",""run_id"":"""",""task_id"":"""",""source_path"":"""",""record_type"":""comment"",""field_score"":0,""keyword"":"""",""entity_ids"":[]}","{""normalized_from"":""opencrawler_local_asset"",""source_record_id"":""local-snapshot-src_bilibili_05-comment-15-10"",""source_type"":""video_platform"",""acquisition_mode"":""manual_url"",""normalized_at"":""2026-06-17T12:10:16.502Z"",""warnings"":[]}",false,false,,unknown,,unknown,youth_training_model,unknown,unknown,unknown,unknown,unknown,unknown,unknown,80
sgv1_b9ad5a288e29c51cb30adc25,donglu_sunjihai_youth_football_202606,bilibili,video_platform,manual_url,external_agent_assisted,source_url_provided_unverified,medium_low,0.45,review_needed,comment,,,??????????????????????????? ??05-11?,zh-CN,https://search.bilibili.com/all?keyword=%E8%91%A3%E8%B7%AF%20%E5%AD%99%E7%BB%A7%E6%B5%B7%20%E9%9D%92%E8%AE%AD&sample=05,https://search.bilibili.com/all?keyword=%E8%91%A3%E8%B7%AF%20%E5%AD%99%E7%BB%A7%E6%B5%B7%20%E9%9D%92%E8%AE%AD&sample=05,src_bilibili_05,,2026-06-03T19:00:00.000Z,2026-06-17T12:10:16.495Z,,sha256_platform_case_salt,unknown,true,true,,55,16,0,0,sha256:d78bef318debeeb3395778359cac6cd1e27b1f34ebcd9291f065657143f0114b,sha256:d78bef318debeeb3395778359cac6cd1e27b1f34ebcd9291f065657143f0114b,sha256:54dc0de62c3405ee243129a840963b0a8746ddbae231cc1753f8ef5389cd88c1,dup_44c39962e1986c4f956a,1,[],public,public,manual_comment_sample,Selected public sample only. Not full-platform coverage. Not full-web coverage. Not full-thread coverage.,"{""asset_id"":""local-snapshot-src_bilibili_05-comment-15-11"",""run_id"":"""",""task_id"":"""",""source_path"":"""",""record_type"":""comment"",""field_score"":0,""keyword"":"""",""entity_ids"":[]}","{""normalized_from"":""opencrawler_local_asset"",""source_record_id"":""local-snapshot-src_bilibili_05-comment-15-11"",""source_type"":""video_platform"",""acquisition_mode"":""manual_url"",""normalized_at"":""2026-06-17T12:10:16.502Z"",""warnings"":[]}",false,false,,unknown,,support_donglu_view,contract_or_responsibility_dispute,unknown,unknown,unknown,unknown,core_support,curiosity,route_supporter_donglu,87
sgv1_2747a6fc13aa44323668f1bc,donglu_sunjihai_youth_football_202606,bilibili,video_platform,manual_url,external_agent_assisted,source_url_provided_unverified,medium_low,0.45,review_needed,comment,,,?????????????????????? ??05-12?,zh-CN,https://search.bilibili.com/all?keyword=%E8%91%A3%E8%B7%AF%20%E5%AD%99%E7%BB%A7%E6%B5%B7%20%E9%9D%92%E8%AE%AD&sample=05,https://search.bilibili.com/all?keyword=%E8%91%A3%E8%B7%AF%20%E5%AD%99%E7%BB%A7%E6%B5%B7%20%E9%9D%92%E8%AE%AD&sample=05,src_bilibili_05,,2026-06-04T20:00:00.000Z,2026-06-17T12:10:16.495Z,,sha256_platform_case_salt,unknown,true,true,,60,17,0,0,sha256:92d1cf8daf442823b4bfcbc822c33704d95b88075c7180160facc4175f98074b,sha256:92d1cf8daf442823b4bfcbc822c33704d95b88075c7180160facc4175f98074b,sha256:54dc0de62c3405ee243129a840963b0a8746ddbae231cc1753f8ef5389cd88c1,dup_4c00f4fe01947bb3dc0c,1,[],public,public,manual_comment_sample,Selected public sample only. Not full-platform coverage. Not full-web coverage. Not full-thread coverage.,"{""asset_id"":""local-snapshot-src_bilibili_05-comment-15-12"",""run_id"":"""",""task_id"":"""",""source_path"":"""",""record_type"":""comment"",""field_score"":0,""keyword"":"""",""entity_ids"":[]}","{""normalized_from"":""opencrawler_local_asset"",""source_record_id"":""local-snapshot-src_bilibili_05-comment-15-12"",""source_type"":""video_platform"",""acquisition_mode"":""manual_url"",""normalized_at"":""2026-06-17T12:10:16.502Z"",""warnings"":[]}",false,false,,unknown,,support_sunjihai_view,public_response,unknown,unknown,unknown,unknown,core_support,curiosity,route_supporter_sunjihai,94
sgv1_3749a8f479bea445f0f2c83f,donglu_sunjihai_youth_football_202606,bilibili,video_platform,manual_url,external_agent_assisted,source_url_provided_unverified,medium_low,0.45,review_needed,comment,,,??????????????????????????? ??05-13?,zh-CN,https://search.bilibili.com/all?keyword=%E8%91%A3%E8%B7%AF%20%E5%AD%99%E7%BB%A7%E6%B5%B7%20%E9%9D%92%E8%AE%AD&sample=05,https://search.bilibili.com/all?keyword=%E8%91%A3%E8%B7%AF%20%E5%AD%99%E7%BB%A7%E6%B5%B7%20%E9%9D%92%E8%AE%AD&sample=05,src_bilibili_05,,2026-06-05T21:00:00.000Z,2026-06-17T12:10:16.495Z,,sha256_platform_case_salt,unknown,true,true,,65,0,0,0,sha256:b3f0d8968b089aa69f64ae4382775cf5a91f39379ad63b83761a354ff2699b40,sha256:b3f0d8968b089aa69f64ae4382775cf5a91f39379ad63b83761a354ff2699b40,sha256:54dc0de62c3405ee243129a840963b0a8746ddbae231cc1753f8ef5389cd88c1,dup_031128221827c33d6dd0,1,[],public,public,manual_comment_sample,Selected public sample only. Not full-platform coverage. Not full-web coverage. Not full-thread coverage.,"{""asset_id"":""local-snapshot-src_bilibili_05-comment-15-13"",""run_id"":"""",""task_id"":"""",""source_path"":"""",""record_type"":""comment"",""field_score"":0,""keyword"":"""",""entity_ids"":[]}","{""normalized_from"":""opencrawler_local_asset"",""source_record_id"":""local-snapshot-src_bilibili_05-comment-15-13"",""source_type"":""video_platform"",""acquisition_mode"":""manual_url"",""normalized_at"":""2026-06-17T12:10:16.502Z"",""warnings"":[]}",false,false,,unknown,,neutral_process_focused,media_reframing,unknown,unknown,unknown,unknown,bridge,neutral,process_observer,65
sgv1_31fcd712f4e634ffb19a6758,donglu_sunjihai_youth_football_202606,bilibili,video_platform,manual_url,external_agent_assisted,source_url_provided_unverified,medium_low,0.45,review_needed,comment,,,?????????????????????????? ??05-14?,zh-CN,https://search.bilibili.com/all?keyword=%E8%91%A3%E8%B7%AF%20%E5%AD%99%E7%BB%A7%E6%B5%B7%20%E9%9D%92%E8%AE%AD&sample=05,https://search.bilibili.com/all?keyword=%E8%91%A3%E8%B7%AF%20%E5%AD%99%E7%BB%A7%E6%B5%B7%20%E9%9D%92%E8%AE%AD&sample=05,src_bilibili_05,,2026-06-06T22:00:00.000Z,2026-06-17T12:10:16.495Z,,sha256_platform_case_salt,unknown,true,true,,70,1,0,0,sha256:16b70533f1b995c637f90c8a991681138a28e3ea8b3e9ba94ed749409d717f43,sha256:16b70533f1b995c637f90c8a991681138a28e3ea8b3e9ba94ed749409d717f43,sha256:54dc0de62c3405ee243129a840963b0a8746ddbae231cc1753f8ef5389cd88c1,dup_e7cc91c8df4586c00f24,1,[],public,public,manual_comment_sample,Selected public sample only. Not full-platform coverage. Not full-web coverage. Not full-thread coverage.,"{""asset_id"":""local-snapshot-src_bilibili_05-comment-15-14"",""run_id"":"""",""task_id"":"""",""source_path"":"""",""record_type"":""comment"",""field_score"":0,""keyword"":"""",""entity_ids"":[]}","{""normalized_from"":""opencrawler_local_asset"",""source_record_id"":""local-snapshot-src_bilibili_05-comment-15-14"",""source_type"":""video_platform"",""acquisition_mode"":""manual_url"",""normalized_at"":""2026-06-17T12:10:16.502Z"",""warnings"":[]}",false,false,,unknown,,youth_training_concern,fan_community_reaction,unknown,unknown,unknown,unknown,neutral,concern,youth_training_concern_cluster,72
sgv1_34e5185240b8a836a2bd3816,donglu_sunjihai_youth_football_202606,bilibili,video_platform,manual_url,external_agent_assisted,source_url_provided_unverified,medium_low,0.45,review_needed,comment,,,?????????????????????? ??05-15?,zh-CN,https://search.bilibili.com/all?keyword=%E8%91%A3%E8%B7%AF%20%E5%AD%99%E7%BB%A7%E6%B5%B7%20%E9%9D%92%E8%AE%AD&sample=05,https://search.bilibili.com/all?keyword=%E8%91%A3%E8%B7%AF%20%E5%AD%99%E7%BB%A7%E6%B5%B7%20%E9%9D%92%E8%AE%AD&sample=05,src_bilibili_05,,2026-06-07T23:00:00.000Z,2026-06-17T12:10:16.495Z,,sha256_platform_case_salt,unknown,true,true,,75,2,0,0,sha256:a5d41eb94c791d52c383eb338f1eebe7a3f58c2f7540d72513f21de787cfbea5,sha256:a5d41eb94c791d52c383eb338f1eebe7a3f58c2f7540d72513f21de787cfbea5,sha256:54dc0de62c3405ee243129a840963b0a8746ddbae231cc1753f8ef5389cd88c1,dup_75b1a6a20ad7b7bf0650,1,[],public,public,manual_comment_sample,Selected public sample only. Not full-platform coverage. Not full-web coverage. Not full-thread coverage.,"{""asset_id"":""local-snapshot-src_bilibili_05-comment-15-15"",""run_id"":"""",""task_id"":"""",""source_path"":"""",""record_type"":""comment"",""field_score"":0,""keyword"":"""",""entity_ids"":[]}","{""normalized_from"":""opencrawler_local_asset"",""source_record_id"":""local-snapshot-src_bilibili_05-comment-15-15"",""source_type"":""video_platform"",""acquisition_mode"":""manual_url"",""normalized_at"":""2026-06-17T12:10:16.502Z"",""warnings"":[]}",false,false,,unknown,,anti_conflict_fatigue,children_protection_boundary,unknown,unknown,unknown,unknown,fatigue,fatigue,fatigue_cluster,79
sgv1_d4cc03a3b05ffe9c4cb6ef36,donglu_sunjihai_youth_football_202606,bilibili,video_platform,manual_url,external_agent_assisted,source_url_provided_unverified,medium_low,0.45,review_needed,comment,,,???????????????????????? ??05-16?,zh-CN,https://search.bilibili.com/all?keyword=%E8%91%A3%E8%B7%AF%20%E5%AD%99%E7%BB%A7%E6%B5%B7%20%E9%9D%92%E8%AE%AD&sample=05,https://search.bilibili.com/all?keyword=%E8%91%A3%E8%B7%AF%20%E5%AD%99%E7%BB%A7%E6%B5%B7%20%E9%9D%92%E8%AE%AD&sample=05,src_bilibili_05,,2026-06-08T00:00:00.000Z,2026-06-17T12:10:16.495Z,,sha256_platform_case_salt,unknown,true,true,,80,3,0,0,sha256:ffaf1741c7161cf6a8e6042ff0770a074ca57a36e778fb690b2b47dd1bd6867a,sha256:ffaf1741c7161cf6a8e6042ff0770a074ca57a36e778fb690b2b47dd1bd6867a,sha256:54dc0de62c3405ee243129a840963b0a8746ddbae231cc1753f8ef5389cd88c1,dup_b09d381d8c1076a3767c,1,[],public,public,manual_comment_sample,Selected public sample only. Not full-platform coverage. Not full-web coverage. Not full-thread coverage.,"{""asset_id"":""local-snapshot-src_bilibili_05-comment-15-16"",""run_id"":"""",""task_id"":"""",""source_path"":"""",""record_type"":""comment"",""field_score"":0,""keyword"":"""",""entity_ids"":[]}","{""normalized_from"":""opencrawler_local_asset"",""source_record_id"":""local-snapshot-src_bilibili_05-comment-15-16"",""source_type"":""video_platform"",""acquisition_mode"":""manual_url"",""normalized_at"":""2026-06-17T12:10:16.502Z"",""warnings"":[]}",false,false,,unknown,,media_context,chinese_football_reputation,unknown,unknown,unknown,unknown,bridge,neutral,media_context_reader,86
sgv1_074952c81c58c519e92ca9c2,donglu_sunjihai_youth_football_202606,bilibili,video_platform,manual_url,external_agent_assisted,source_url_provided_unverified,medium_low,0.45,review_needed,comment,,,??????????????????????? ??05-17?,zh-CN,https://search.bilibili.com/all?keyword=%E8%91%A3%E8%B7%AF%20%E5%AD%99%E7%BB%A7%E6%B5%B7%20%E9%9D%92%E8%AE%AD&sample=05,https://search.bilibili.com/all?keyword=%E8%91%A3%E8%B7%AF%20%E5%AD%99%E7%BB%A7%E6%B5%B7%20%E9%9D%92%E8%AE%AD&sample=05,src_bilibili_05,,2026-06-09T01:00:00.000Z,2026-06-17T12:10:16.495Z,,sha256_platform_case_salt,unknown,true,true,,85,4,0,0,sha256:0b5160a325ad2dc4ee46bce91d7835756dad45a040c694dd55d35e50c64583dc,sha256:0b5160a325ad2dc4ee46bce91d7835756dad45a040c694dd55d35e50c64583dc,sha256:54dc0de62c3405ee243129a840963b0a8746ddbae231cc1753f8ef5389cd88c1,dup_c6d6daeb2b2b8af23cd3,1,[],public,public,manual_comment_sample,Selected public sample only. Not full-platform coverage. Not full-web coverage. Not full-thread coverage.,"{""asset_id"":""local-snapshot-src_bilibili_05-comment-15-17"",""run_id"":"""",""task_id"":"""",""source_path"":"""",""record_type"":""comment"",""field_score"":0,""keyword"":"""",""entity_ids"":[]}","{""normalized_from"":""opencrawler_local_asset"",""source_record_id"":""local-snapshot-src_bilibili_05-comment-15-17"",""source_type"":""video_platform"",""acquisition_mode"":""manual_url"",""normalized_at"":""2026-06-17T12:10:16.502Z"",""warnings"":[]}",false,false,,unknown,,extreme_attack_or_trolling,platform_discussion,unknown,unknown,unknown,unknown,isolated_extreme,anger,isolated_extreme_cluster,93
sgv1_d92836178dbc2e5ad7099083,donglu_sunjihai_youth_football_202606,bilibili,video_platform,manual_url,external_agent_assisted,source_url_provided_unverified,medium_low,0.45,review_needed,comment,,,???????????????? ??05-18?,zh-CN,https://search.bilibili.com/all?keyword=%E8%91%A3%E8%B7%AF%20%E5%AD%99%E7%BB%A7%E6%B5%B7%20%E9%9D%92%E8%AE%AD&sample=05,https://search.bilibili.com/all?keyword=%E8%91%A3%E8%B7%AF%20%E5%AD%99%E7%BB%A7%E6%B5%B7%20%E9%9D%92%E8%AE%AD&sample=05,src_bilibili_05,,2026-06-10T02:00:00.000Z,2026-06-17T12:10:16.495Z,,sha256_platform_case_salt,unknown,true,true,,90,5,0,0,sha256:9aae2da0f94e795867c88837150a05f7484c349e6c928230fecc2bf8aa3e378d,sha256:9aae2da0f94e795867c88837150a05f7484c349e6c928230fecc2bf8aa3e378d,sha256:54dc0de62c3405ee243129a840963b0a8746ddbae231cc1753f8ef5389cd88c1,dup_151aede24771d4b4853e,1,[],public,public,manual_comment_sample,Selected public sample only. Not full-platform coverage. Not full-web coverage. Not full-thread coverage.,"{""asset_id"":""local-snapshot-src_bilibili_05-comment-15-18"",""run_id"":"""",""task_id"":"""",""source_path"":"""",""record_type"":""comment"",""field_score"":0,""keyword"":"""",""entity_ids"":[]}","{""normalized_from"":""opencrawler_local_asset"",""source_record_id"":""local-snapshot-src_bilibili_05-comment-15-18"",""source_type"":""video_platform"",""acquisition_mode"":""manual_url"",""normalized_at"":""2026-06-17T12:10:16.502Z"",""warnings"":[]}",false,false,,unknown,,unknown,extreme_cluster_or_trolling,unknown,unknown,unknown,unknown,unknown,unknown,unknown,100
sgv1_7b052b231b6540d0d67b2e06,donglu_sunjihai_youth_football_202606,bilibili,video_platform,manual_url,external_agent_assisted,source_url_provided_unverified,medium_low,0.45,review_needed,comment,,,????????????????? ??06-01?,zh-CN,https://search.bilibili.com/all?keyword=%E8%91%A3%E8%B7%AF%20%E5%AD%99%E7%BB%A7%E6%B5%B7%20%E9%9D%92%E8%AE%AD&sample=06,https://search.bilibili.com/all?keyword=%E8%91%A3%E8%B7%AF%20%E5%AD%99%E7%BB%A7%E6%B5%B7%20%E9%9D%92%E8%AE%AD&sample=06,src_bilibili_06,,2026-06-08T09:00:00.000Z,2026-06-17T12:10:16.495Z,,sha256_platform_case_salt,unknown,true,true,,6,7,0,0,sha256:bd51e3374dfecda51726bf91ebfaf6c49362f3f40dc65a558413869bf700b2e2,sha256:bd51e3374dfecda51726bf91ebfaf6c49362f3f40dc65a558413869bf700b2e2,sha256:f6df28619ed94cdfdb51d48931580b9919a710cf6560b10f273c2f12d755631e,dup_c90d71a8c322c61821b8,1,[],public,public,manual_comment_sample,Selected public sample only. Not full-platform coverage. Not full-web coverage. Not full-thread coverage.,"{""asset_id"":""local-snapshot-src_bilibili_06-comment-16-1"",""run_id"":"""",""task_id"":"""",""source_path"":"""",""record_type"":""comment"",""field_score"":0,""keyword"":"""",""entity_ids"":[]}","{""normalized_from"":""opencrawler_local_asset"",""source_record_id"":""local-snapshot-src_bilibili_06-comment-16-1"",""source_type"":""video_platform"",""acquisition_mode"":""manual_url"",""normalized_at"":""2026-06-17T12:10:16.502Z"",""warnings"":[]}",false,false,,unknown,,unknown,media_reframing,unknown,unknown,unknown,unknown,unknown,unknown,unknown,20
sgv1_005dbbf39a3a2c88a737cdd8,donglu_sunjihai_youth_football_202606,bilibili,video_platform,manual_url,external_agent_assisted,source_url_provided_unverified,medium_low,0.45,review_needed,comment,,,???????????????????????? ??06-02?,zh-CN,https://search.bilibili.com/all?keyword=%E8%91%A3%E8%B7%AF%20%E5%AD%99%E7%BB%A7%E6%B5%B7%20%E9%9D%92%E8%AE%AD&sample=06,https://search.bilibili.com/all?keyword=%E8%91%A3%E8%B7%AF%20%E5%AD%99%E7%BB%A7%E6%B5%B7%20%E9%9D%92%E8%AE%AD&sample=06,src_bilibili_06,,2026-06-09T10:00:00.000Z,2026-06-17T12:10:16.495Z,,sha256_platform_case_salt,unknown,true,true,,12,8,0,0,sha256:b13b249235e7eaa8feb71f76dc17efb517831a76f5db664fd153b7114ad90e70,sha256:b13b249235e7eaa8feb71f76dc17efb517831a76f5db664fd153b7114ad90e70,sha256:f6df28619ed94cdfdb51d48931580b9919a710cf6560b10f273c2f12d755631e,dup_6b0a2a83452fa29dacb7,1,[],public,public,manual_comment_sample,Selected public sample only. Not full-platform coverage. Not full-web coverage. Not full-thread coverage.,"{""asset_id"":""local-snapshot-src_bilibili_06-comment-16-2"",""run_id"":"""",""task_id"":"""",""source_path"":"""",""record_type"":""comment"",""field_score"":0,""keyword"":"""",""entity_ids"":[]}","{""normalized_from"":""opencrawler_local_asset"",""source_record_id"":""local-snapshot-src_bilibili_06-comment-16-2"",""source_type"":""video_platform"",""acquisition_mode"":""manual_url"",""normalized_at"":""2026-06-17T12:10:16.502Z"",""warnings"":[]}",false,false,,unknown,,support_donglu_view,fan_community_reaction,unknown,unknown,unknown,unknown,core_support,curiosity,route_supporter_donglu,28
sgv1_a4ecae47074e5d81b843c7be,donglu_sunjihai_youth_football_202606,bilibili,video_platform,manual_url,external_agent_assisted,source_url_provided_unverified,medium_low,0.45,review_needed,comment,,,?????????????????????????? ??06-03?,zh-CN,https://search.bilibili.com/all?keyword=%E8%91%A3%E8%B7%AF%20%E5%AD%99%E7%BB%A7%E6%B5%B7%20%E9%9D%92%E8%AE%AD&sample=06,https://search.bilibili.com/all?keyword=%E8%91%A3%E8%B7%AF%20%E5%AD%99%E7%BB%A7%E6%B5%B7%20%E9%9D%92%E8%AE%AD&sample=06,src_bilibili_06,,2026-06-10T11:00:00.000Z,2026-06-17T12:10:16.495Z,,sha256_platform_case_salt,unknown,true,true,,18,9,0,0,sha256:c838dc3c8e69f71914e47475b49410a1d87b8fa127b1a7d2c59df8acd4b253b3,sha256:c838dc3c8e69f71914e47475b49410a1d87b8fa127b1a7d2c59df8acd4b253b3,sha256:f6df28619ed94cdfdb51d48931580b9919a710cf6560b10f273c2f12d755631e,dup_3096eab0738ecb26fcca,1,[],public,public,manual_comment_sample,Selected public sample only. Not full-platform coverage. Not full-web coverage. Not full-thread coverage.,"{""asset_id"":""local-snapshot-src_bilibili_06-comment-16-3"",""run_id"":"""",""task_id"":"""",""source_path"":"""",""record_type"":""comment"",""field_score"":0,""keyword"":"""",""entity_ids"":[]}","{""normalized_from"":""opencrawler_local_asset"",""source_record_id"":""local-snapshot-src_bilibili_06-comment-16-3"",""source_type"":""video_platform"",""acquisition_mode"":""manual_url"",""normalized_at"":""2026-06-17T12:10:16.502Z"",""warnings"":[]}",false,false,,unknown,,support_sunjihai_view,children_protection_boundary,unknown,unknown,unknown,unknown,core_support,curiosity,route_supporter_sunjihai,36
sgv1_ce632d2600409aa0abf230d0,donglu_sunjihai_youth_football_202606,bilibili,video_platform,manual_url,external_agent_assisted,source_url_provided_unverified,medium_low,0.45,review_needed,comment,,,???????????????????????????? ??06-04?,zh-CN,https://search.bilibili.com/all?keyword=%E8%91%A3%E8%B7%AF%20%E5%AD%99%E7%BB%A7%E6%B5%B7%20%E9%9D%92%E8%AE%AD&sample=06,https://search.bilibili.com/all?keyword=%E8%91%A3%E8%B7%AF%20%E5%AD%99%E7%BB%A7%E6%B5%B7%20%E9%9D%92%E8%AE%AD&sample=06,src_bilibili_06,,2026-06-11T12:00:00.000Z,2026-06-17T12:10:16.495Z,,sha256_platform_case_salt,unknown,true,true,,24,10,0,0,sha256:7eedb579d611eac10298e59fe17bd976391a77c499d3ad2912eec50cbda83190,sha256:7eedb579d611eac10298e59fe17bd976391a77c499d3ad2912eec50cbda83190,sha256:f6df28619ed94cdfdb51d48931580b9919a710cf6560b10f273c2f12d755631e,dup_bd25f7e9ca246a84b470,1,[],public,public,manual_comment_sample,Selected public sample only. Not full-platform coverage. Not full-web coverage. Not full-thread coverage.,"{""asset_id"":""local-snapshot-src_bilibili_06-comment-16-4"",""run_id"":"""",""task_id"":"""",""source_path"":"""",""record_type"":""comment"",""field_score"":0,""keyword"":"""",""entity_ids"":[]}","{""normalized_from"":""opencrawler_local_asset"",""source_record_id"":""local-snapshot-src_bilibili_06-comment-16-4"",""source_type"":""video_platform"",""acquisition_mode"":""manual_url"",""normalized_at"":""2026-06-17T12:10:16.502Z"",""warnings"":[]}",false,false,,unknown,,neutral_process_focused,chinese_football_reputation,unknown,unknown,unknown,unknown,bridge,neutral,process_observer,44
sgv1_88b128fa9ff8cb61f939925b,donglu_sunjihai_youth_football_202606,bilibili,video_platform,manual_url,external_agent_assisted,source_url_provided_unverified,medium_low,0.45,review_needed,comment,,,?????????????????????? ??06-05?,zh-CN,https://search.bilibili.com/all?keyword=%E8%91%A3%E8%B7%AF%20%E5%AD%99%E7%BB%A7%E6%B5%B7%20%E9%9D%92%E8%AE%AD&sample=06,https://search.bilibili.com/all?keyword=%E8%91%A3%E8%B7%AF%20%E5%AD%99%E7%BB%A7%E6%B5%B7%20%E9%9D%92%E8%AE%AD&sample=06,src_bilibili_06,,2026-06-12T13:00:00.000Z,2026-06-17T12:10:16.495Z,,sha256_platform_case_salt,unknown,true,true,,30,11,0,0,sha256:fac005f6add7bb527138ec9197bad792da68e49b407b89273c3e4684b444d2ed,sha256:fac005f6add7bb527138ec9197bad792da68e49b407b89273c3e4684b444d2ed,sha256:f6df28619ed94cdfdb51d48931580b9919a710cf6560b10f273c2f12d755631e,dup_323b965e65d7efd5ecc8,1,[],public,public,manual_comment_sample,Selected public sample only. Not full-platform coverage. Not full-web coverage. Not full-thread coverage.,"{""asset_id"":""local-snapshot-src_bilibili_06-comment-16-5"",""run_id"":"""",""task_id"":"""",""source_path"":"""",""record_type"":""comment"",""field_score"":0,""keyword"":"""",""entity_ids"":[]}","{""normalized_from"":""opencrawler_local_asset"",""source_record_id"":""local-snapshot-src_bilibili_06-comment-16-5"",""source_type"":""video_platform"",""acquisition_mode"":""manual_url"",""normalized_at"":""2026-06-17T12:10:16.502Z"",""warnings"":[]}",false,false,,unknown,,youth_training_concern,platform_discussion,unknown,unknown,unknown,unknown,neutral,concern,youth_training_concern_cluster,52
sgv1_84672552fadb65895ad5f63f,donglu_sunjihai_youth_football_202606,bilibili,video_platform,manual_url,external_agent_assisted,source_url_provided_unverified,medium_low,0.45,review_needed,comment,,,???????????????????????? ??06-06?,zh-CN,https://search.bilibili.com/all?keyword=%E8%91%A3%E8%B7%AF%20%E5%AD%99%E7%BB%A7%E6%B5%B7%20%E9%9D%92%E8%AE%AD&sample=06,https://search.bilibili.com/all?keyword=%E8%91%A3%E8%B7%AF%20%E5%AD%99%E7%BB%A7%E6%B5%B7%20%E9%9D%92%E8%AE%AD&sample=06,src_bilibili_06,,2026-06-13T14:00:00.000Z,2026-06-17T12:10:16.495Z,,sha256_platform_case_salt,unknown,true,true,,36,12,0,0,sha256:64eef55ae5364758a8aaf406a878563d83e6b48288331f42f121e172749a7872,sha256:64eef55ae5364758a8aaf406a878563d83e6b48288331f42f121e172749a7872,sha256:f6df28619ed94cdfdb51d48931580b9919a710cf6560b10f273c2f12d755631e,dup_3dc3cda92f7a49ad1149,1,[],public,public,manual_comment_sample,Selected public sample only. Not full-platform coverage. Not full-web coverage. Not full-thread coverage.,"{""asset_id"":""local-snapshot-src_bilibili_06-comment-16-6"",""run_id"":"""",""task_id"":"""",""source_path"":"""",""record_type"":""comment"",""field_score"":0,""keyword"":"""",""entity_ids"":[]}","{""normalized_from"":""opencrawler_local_asset"",""source_record_id"":""local-snapshot-src_bilibili_06-comment-16-6"",""source_type"":""video_platform"",""acquisition_mode"":""manual_url"",""normalized_at"":""2026-06-17T12:10:16.502Z"",""warnings"":[]}",false,false,,unknown,,anti_conflict_fatigue,extreme_cluster_or_trolling,unknown,unknown,unknown,unknown,fatigue,fatigue,fatigue_cluster,60
sgv1_5df3023eaa59021cf956bb0a,donglu_sunjihai_youth_football_202606,bilibili,video_platform,manual_url,external_agent_assisted,source_url_provided_unverified,medium_low,0.45,review_needed,comment,,,????????????????????????? ??06-07?,zh-CN,https://search.bilibili.com/all?keyword=%E8%91%A3%E8%B7%AF%20%E5%AD%99%E7%BB%A7%E6%B5%B7%20%E9%9D%92%E8%AE%AD&sample=06,https://search.bilibili.com/all?keyword=%E8%91%A3%E8%B7%AF%20%E5%AD%99%E7%BB%A7%E6%B5%B7%20%E9%9D%92%E8%AE%AD&sample=06,src_bilibili_06,,2026-06-14T15:00:00.000Z,2026-06-17T12:10:16.495Z,,sha256_platform_case_salt,unknown,true,true,,42,13,0,0,sha256:68aac3e573bcd525c6bb7aa68cd8375bc4e4073e281d30d01b88b7ac75347f55,sha256:68aac3e573bcd525c6bb7aa68cd8375bc4e4073e281d30d01b88b7ac75347f55,sha256:f6df28619ed94cdfdb51d48931580b9919a710cf6560b10f273c2f12d755631e,dup_23c9cae270141b87e09b,1,[],public,public,manual_comment_sample,Selected public sample only. Not full-platform coverage. Not full-web coverage. Not full-thread coverage.,"{""asset_id"":""local-snapshot-src_bilibili_06-comment-16-7"",""run_id"":"""",""task_id"":"""",""source_path"":"""",""record_type"":""comment"",""field_score"":0,""keyword"":"""",""entity_ids"":[]}","{""normalized_from"":""opencrawler_local_asset"",""source_record_id"":""local-snapshot-src_bilibili_06-comment-16-7"",""source_type"":""video_platform"",""acquisition_mode"":""manual_url"",""normalized_at"":""2026-06-17T12:10:16.502Z"",""warnings"":[]}",false,false,,unknown,,media_context,unknown,unknown,unknown,unknown,unknown,bridge,neutral,media_context_reader,68
sgv1_00f34caf75e6cb45ace7816c,donglu_sunjihai_youth_football_202606,bilibili,video_platform,manual_url,external_agent_assisted,source_url_provided_unverified,medium_low,0.45,review_needed,comment,,,??????????????????????? ??06-08?,zh-CN,https://search.bilibili.com/all?keyword=%E8%91%A3%E8%B7%AF%20%E5%AD%99%E7%BB%A7%E6%B5%B7%20%E9%9D%92%E8%AE%AD&sample=06,https://search.bilibili.com/all?keyword=%E8%91%A3%E8%B7%AF%20%E5%AD%99%E7%BB%A7%E6%B5%B7%20%E9%9D%92%E8%AE%AD&sample=06,src_bilibili_06,,2026-06-01T16:00:00.000Z,2026-06-17T12:10:16.495Z,,sha256_platform_case_salt,unknown,true,true,,48,14,0,0,sha256:cee63569eaab5dca4cacd56038db22c7837c16c02d109136ef55b531a6914758,sha256:cee63569eaab5dca4cacd56038db22c7837c16c02d109136ef55b531a6914758,sha256:f6df28619ed94cdfdb51d48931580b9919a710cf6560b10f273c2f12d755631e,dup_2f48ab285ebbcb574fcf,1,[],public,public,manual_comment_sample,Selected public sample only. Not full-platform coverage. Not full-web coverage. Not full-thread coverage.,"{""asset_id"":""local-snapshot-src_bilibili_06-comment-16-8"",""run_id"":"""",""task_id"":"""",""source_path"":"""",""record_type"":""comment"",""field_score"":0,""keyword"":"""",""entity_ids"":[]}","{""normalized_from"":""opencrawler_local_asset"",""source_record_id"":""local-snapshot-src_bilibili_06-comment-16-8"",""source_type"":""video_platform"",""acquisition_mode"":""manual_url"",""normalized_at"":""2026-06-17T12:10:16.502Z"",""warnings"":[]}",false,false,,unknown,,extreme_attack_or_trolling,youth_training_model,unknown,unknown,unknown,unknown,isolated_extreme,anger,isolated_extreme_cluster,76
sgv1_46577d4170d32617c11c7665,donglu_sunjihai_youth_football_202606,bilibili,video_platform,manual_url,external_agent_assisted,source_url_provided_unverified,medium_low,0.45,review_needed,comment,,,????????????????????? ??06-09?,zh-CN,https://search.bilibili.com/all?keyword=%E8%91%A3%E8%B7%AF%20%E5%AD%99%E7%BB%A7%E6%B5%B7%20%E9%9D%92%E8%AE%AD&sample=06,https://search.bilibili.com/all?keyword=%E8%91%A3%E8%B7%AF%20%E5%AD%99%E7%BB%A7%E6%B5%B7%20%E9%9D%92%E8%AE%AD&sample=06,src_bilibili_06,,2026-06-02T17:00:00.000Z,2026-06-17T12:10:16.495Z,,sha256_platform_case_salt,unknown,true,true,,54,15,0,0,sha256:bee8453b8a85651352e35539024b0ba1795fee3923f79ba80b7308a69fc885ff,sha256:bee8453b8a85651352e35539024b0ba1795fee3923f79ba80b7308a69fc885ff,sha256:f6df28619ed94cdfdb51d48931580b9919a710cf6560b10f273c2f12d755631e,dup_73047f5503ea13e0fc2d,1,[],public,public,manual_comment_sample,Selected public sample only. Not full-platform coverage. Not full-web coverage. Not full-thread coverage.,"{""asset_id"":""local-snapshot-src_bilibili_06-comment-16-9"",""run_id"":"""",""task_id"":"""",""source_path"":"""",""record_type"":""comment"",""field_score"":0,""keyword"":"""",""entity_ids"":[]}","{""normalized_from"":""opencrawler_local_asset"",""source_record_id"":""local-snapshot-src_bilibili_06-comment-16-9"",""source_type"":""video_platform"",""acquisition_mode"":""manual_url"",""normalized_at"":""2026-06-17T12:10:16.502Z"",""warnings"":[]}",false,false,,unknown,,unknown,contract_or_responsibility_dispute,unknown,unknown,unknown,unknown,unknown,unknown,unknown,84
sgv1_7fb4b2f8e01402d9661cb273,donglu_sunjihai_youth_football_202606,bilibili,video_platform,manual_url,external_agent_assisted,source_url_provided_unverified,medium_low,0.45,review_needed,comment,,,??????????????????????????? ??06-10?,zh-CN,https://search.bilibili.com/all?keyword=%E8%91%A3%E8%B7%AF%20%E5%AD%99%E7%BB%A7%E6%B5%B7%20%E9%9D%92%E8%AE%AD&sample=06,https://search.bilibili.com/all?keyword=%E8%91%A3%E8%B7%AF%20%E5%AD%99%E7%BB%A7%E6%B5%B7%20%E9%9D%92%E8%AE%AD&sample=06,src_bilibili_06,,2026-06-03T18:00:00.000Z,2026-06-17T12:10:16.495Z,,sha256_platform_case_salt,unknown,true,true,,60,16,0,0,sha256:3fce21a9be205745da04c5c4a0578971fb567ad6a608594b2f24d8ed0c1887bc,sha256:3fce21a9be205745da04c5c4a0578971fb567ad6a608594b2f24d8ed0c1887bc,sha256:f6df28619ed94cdfdb51d48931580b9919a710cf6560b10f273c2f12d755631e,dup_c7ee6fc2ca1940fc81f9,1,[],public,public,manual_comment_sample,Selected public sample only. Not full-platform coverage. Not full-web coverage. Not full-thread coverage.,"{""asset_id"":""local-snapshot-src_bilibili_06-comment-16-10"",""run_id"":"""",""task_id"":"""",""source_path"":"""",""record_type"":""comment"",""field_score"":0,""keyword"":"""",""entity_ids"":[]}","{""normalized_from"":""opencrawler_local_asset"",""source_record_id"":""local-snapshot-src_bilibili_06-comment-16-10"",""source_type"":""video_platform"",""acquisition_mode"":""manual_url"",""normalized_at"":""2026-06-17T12:10:16.502Z"",""warnings"":[]}",false,false,,unknown,,support_donglu_view,public_response,unknown,unknown,unknown,unknown,core_support,curiosity,route_supporter_donglu,92
sgv1_0edfefbdd6808ae1c2587e8a,donglu_sunjihai_youth_football_202606,bilibili,video_platform,manual_url,external_agent_assisted,source_url_provided_unverified,medium_low,0.45,review_needed,comment,,,?????????????????????? ??06-11?,zh-CN,https://search.bilibili.com/all?keyword=%E8%91%A3%E8%B7%AF%20%E5%AD%99%E7%BB%A7%E6%B5%B7%20%E9%9D%92%E8%AE%AD&sample=06,https://search.bilibili.com/all?keyword=%E8%91%A3%E8%B7%AF%20%E5%AD%99%E7%BB%A7%E6%B5%B7%20%E9%9D%92%E8%AE%AD&sample=06,src_bilibili_06,,2026-06-04T19:00:00.000Z,2026-06-17T12:10:16.495Z,,sha256_platform_case_salt,unknown,true,true,,66,17,0,0,sha256:686847c9c993209c0bbb843c63b88743fa1fcc3cc5e310b20cced14116a72dca,sha256:686847c9c993209c0bbb843c63b88743fa1fcc3cc5e310b20cced14116a72dca,sha256:f6df28619ed94cdfdb51d48931580b9919a710cf6560b10f273c2f12d755631e,dup_7d69534615c433caad53,1,[],public,public,manual_comment_sample,Selected public sample only. Not full-platform coverage. Not full-web coverage. Not full-thread coverage.,"{""asset_id"":""local-snapshot-src_bilibili_06-comment-16-11"",""run_id"":"""",""task_id"":"""",""source_path"":"""",""record_type"":""comment"",""field_score"":0,""keyword"":"""",""entity_ids"":[]}","{""normalized_from"":""opencrawler_local_asset"",""source_record_id"":""local-snapshot-src_bilibili_06-comment-16-11"",""source_type"":""video_platform"",""acquisition_mode"":""manual_url"",""normalized_at"":""2026-06-17T12:10:16.502Z"",""warnings"":[]}",false,false,,unknown,,support_sunjihai_view,media_reframing,unknown,unknown,unknown,unknown,core_support,curiosity,route_supporter_sunjihai,100
sgv1_49e02d2e3ef8c67ab8b93b3c,donglu_sunjihai_youth_football_202606,bilibili,video_platform,manual_url,external_agent_assisted,source_url_provided_unverified,medium_low,0.45,review_needed,comment,,,??????????????????????????? ??06-12?,zh-CN,https://search.bilibili.com/all?keyword=%E8%91%A3%E8%B7%AF%20%E5%AD%99%E7%BB%A7%E6%B5%B7%20%E9%9D%92%E8%AE%AD&sample=06,https://search.bilibili.com/all?keyword=%E8%91%A3%E8%B7%AF%20%E5%AD%99%E7%BB%A7%E6%B5%B7%20%E9%9D%92%E8%AE%AD&sample=06,src_bilibili_06,,2026-06-05T20:00:00.000Z,2026-06-17T12:10:16.495Z,,sha256_platform_case_salt,unknown,true,true,,72,0,0,0,sha256:7d7ab0e4e9f110d6a282bcd0e2145b9904815fcce2fe620874a9e6d9bc81be0f,sha256:7d7ab0e4e9f110d6a282bcd0e2145b9904815fcce2fe620874a9e6d9bc81be0f,sha256:f6df28619ed94cdfdb51d48931580b9919a710cf6560b10f273c2f12d755631e,dup_cfacf98fcd7b2e1f0765,1,[],public,public,manual_comment_sample,Selected public sample only. Not full-platform coverage. Not full-web coverage. Not full-thread coverage.,"{""asset_id"":""local-snapshot-src_bilibili_06-comment-16-12"",""run_id"":"""",""task_id"":"""",""source_path"":"""",""record_type"":""comment"",""field_score"":0,""keyword"":"""",""entity_ids"":[]}","{""normalized_from"":""opencrawler_local_asset"",""source_record_id"":""local-snapshot-src_bilibili_06-comment-16-12"",""source_type"":""video_platform"",""acquisition_mode"":""manual_url"",""normalized_at"":""2026-06-17T12:10:16.502Z"",""warnings"":[]}",false,false,,unknown,,neutral_process_focused,fan_community_reaction,unknown,unknown,unknown,unknown,bridge,neutral,process_observer,72
sgv1_a974bfa162840b4b1340ecc5,donglu_sunjihai_youth_football_202606,bilibili,video_platform,manual_url,external_agent_assisted,source_url_provided_unverified,medium_low,0.45,review_needed,comment,,,?????????????????????????? ??06-13?,zh-CN,https://search.bilibili.com/all?keyword=%E8%91%A3%E8%B7%AF%20%E5%AD%99%E7%BB%A7%E6%B5%B7%20%E9%9D%92%E8%AE%AD&sample=06,https://search.bilibili.com/all?keyword=%E8%91%A3%E8%B7%AF%20%E5%AD%99%E7%BB%A7%E6%B5%B7%20%E9%9D%92%E8%AE%AD&sample=06,src_bilibili_06,,2026-06-06T21:00:00.000Z,2026-06-17T12:10:16.495Z,,sha256_platform_case_salt,unknown,true,true,,78,1,0,0,sha256:68f705dfcb94f52cf80bc49626dd8bab88429c433b25db6b85c3ebb288673720,sha256:68f705dfcb94f52cf80bc49626dd8bab88429c433b25db6b85c3ebb288673720,sha256:f6df28619ed94cdfdb51d48931580b9919a710cf6560b10f273c2f12d755631e,dup_e80fd3501e809b81e93c,1,[],public,public,manual_comment_sample,Selected public sample only. Not full-platform coverage. Not full-web coverage. Not full-thread coverage.,"{""asset_id"":""local-snapshot-src_bilibili_06-comment-16-13"",""run_id"":"""",""task_id"":"""",""source_path"":"""",""record_type"":""comment"",""field_score"":0,""keyword"":"""",""entity_ids"":[]}","{""normalized_from"":""opencrawler_local_asset"",""source_record_id"":""local-snapshot-src_bilibili_06-comment-16-13"",""source_type"":""video_platform"",""acquisition_mode"":""manual_url"",""normalized_at"":""2026-06-17T12:10:16.502Z"",""warnings"":[]}",false,false,,unknown,,youth_training_concern,children_protection_boundary,unknown,unknown,unknown,unknown,neutral,concern,youth_training_concern_cluster,80
sgv1_375e6214ad9f1670b1a7bd4f,donglu_sunjihai_youth_football_202606,bilibili,video_platform,manual_url,external_agent_assisted,source_url_provided_unverified,medium_low,0.45,review_needed,comment,,,?????????????????????? ??06-14?,zh-CN,https://search.bilibili.com/all?keyword=%E8%91%A3%E8%B7%AF%20%E5%AD%99%E7%BB%A7%E6%B5%B7%20%E9%9D%92%E8%AE%AD&sample=06,https://search.bilibili.com/all?keyword=%E8%91%A3%E8%B7%AF%20%E5%AD%99%E7%BB%A7%E6%B5%B7%20%E9%9D%92%E8%AE%AD&sample=06,src_bilibili_06,,2026-06-07T22:00:00.000Z,2026-06-17T12:10:16.495Z,,sha256_platform_case_salt,unknown,true,true,,84,2,0,0,sha256:f20cdbb512dcbf518eed7b0f9503c1ae2b2ce76093d42c5e6b84acaa39c98a83,sha256:f20cdbb512dcbf518eed7b0f9503c1ae2b2ce76093d42c5e6b84acaa39c98a83,sha256:f6df28619ed94cdfdb51d48931580b9919a710cf6560b10f273c2f12d755631e,dup_437ebd0d5cdf493428c5,1,[],public,public,manual_comment_sample,Selected public sample only. Not full-platform coverage. Not full-web coverage. Not full-thread coverage.,"{""asset_id"":""local-snapshot-src_bilibili_06-comment-16-14"",""run_id"":"""",""task_id"":"""",""source_path"":"""",""record_type"":""comment"",""field_score"":0,""keyword"":"""",""entity_ids"":[]}","{""normalized_from"":""opencrawler_local_asset"",""source_record_id"":""local-snapshot-src_bilibili_06-comment-16-14"",""source_type"":""video_platform"",""acquisition_mode"":""manual_url"",""normalized_at"":""2026-06-17T12:10:16.502Z"",""warnings"":[]}",false,false,,unknown,,anti_conflict_fatigue,chinese_football_reputation,unknown,unknown,unknown,unknown,fatigue,fatigue,fatigue_cluster,88
sgv1_b84f80ec68cda2f59dbddef5,donglu_sunjihai_youth_football_202606,bilibili,video_platform,manual_url,external_agent_assisted,source_url_provided_unverified,medium_low,0.45,review_needed,comment,,,???????????????????????? ??06-15?,zh-CN,https://search.bilibili.com/all?keyword=%E8%91%A3%E8%B7%AF%20%E5%AD%99%E7%BB%A7%E6%B5%B7%20%E9%9D%92%E8%AE%AD&sample=06,https://search.bilibili.com/all?keyword=%E8%91%A3%E8%B7%AF%20%E5%AD%99%E7%BB%A7%E6%B5%B7%20%E9%9D%92%E8%AE%AD&sample=06,src_bilibili_06,,2026-06-08T23:00:00.000Z,2026-06-17T12:10:16.495Z,,sha256_platform_case_salt,unknown,true,true,,90,3,0,0,sha256:0867f7cd3118725383eb6dc5bb9bb8f9c8fbf9a6bd215baaa25191a6e70e61fb,sha256:0867f7cd3118725383eb6dc5bb9bb8f9c8fbf9a6bd215baaa25191a6e70e61fb,sha256:f6df28619ed94cdfdb51d48931580b9919a710cf6560b10f273c2f12d755631e,dup_cf1d06b382fb91f54902,1,[],public,public,manual_comment_sample,Selected public sample only. Not full-platform coverage. Not full-web coverage. Not full-thread coverage.,"{""asset_id"":""local-snapshot-src_bilibili_06-comment-16-15"",""run_id"":"""",""task_id"":"""",""source_path"":"""",""record_type"":""comment"",""field_score"":0,""keyword"":"""",""entity_ids"":[]}","{""normalized_from"":""opencrawler_local_asset"",""source_record_id"":""local-snapshot-src_bilibili_06-comment-16-15"",""source_type"":""video_platform"",""acquisition_mode"":""manual_url"",""normalized_at"":""2026-06-17T12:10:16.502Z"",""warnings"":[]}",false,false,,unknown,,media_context,platform_discussion,unknown,unknown,unknown,unknown,bridge,neutral,media_context_reader,96
sgv1_da62aedee1d1eee0c6dfa6db,donglu_sunjihai_youth_football_202606,bilibili,video_platform,manual_url,external_agent_assisted,source_url_provided_unverified,medium_low,0.45,review_needed,comment,,,??????????????????????? ??06-16?,zh-CN,https://search.bilibili.com/all?keyword=%E8%91%A3%E8%B7%AF%20%E5%AD%99%E7%BB%A7%E6%B5%B7%20%E9%9D%92%E8%AE%AD&sample=06,https://search.bilibili.com/all?keyword=%E8%91%A3%E8%B7%AF%20%E5%AD%99%E7%BB%A7%E6%B5%B7%20%E9%9D%92%E8%AE%AD&sample=06,src_bilibili_06,,2026-06-09T00:00:00.000Z,2026-06-17T12:10:16.495Z,,sha256_platform_case_salt,unknown,true,true,,96,4,0,0,sha256:2a250ffafc012920221e21187619f4f3d2d2fff5274c9fa481dc7a71b9ce8276,sha256:2a250ffafc012920221e21187619f4f3d2d2fff5274c9fa481dc7a71b9ce8276,sha256:f6df28619ed94cdfdb51d48931580b9919a710cf6560b10f273c2f12d755631e,dup_92867811edcdcc64994b,1,[],public,public,manual_comment_sample,Selected public sample only. Not full-platform coverage. Not full-web coverage. Not full-thread coverage.,"{""asset_id"":""local-snapshot-src_bilibili_06-comment-16-16"",""run_id"":"""",""task_id"":"""",""source_path"":"""",""record_type"":""comment"",""field_score"":0,""keyword"":"""",""entity_ids"":[]}","{""normalized_from"":""opencrawler_local_asset"",""source_record_id"":""local-snapshot-src_bilibili_06-comment-16-16"",""source_type"":""video_platform"",""acquisition_mode"":""manual_url"",""normalized_at"":""2026-06-17T12:10:16.502Z"",""warnings"":[]}",false,false,,unknown,,extreme_attack_or_trolling,extreme_cluster_or_trolling,unknown,unknown,unknown,unknown,isolated_extreme,anger,isolated_extreme_cluster,104
sgv1_10bb385c6ea1f772b4ed32ec,donglu_sunjihai_youth_football_202606,bilibili,video_platform,manual_url,external_agent_assisted,source_url_provided_unverified,medium_low,0.45,review_needed,comment,,,???????????????? ??06-17?,zh-CN,https://search.bilibili.com/all?keyword=%E8%91%A3%E8%B7%AF%20%E5%AD%99%E7%BB%A7%E6%B5%B7%20%E9%9D%92%E8%AE%AD&sample=06,https://search.bilibili.com/all?keyword=%E8%91%A3%E8%B7%AF%20%E5%AD%99%E7%BB%A7%E6%B5%B7%20%E9%9D%92%E8%AE%AD&sample=06,src_bilibili_06,,2026-06-10T01:00:00.000Z,2026-06-17T12:10:16.495Z,,sha256_platform_case_salt,unknown,true,true,,102,5,0,0,sha256:d5af116db6693a79d0d733890922f5c1969220afa46813cc6231ea589ed127be,sha256:d5af116db6693a79d0d733890922f5c1969220afa46813cc6231ea589ed127be,sha256:f6df28619ed94cdfdb51d48931580b9919a710cf6560b10f273c2f12d755631e,dup_e148664c4c8d80579eea,1,[],public,public,manual_comment_sample,Selected public sample only. Not full-platform coverage. Not full-web coverage. Not full-thread coverage.,"{""asset_id"":""local-snapshot-src_bilibili_06-comment-16-17"",""run_id"":"""",""task_id"":"""",""source_path"":"""",""record_type"":""comment"",""field_score"":0,""keyword"":"""",""entity_ids"":[]}","{""normalized_from"":""opencrawler_local_asset"",""source_record_id"":""local-snapshot-src_bilibili_06-comment-16-17"",""source_type"":""video_platform"",""acquisition_mode"":""manual_url"",""normalized_at"":""2026-06-17T12:10:16.502Z"",""warnings"":[]}",false,false,,unknown,,unknown,unknown,unknown,unknown,unknown,unknown,unknown,unknown,unknown,112
sgv1_6fcc024913560c3a12cacf45,donglu_sunjihai_youth_football_202606,bilibili,video_platform,manual_url,external_agent_assisted,source_url_provided_unverified,medium_low,0.45,review_needed,comment,,,???????????????????????? ??06-18?,zh-CN,https://search.bilibili.com/all?keyword=%E8%91%A3%E8%B7%AF%20%E5%AD%99%E7%BB%A7%E6%B5%B7%20%E9%9D%92%E8%AE%AD&sample=06,https://search.bilibili.com/all?keyword=%E8%91%A3%E8%B7%AF%20%E5%AD%99%E7%BB%A7%E6%B5%B7%20%E9%9D%92%E8%AE%AD&sample=06,src_bilibili_06,,2026-06-11T02:00:00.000Z,2026-06-17T12:10:16.495Z,,sha256_platform_case_salt,unknown,true,true,,108,6,0,0,sha256:1341931112b071b350b635fef0783b8a26b923ab8e3829eec5f422e687377aac,sha256:1341931112b071b350b635fef0783b8a26b923ab8e3829eec5f422e687377aac,sha256:f6df28619ed94cdfdb51d48931580b9919a710cf6560b10f273c2f12d755631e,dup_67398e21acb7e765ed89,1,[],public,public,manual_comment_sample,Selected public sample only. Not full-platform coverage. Not full-web coverage. Not full-thread coverage.,"{""asset_id"":""local-snapshot-src_bilibili_06-comment-16-18"",""run_id"":"""",""task_id"":"""",""source_path"":"""",""record_type"":""comment"",""field_score"":0,""keyword"":"""",""entity_ids"":[]}","{""normalized_from"":""opencrawler_local_asset"",""source_record_id"":""local-snapshot-src_bilibili_06-comment-16-18"",""source_type"":""video_platform"",""acquisition_mode"":""manual_url"",""normalized_at"":""2026-06-17T12:10:16.502Z"",""warnings"":[]}",false,false,,unknown,,support_donglu_view,youth_training_model,unknown,unknown,unknown,unknown,core_support,curiosity,route_supporter_donglu,120
sgv1_27da3ac93d2c9ed60ba78b48,donglu_sunjihai_youth_football_202606,bilibili,video_platform,manual_url,external_agent_assisted,source_url_provided_unverified,medium_low,0.45,review_needed,comment,,,???????????????????????? ??07-01?,zh-CN,https://search.bilibili.com/all?keyword=%E8%91%A3%E8%B7%AF%20%E5%AD%99%E7%BB%A7%E6%B5%B7%20%E9%9D%92%E8%AE%AD&sample=07,https://search.bilibili.com/all?keyword=%E8%91%A3%E8%B7%AF%20%E5%AD%99%E7%BB%A7%E6%B5%B7%20%E9%9D%92%E8%AE%AD&sample=07,src_bilibili_07,,2026-06-09T09:00:00.000Z,2026-06-17T12:10:16.495Z,,sha256_platform_case_salt,unknown,true,true,,7,8,0,0,sha256:acfd33ebcaee03a6a2249c119191cb5f39c10c7ba06200084c6a7a527e87e37f,sha256:acfd33ebcaee03a6a2249c119191cb5f39c10c7ba06200084c6a7a527e87e37f,sha256:d2a0895dcf1a292189fb18f38b0a7b6decc550c58a5b5e59eb881874483a8dc2,dup_06af9dee371f8f964359,1,[],public,public,manual_comment_sample,Selected public sample only. Not full-platform coverage. Not full-web coverage. Not full-thread coverage.,"{""asset_id"":""local-snapshot-src_bilibili_07-comment-17-1"",""run_id"":"""",""task_id"":"""",""source_path"":"""",""record_type"":""comment"",""field_score"":0,""keyword"":"""",""entity_ids"":[]}","{""normalized_from"":""opencrawler_local_asset"",""source_record_id"":""local-snapshot-src_bilibili_07-comment-17-1"",""source_type"":""video_platform"",""acquisition_mode"":""manual_url"",""normalized_at"":""2026-06-17T12:10:16.502Z"",""warnings"":[]}",false,false,,unknown,,support_donglu_view,children_protection_boundary,unknown,unknown,unknown,unknown,core_support,curiosity,route_supporter_donglu,23
sgv1_eeec808474793d3de6132245,donglu_sunjihai_youth_football_202606,bilibili,video_platform,manual_url,external_agent_assisted,source_url_provided_unverified,medium_low,0.45,review_needed,comment,,,?????????????????????????? ??07-02?,zh-CN,https://search.bilibili.com/all?keyword=%E8%91%A3%E8%B7%AF%20%E5%AD%99%E7%BB%A7%E6%B5%B7%20%E9%9D%92%E8%AE%AD&sample=07,https://search.bilibili.com/all?keyword=%E8%91%A3%E8%B7%AF%20%E5%AD%99%E7%BB%A7%E6%B5%B7%20%E9%9D%92%E8%AE%AD&sample=07,src_bilibili_07,,2026-06-10T10:00:00.000Z,2026-06-17T12:10:16.495Z,,sha256_platform_case_salt,unknown,true,true,,14,9,0,0,sha256:3e9525f093028866e56d8736730e401205281fff0535917059bca7856e45f098,sha256:3e9525f093028866e56d8736730e401205281fff0535917059bca7856e45f098,sha256:d2a0895dcf1a292189fb18f38b0a7b6decc550c58a5b5e59eb881874483a8dc2,dup_c49f4dac81e939c31a46,1,[],public,public,manual_comment_sample,Selected public sample only. Not full-platform coverage. Not full-web coverage. Not full-thread coverage.,"{""asset_id"":""local-snapshot-src_bilibili_07-comment-17-2"",""run_id"":"""",""task_id"":"""",""source_path"":"""",""record_type"":""comment"",""field_score"":0,""keyword"":"""",""entity_ids"":[]}","{""normalized_from"":""opencrawler_local_asset"",""source_record_id"":""local-snapshot-src_bilibili_07-comment-17-2"",""source_type"":""video_platform"",""acquisition_mode"":""manual_url"",""normalized_at"":""2026-06-17T12:10:16.502Z"",""warnings"":[]}",false,false,,unknown,,support_sunjihai_view,chinese_football_reputation,unknown,unknown,unknown,unknown,core_support,curiosity,route_supporter_sunjihai,32
sgv1_261c76938692cf8e76ceb896,donglu_sunjihai_youth_football_202606,bilibili,video_platform,manual_url,external_agent_assisted,source_url_provided_unverified,medium_low,0.45,review_needed,comment,,,???????????????????????????? ??07-03?,zh-CN,https://search.bilibili.com/all?keyword=%E8%91%A3%E8%B7%AF%20%E5%AD%99%E7%BB%A7%E6%B5%B7%20%E9%9D%92%E8%AE%AD&sample=07,https://search.bilibili.com/all?keyword=%E8%91%A3%E8%B7%AF%20%E5%AD%99%E7%BB%A7%E6%B5%B7%20%E9%9D%92%E8%AE%AD&sample=07,src_bilibili_07,,2026-06-11T11:00:00.000Z,2026-06-17T12:10:16.496Z,,sha256_platform_case_salt,unknown,true,true,,21,10,0,0,sha256:8ec0a2ec22cc3c7e1056a904c8cc507fa87b295581095c2ee82828f69adc5828,sha256:8ec0a2ec22cc3c7e1056a904c8cc507fa87b295581095c2ee82828f69adc5828,sha256:d2a0895dcf1a292189fb18f38b0a7b6decc550c58a5b5e59eb881874483a8dc2,dup_914df9459d04df17143b,1,[],public,public,manual_comment_sample,Selected public sample only. Not full-platform coverage. Not full-web coverage. Not full-thread coverage.,"{""asset_id"":""local-snapshot-src_bilibili_07-comment-17-3"",""run_id"":"""",""task_id"":"""",""source_path"":"""",""record_type"":""comment"",""field_score"":0,""keyword"":"""",""entity_ids"":[]}","{""normalized_from"":""opencrawler_local_asset"",""source_record_id"":""local-snapshot-src_bilibili_07-comment-17-3"",""source_type"":""video_platform"",""acquisition_mode"":""manual_url"",""normalized_at"":""2026-06-17T12:10:16.502Z"",""warnings"":[]}",false,false,,unknown,,neutral_process_focused,platform_discussion,unknown,unknown,unknown,unknown,bridge,neutral,process_observer,41
sgv1_8c6a17352e5da978a612c19e,donglu_sunjihai_youth_football_202606,bilibili,video_platform,manual_url,external_agent_assisted,source_url_provided_unverified,medium_low,0.45,review_needed,comment,,,?????????????????????? ??07-04?,zh-CN,https://search.bilibili.com/all?keyword=%E8%91%A3%E8%B7%AF%20%E5%AD%99%E7%BB%A7%E6%B5%B7%20%E9%9D%92%E8%AE%AD&sample=07,https://search.bilibili.com/all?keyword=%E8%91%A3%E8%B7%AF%20%E5%AD%99%E7%BB%A7%E6%B5%B7%20%E9%9D%92%E8%AE%AD&sample=07,src_bilibili_07,,2026-06-12T12:00:00.000Z,2026-06-17T12:10:16.496Z,,sha256_platform_case_salt,unknown,true,true,,28,11,0,0,sha256:396bb055e8cb72437a718dd8bb2c90d6d367284bf3edd5a65d55c6095d854aa9,sha256:396bb055e8cb72437a718dd8bb2c90d6d367284bf3edd5a65d55c6095d854aa9,sha256:d2a0895dcf1a292189fb18f38b0a7b6decc550c58a5b5e59eb881874483a8dc2,dup_f4b547de5f73be1a5015,1,[],public,public,manual_comment_sample,Selected public sample only. Not full-platform coverage. Not full-web coverage. Not full-thread coverage.,"{""asset_id"":""local-snapshot-src_bilibili_07-comment-17-4"",""run_id"":"""",""task_id"":"""",""source_path"":"""",""record_type"":""comment"",""field_score"":0,""keyword"":"""",""entity_ids"":[]}","{""normalized_from"":""opencrawler_local_asset"",""source_record_id"":""local-snapshot-src_bilibili_07-comment-17-4"",""source_type"":""video_platform"",""acquisition_mode"":""manual_url"",""normalized_at"":""2026-06-17T12:10:16.502Z"",""warnings"":[]}",false,false,,unknown,,youth_training_concern,extreme_cluster_or_trolling,unknown,unknown,unknown,unknown,neutral,concern,youth_training_concern_cluster,50
sgv1_7131347a68e61ea38428afab,donglu_sunjihai_youth_football_202606,bilibili,video_platform,manual_url,external_agent_assisted,source_url_provided_unverified,medium_low,0.45,review_needed,comment,,,???????????????????????? ??07-05?,zh-CN,https://search.bilibili.com/all?keyword=%E8%91%A3%E8%B7%AF%20%E5%AD%99%E7%BB%A7%E6%B5%B7%20%E9%9D%92%E8%AE%AD&sample=07,https://search.bilibili.com/all?keyword=%E8%91%A3%E8%B7%AF%20%E5%AD%99%E7%BB%A7%E6%B5%B7%20%E9%9D%92%E8%AE%AD&sample=07,src_bilibili_07,,2026-06-13T13:00:00.000Z,2026-06-17T12:10:16.496Z,,sha256_platform_case_salt,unknown,true,true,,35,12,0,0,sha256:4b3813c79a0a10e940da1cac251f20071339e0ae013ac1b42bd6cb4b44f89afe,sha256:4b3813c79a0a10e940da1cac251f20071339e0ae013ac1b42bd6cb4b44f89afe,sha256:d2a0895dcf1a292189fb18f38b0a7b6decc550c58a5b5e59eb881874483a8dc2,dup_5c1d0b0be84f1a846ed9,1,[],public,public,manual_comment_sample,Selected public sample only. Not full-platform coverage. Not full-web coverage. Not full-thread coverage.,"{""asset_id"":""local-snapshot-src_bilibili_07-comment-17-5"",""run_id"":"""",""task_id"":"""",""source_path"":"""",""record_type"":""comment"",""field_score"":0,""keyword"":"""",""entity_ids"":[]}","{""normalized_from"":""opencrawler_local_asset"",""source_record_id"":""local-snapshot-src_bilibili_07-comment-17-5"",""source_type"":""video_platform"",""acquisition_mode"":""manual_url"",""normalized_at"":""2026-06-17T12:10:16.502Z"",""warnings"":[]}",false,false,,unknown,,anti_conflict_fatigue,unknown,unknown,unknown,unknown,unknown,fatigue,fatigue,fatigue_cluster,59
sgv1_6feed12baa791bff515e7f50,donglu_sunjihai_youth_football_202606,bilibili,video_platform,manual_url,external_agent_assisted,source_url_provided_unverified,medium_low,0.45,review_needed,comment,,,????????????????????????? ??07-06?,zh-CN,https://search.bilibili.com/all?keyword=%E8%91%A3%E8%B7%AF%20%E5%AD%99%E7%BB%A7%E6%B5%B7%20%E9%9D%92%E8%AE%AD&sample=07,https://search.bilibili.com/all?keyword=%E8%91%A3%E8%B7%AF%20%E5%AD%99%E7%BB%A7%E6%B5%B7%20%E9%9D%92%E8%AE%AD&sample=07,src_bilibili_07,,2026-06-14T14:00:00.000Z,2026-06-17T12:10:16.496Z,,sha256_platform_case_salt,unknown,true,true,,42,13,0,0,sha256:e1a7543177f6faac2f93630ab9e3c22c81d1c6994ae6fadc8ba160fdb7fe539a,sha256:e1a7543177f6faac2f93630ab9e3c22c81d1c6994ae6fadc8ba160fdb7fe539a,sha256:d2a0895dcf1a292189fb18f38b0a7b6decc550c58a5b5e59eb881874483a8dc2,dup_4e6dd2993c26da4bd455,1,[],public,public,manual_comment_sample,Selected public sample only. Not full-platform coverage. Not full-web coverage. Not full-thread coverage.,"{""asset_id"":""local-snapshot-src_bilibili_07-comment-17-6"",""run_id"":"""",""task_id"":"""",""source_path"":"""",""record_type"":""comment"",""field_score"":0,""keyword"":"""",""entity_ids"":[]}","{""normalized_from"":""opencrawler_local_asset"",""source_record_id"":""local-snapshot-src_bilibili_07-comment-17-6"",""source_type"":""video_platform"",""acquisition_mode"":""manual_url"",""normalized_at"":""2026-06-17T12:10:16.502Z"",""warnings"":[]}",false,false,,unknown,,media_context,youth_training_model,unknown,unknown,unknown,unknown,bridge,neutral,media_context_reader,68
sgv1_69b5d3a5393d946110ee3151,donglu_sunjihai_youth_football_202606,bilibili,video_platform,manual_url,external_agent_assisted,source_url_provided_unverified,medium_low,0.45,review_needed,comment,,,??????????????????????? ??07-07?,zh-CN,https://search.bilibili.com/all?keyword=%E8%91%A3%E8%B7%AF%20%E5%AD%99%E7%BB%A7%E6%B5%B7%20%E9%9D%92%E8%AE%AD&sample=07,https://search.bilibili.com/all?keyword=%E8%91%A3%E8%B7%AF%20%E5%AD%99%E7%BB%A7%E6%B5%B7%20%E9%9D%92%E8%AE%AD&sample=07,src_bilibili_07,,2026-06-01T15:00:00.000Z,2026-06-17T12:10:16.496Z,,sha256_platform_case_salt,unknown,true,true,,49,14,0,0,sha256:95147c5f755a43f81caf39866b73307874708acab25b8cab2bc23fb996291b87,sha256:95147c5f755a43f81caf39866b73307874708acab25b8cab2bc23fb996291b87,sha256:d2a0895dcf1a292189fb18f38b0a7b6decc550c58a5b5e59eb881874483a8dc2,dup_05a31bc820bb22b87b42,1,[],public,public,manual_comment_sample,Selected public sample only. Not full-platform coverage. Not full-web coverage. Not full-thread coverage.,"{""asset_id"":""local-snapshot-src_bilibili_07-comment-17-7"",""run_id"":"""",""task_id"":"""",""source_path"":"""",""record_type"":""comment"",""field_score"":0,""keyword"":"""",""entity_ids"":[]}","{""normalized_from"":""opencrawler_local_asset"",""source_record_id"":""local-snapshot-src_bilibili_07-comment-17-7"",""source_type"":""video_platform"",""acquisition_mode"":""manual_url"",""normalized_at"":""2026-06-17T12:10:16.502Z"",""warnings"":[]}",false,false,,unknown,,extreme_attack_or_trolling,contract_or_responsibility_dispute,unknown,unknown,unknown,unknown,isolated_extreme,anger,isolated_extreme_cluster,77
sgv1_e4332fdeab9e3e015513b71b,donglu_sunjihai_youth_football_202606,bilibili,video_platform,manual_url,external_agent_assisted,source_url_provided_unverified,medium_low,0.45,review_needed,comment,,,????????????????????? ??07-08?,zh-CN,https://search.bilibili.com/all?keyword=%E8%91%A3%E8%B7%AF%20%E5%AD%99%E7%BB%A7%E6%B5%B7%20%E9%9D%92%E8%AE%AD&sample=07,https://search.bilibili.com/all?keyword=%E8%91%A3%E8%B7%AF%20%E5%AD%99%E7%BB%A7%E6%B5%B7%20%E9%9D%92%E8%AE%AD&sample=07,src_bilibili_07,,2026-06-02T16:00:00.000Z,2026-06-17T12:10:16.496Z,,sha256_platform_case_salt,unknown,true,true,,56,15,0,0,sha256:fadfef585842959e508c1ef6a6a708b46930ef288bc9fc604fdbee3a720df83d,sha256:fadfef585842959e508c1ef6a6a708b46930ef288bc9fc604fdbee3a720df83d,sha256:d2a0895dcf1a292189fb18f38b0a7b6decc550c58a5b5e59eb881874483a8dc2,dup_c21ef3292262bd41fa29,1,[],public,public,manual_comment_sample,Selected public sample only. Not full-platform coverage. Not full-web coverage. Not full-thread coverage.,"{""asset_id"":""local-snapshot-src_bilibili_07-comment-17-8"",""run_id"":"""",""task_id"":"""",""source_path"":"""",""record_type"":""comment"",""field_score"":0,""keyword"":"""",""entity_ids"":[]}","{""normalized_from"":""opencrawler_local_asset"",""source_record_id"":""local-snapshot-src_bilibili_07-comment-17-8"",""source_type"":""video_platform"",""acquisition_mode"":""manual_url"",""normalized_at"":""2026-06-17T12:10:16.502Z"",""warnings"":[]}",false,false,,unknown,,unknown,public_response,unknown,unknown,unknown,unknown,unknown,unknown,unknown,86
sgv1_125df1b27a984ea61198abba,donglu_sunjihai_youth_football_202606,bilibili,video_platform,manual_url,external_agent_assisted,source_url_provided_unverified,medium_low,0.45,review_needed,comment,,,??????????????????????????? ??07-09?,zh-CN,https://search.bilibili.com/all?keyword=%E8%91%A3%E8%B7%AF%20%E5%AD%99%E7%BB%A7%E6%B5%B7%20%E9%9D%92%E8%AE%AD&sample=07,https://search.bilibili.com/all?keyword=%E8%91%A3%E8%B7%AF%20%E5%AD%99%E7%BB%A7%E6%B5%B7%20%E9%9D%92%E8%AE%AD&sample=07,src_bilibili_07,,2026-06-03T17:00:00.000Z,2026-06-17T12:10:16.496Z,,sha256_platform_case_salt,unknown,true,true,,63,16,0,0,sha256:5325848b31803e9e6e10a8120e7f2fedcd030c40ee144b8370b939aa4cbf6a49,sha256:5325848b31803e9e6e10a8120e7f2fedcd030c40ee144b8370b939aa4cbf6a49,sha256:d2a0895dcf1a292189fb18f38b0a7b6decc550c58a5b5e59eb881874483a8dc2,dup_4e6de4dcbca985350ec1,1,[],public,public,manual_comment_sample,Selected public sample only. Not full-platform coverage. Not full-web coverage. Not full-thread coverage.,"{""asset_id"":""local-snapshot-src_bilibili_07-comment-17-9"",""run_id"":"""",""task_id"":"""",""source_path"":"""",""record_type"":""comment"",""field_score"":0,""keyword"":"""",""entity_ids"":[]}","{""normalized_from"":""opencrawler_local_asset"",""source_record_id"":""local-snapshot-src_bilibili_07-comment-17-9"",""source_type"":""video_platform"",""acquisition_mode"":""manual_url"",""normalized_at"":""2026-06-17T12:10:16.502Z"",""warnings"":[]}",false,false,,unknown,,support_donglu_view,media_reframing,unknown,unknown,unknown,unknown,core_support,curiosity,route_supporter_donglu,95
sgv1_c3f06e7617e3b03d0dda19a9,donglu_sunjihai_youth_football_202606,bilibili,video_platform,manual_url,external_agent_assisted,source_url_provided_unverified,medium_low,0.45,review_needed,comment,,,?????????????????????? ??07-10?,zh-CN,https://search.bilibili.com/all?keyword=%E8%91%A3%E8%B7%AF%20%E5%AD%99%E7%BB%A7%E6%B5%B7%20%E9%9D%92%E8%AE%AD&sample=07,https://search.bilibili.com/all?keyword=%E8%91%A3%E8%B7%AF%20%E5%AD%99%E7%BB%A7%E6%B5%B7%20%E9%9D%92%E8%AE%AD&sample=07,src_bilibili_07,,2026-06-04T18:00:00.000Z,2026-06-17T12:10:16.496Z,,sha256_platform_case_salt,unknown,true,true,,70,17,0,0,sha256:2717e1d8ec48bacaba33f7bdb248a74e32c51e0858ede2eb5834b86905689221,sha256:2717e1d8ec48bacaba33f7bdb248a74e32c51e0858ede2eb5834b86905689221,sha256:d2a0895dcf1a292189fb18f38b0a7b6decc550c58a5b5e59eb881874483a8dc2,dup_b30d8b648c1f0a51fef5,1,[],public,public,manual_comment_sample,Selected public sample only. Not full-platform coverage. Not full-web coverage. Not full-thread coverage.,"{""asset_id"":""local-snapshot-src_bilibili_07-comment-17-10"",""run_id"":"""",""task_id"":"""",""source_path"":"""",""record_type"":""comment"",""field_score"":0,""keyword"":"""",""entity_ids"":[]}","{""normalized_from"":""opencrawler_local_asset"",""source_record_id"":""local-snapshot-src_bilibili_07-comment-17-10"",""source_type"":""video_platform"",""acquisition_mode"":""manual_url"",""normalized_at"":""2026-06-17T12:10:16.502Z"",""warnings"":[]}",false,false,,unknown,,support_sunjihai_view,fan_community_reaction,unknown,unknown,unknown,unknown,core_support,curiosity,route_supporter_sunjihai,104
sgv1_099968c2b97de5b6e9c84270,donglu_sunjihai_youth_football_202606,bilibili,video_platform,manual_url,external_agent_assisted,source_url_provided_unverified,medium_low,0.45,review_needed,comment,,,??????????????????????????? ??07-11?,zh-CN,https://search.bilibili.com/all?keyword=%E8%91%A3%E8%B7%AF%20%E5%AD%99%E7%BB%A7%E6%B5%B7%20%E9%9D%92%E8%AE%AD&sample=07,https://search.bilibili.com/all?keyword=%E8%91%A3%E8%B7%AF%20%E5%AD%99%E7%BB%A7%E6%B5%B7%20%E9%9D%92%E8%AE%AD&sample=07,src_bilibili_07,,2026-06-05T19:00:00.000Z,2026-06-17T12:10:16.496Z,,sha256_platform_case_salt,unknown,true,true,,77,0,0,0,sha256:802463a51079f16153ae989be47b698251d981b87030c20195a12b7afad7afec,sha256:802463a51079f16153ae989be47b698251d981b87030c20195a12b7afad7afec,sha256:d2a0895dcf1a292189fb18f38b0a7b6decc550c58a5b5e59eb881874483a8dc2,dup_a3e9666cefde3708c1ce,1,[],public,public,manual_comment_sample,Selected public sample only. Not full-platform coverage. Not full-web coverage. Not full-thread coverage.,"{""asset_id"":""local-snapshot-src_bilibili_07-comment-17-11"",""run_id"":"""",""task_id"":"""",""source_path"":"""",""record_type"":""comment"",""field_score"":0,""keyword"":"""",""entity_ids"":[]}","{""normalized_from"":""opencrawler_local_asset"",""source_record_id"":""local-snapshot-src_bilibili_07-comment-17-11"",""source_type"":""video_platform"",""acquisition_mode"":""manual_url"",""normalized_at"":""2026-06-17T12:10:16.502Z"",""warnings"":[]}",false,false,,unknown,,neutral_process_focused,children_protection_boundary,unknown,unknown,unknown,unknown,bridge,neutral,process_observer,77
sgv1_524a643ec073f249c2d7874b,donglu_sunjihai_youth_football_202606,bilibili,video_platform,manual_url,external_agent_assisted,source_url_provided_unverified,medium_low,0.45,review_needed,comment,,,?????????????????????????? ??07-12?,zh-CN,https://search.bilibili.com/all?keyword=%E8%91%A3%E8%B7%AF%20%E5%AD%99%E7%BB%A7%E6%B5%B7%20%E9%9D%92%E8%AE%AD&sample=07,https://search.bilibili.com/all?keyword=%E8%91%A3%E8%B7%AF%20%E5%AD%99%E7%BB%A7%E6%B5%B7%20%E9%9D%92%E8%AE%AD&sample=07,src_bilibili_07,,2026-06-06T20:00:00.000Z,2026-06-17T12:10:16.496Z,,sha256_platform_case_salt,unknown,true,true,,84,1,0,0,sha256:c6297786e45c79b34b52194a91931777c8dbe35529dea84e6aaf961a6c6897ad,sha256:c6297786e45c79b34b52194a91931777c8dbe35529dea84e6aaf961a6c6897ad,sha256:d2a0895dcf1a292189fb18f38b0a7b6decc550c58a5b5e59eb881874483a8dc2,dup_3abd6735e006ee95c003,1,[],public,public,manual_comment_sample,Selected public sample only. Not full-platform coverage. Not full-web coverage. Not full-thread coverage.,"{""asset_id"":""local-snapshot-src_bilibili_07-comment-17-12"",""run_id"":"""",""task_id"":"""",""source_path"":"""",""record_type"":""comment"",""field_score"":0,""keyword"":"""",""entity_ids"":[]}","{""normalized_from"":""opencrawler_local_asset"",""source_record_id"":""local-snapshot-src_bilibili_07-comment-17-12"",""source_type"":""video_platform"",""acquisition_mode"":""manual_url"",""normalized_at"":""2026-06-17T12:10:16.502Z"",""warnings"":[]}",false,false,,unknown,,youth_training_concern,chinese_football_reputation,unknown,unknown,unknown,unknown,neutral,concern,youth_training_concern_cluster,86
sgv1_7da692d38aedd902ed1c93bf,donglu_sunjihai_youth_football_202606,bilibili,video_platform,manual_url,external_agent_assisted,source_url_provided_unverified,medium_low,0.45,review_needed,comment,,,?????????????????????? ??07-13?,zh-CN,https://search.bilibili.com/all?keyword=%E8%91%A3%E8%B7%AF%20%E5%AD%99%E7%BB%A7%E6%B5%B7%20%E9%9D%92%E8%AE%AD&sample=07,https://search.bilibili.com/all?keyword=%E8%91%A3%E8%B7%AF%20%E5%AD%99%E7%BB%A7%E6%B5%B7%20%E9%9D%92%E8%AE%AD&sample=07,src_bilibili_07,,2026-06-07T21:00:00.000Z,2026-06-17T12:10:16.496Z,,sha256_platform_case_salt,unknown,true,true,,91,2,0,0,sha256:1583383d36b6114268990e2010cd4eb3c2f0248ffdd06e28ebd07f36b5f99bfd,sha256:1583383d36b6114268990e2010cd4eb3c2f0248ffdd06e28ebd07f36b5f99bfd,sha256:d2a0895dcf1a292189fb18f38b0a7b6decc550c58a5b5e59eb881874483a8dc2,dup_61d9f31b6c002cf909b6,1,[],public,public,manual_comment_sample,Selected public sample only. Not full-platform coverage. Not full-web coverage. Not full-thread coverage.,"{""asset_id"":""local-snapshot-src_bilibili_07-comment-17-13"",""run_id"":"""",""task_id"":"""",""source_path"":"""",""record_type"":""comment"",""field_score"":0,""keyword"":"""",""entity_ids"":[]}","{""normalized_from"":""opencrawler_local_asset"",""source_record_id"":""local-snapshot-src_bilibili_07-comment-17-13"",""source_type"":""video_platform"",""acquisition_mode"":""manual_url"",""normalized_at"":""2026-06-17T12:10:16.502Z"",""warnings"":[]}",false,false,,unknown,,anti_conflict_fatigue,platform_discussion,unknown,unknown,unknown,unknown,fatigue,fatigue,fatigue_cluster,95
sgv1_b0b67f129e7e7bb4d0c7fb3a,donglu_sunjihai_youth_football_202606,bilibili,video_platform,manual_url,external_agent_assisted,source_url_provided_unverified,medium_low,0.45,review_needed,comment,,,???????????????????????? ??07-14?,zh-CN,https://search.bilibili.com/all?keyword=%E8%91%A3%E8%B7%AF%20%E5%AD%99%E7%BB%A7%E6%B5%B7%20%E9%9D%92%E8%AE%AD&sample=07,https://search.bilibili.com/all?keyword=%E8%91%A3%E8%B7%AF%20%E5%AD%99%E7%BB%A7%E6%B5%B7%20%E9%9D%92%E8%AE%AD&sample=07,src_bilibili_07,,2026-06-08T22:00:00.000Z,2026-06-17T12:10:16.496Z,,sha256_platform_case_salt,unknown,true,true,,98,3,0,0,sha256:7b17ea6d94f14522e5d5eb779d5044957ab569c8270e0b989c87b46d1a637331,sha256:7b17ea6d94f14522e5d5eb779d5044957ab569c8270e0b989c87b46d1a637331,sha256:d2a0895dcf1a292189fb18f38b0a7b6decc550c58a5b5e59eb881874483a8dc2,dup_71f926edb8504ec12b58,1,[],public,public,manual_comment_sample,Selected public sample only. Not full-platform coverage. Not full-web coverage. Not full-thread coverage.,"{""asset_id"":""local-snapshot-src_bilibili_07-comment-17-14"",""run_id"":"""",""task_id"":"""",""source_path"":"""",""record_type"":""comment"",""field_score"":0,""keyword"":"""",""entity_ids"":[]}","{""normalized_from"":""opencrawler_local_asset"",""source_record_id"":""local-snapshot-src_bilibili_07-comment-17-14"",""source_type"":""video_platform"",""acquisition_mode"":""manual_url"",""normalized_at"":""2026-06-17T12:10:16.502Z"",""warnings"":[]}",false,false,,unknown,,media_context,extreme_cluster_or_trolling,unknown,unknown,unknown,unknown,bridge,neutral,media_context_reader,104
sgv1_667e2c946745ee4916f42735,donglu_sunjihai_youth_football_202606,bilibili,video_platform,manual_url,external_agent_assisted,source_url_provided_unverified,medium_low,0.45,review_needed,comment,,,??????????????????????? ??07-15?,zh-CN,https://search.bilibili.com/all?keyword=%E8%91%A3%E8%B7%AF%20%E5%AD%99%E7%BB%A7%E6%B5%B7%20%E9%9D%92%E8%AE%AD&sample=07,https://search.bilibili.com/all?keyword=%E8%91%A3%E8%B7%AF%20%E5%AD%99%E7%BB%A7%E6%B5%B7%20%E9%9D%92%E8%AE%AD&sample=07,src_bilibili_07,,2026-06-09T23:00:00.000Z,2026-06-17T12:10:16.496Z,,sha256_platform_case_salt,unknown,true,true,,105,4,0,0,sha256:3cf11f6cd9c5cf62c69f8ea670a151bff1bcb75f481d48ede86debd078c2e585,sha256:3cf11f6cd9c5cf62c69f8ea670a151bff1bcb75f481d48ede86debd078c2e585,sha256:d2a0895dcf1a292189fb18f38b0a7b6decc550c58a5b5e59eb881874483a8dc2,dup_ca19b3ea34a7daab8875,1,[],public,public,manual_comment_sample,Selected public sample only. Not full-platform coverage. Not full-web coverage. Not full-thread coverage.,"{""asset_id"":""local-snapshot-src_bilibili_07-comment-17-15"",""run_id"":"""",""task_id"":"""",""source_path"":"""",""record_type"":""comment"",""field_score"":0,""keyword"":"""",""entity_ids"":[]}","{""normalized_from"":""opencrawler_local_asset"",""source_record_id"":""local-snapshot-src_bilibili_07-comment-17-15"",""source_type"":""video_platform"",""acquisition_mode"":""manual_url"",""normalized_at"":""2026-06-17T12:10:16.502Z"",""warnings"":[]}",false,false,,unknown,,extreme_attack_or_trolling,unknown,unknown,unknown,unknown,unknown,isolated_extreme,anger,isolated_extreme_cluster,113
sgv1_01d96e89b3ecd9406add5b24,donglu_sunjihai_youth_football_202606,bilibili,video_platform,manual_url,external_agent_assisted,source_url_provided_unverified,medium_low,0.45,review_needed,comment,,,???????????????? ??07-16?,zh-CN,https://search.bilibili.com/all?keyword=%E8%91%A3%E8%B7%AF%20%E5%AD%99%E7%BB%A7%E6%B5%B7%20%E9%9D%92%E8%AE%AD&sample=07,https://search.bilibili.com/all?keyword=%E8%91%A3%E8%B7%AF%20%E5%AD%99%E7%BB%A7%E6%B5%B7%20%E9%9D%92%E8%AE%AD&sample=07,src_bilibili_07,,2026-06-10T00:00:00.000Z,2026-06-17T12:10:16.496Z,,sha256_platform_case_salt,unknown,true,true,,112,5,0,0,sha256:e4d5903f1e7ae4374fd6fdb1712c9747892ec472199579309ae0562fcd507481,sha256:e4d5903f1e7ae4374fd6fdb1712c9747892ec472199579309ae0562fcd507481,sha256:d2a0895dcf1a292189fb18f38b0a7b6decc550c58a5b5e59eb881874483a8dc2,dup_07b11e9494d032e79223,1,[],public,public,manual_comment_sample,Selected public sample only. Not full-platform coverage. Not full-web coverage. Not full-thread coverage.,"{""asset_id"":""local-snapshot-src_bilibili_07-comment-17-16"",""run_id"":"""",""task_id"":"""",""source_path"":"""",""record_type"":""comment"",""field_score"":0,""keyword"":"""",""entity_ids"":[]}","{""normalized_from"":""opencrawler_local_asset"",""source_record_id"":""local-snapshot-src_bilibili_07-comment-17-16"",""source_type"":""video_platform"",""acquisition_mode"":""manual_url"",""normalized_at"":""2026-06-17T12:10:16.502Z"",""warnings"":[]}",false,false,,unknown,,unknown,youth_training_model,unknown,unknown,unknown,unknown,unknown,unknown,unknown,122
sgv1_5d11967e63163568eb7d5bc1,donglu_sunjihai_youth_football_202606,bilibili,video_platform,manual_url,external_agent_assisted,source_url_provided_unverified,medium_low,0.45,review_needed,comment,,,???????????????????????? ??07-17?,zh-CN,https://search.bilibili.com/all?keyword=%E8%91%A3%E8%B7%AF%20%E5%AD%99%E7%BB%A7%E6%B5%B7%20%E9%9D%92%E8%AE%AD&sample=07,https://search.bilibili.com/all?keyword=%E8%91%A3%E8%B7%AF%20%E5%AD%99%E7%BB%A7%E6%B5%B7%20%E9%9D%92%E8%AE%AD&sample=07,src_bilibili_07,,2026-06-11T01:00:00.000Z,2026-06-17T12:10:16.496Z,,sha256_platform_case_salt,unknown,true,true,,119,6,0,0,sha256:fbcfa43b43ebd3793c7bd904b1aa09ff6df6c7ec87677a7bffc7627241c3a785,sha256:fbcfa43b43ebd3793c7bd904b1aa09ff6df6c7ec87677a7bffc7627241c3a785,sha256:d2a0895dcf1a292189fb18f38b0a7b6decc550c58a5b5e59eb881874483a8dc2,dup_6cdc5cdb90a5e35742b5,1,[],public,public,manual_comment_sample,Selected public sample only. Not full-platform coverage. Not full-web coverage. Not full-thread coverage.,"{""asset_id"":""local-snapshot-src_bilibili_07-comment-17-17"",""run_id"":"""",""task_id"":"""",""source_path"":"""",""record_type"":""comment"",""field_score"":0,""keyword"":"""",""entity_ids"":[]}","{""normalized_from"":""opencrawler_local_asset"",""source_record_id"":""local-snapshot-src_bilibili_07-comment-17-17"",""source_type"":""video_platform"",""acquisition_mode"":""manual_url"",""normalized_at"":""2026-06-17T12:10:16.502Z"",""warnings"":[]}",false,false,,unknown,,support_donglu_view,contract_or_responsibility_dispute,unknown,unknown,unknown,unknown,core_support,curiosity,route_supporter_donglu,131
sgv1_8952953c894a3e132b29461d,donglu_sunjihai_youth_football_202606,bilibili,video_platform,manual_url,external_agent_assisted,source_url_provided_unverified,medium_low,0.45,review_needed,comment,,,??????????????????????????? ??07-18?,zh-CN,https://search.bilibili.com/all?keyword=%E8%91%A3%E8%B7%AF%20%E5%AD%99%E7%BB%A7%E6%B5%B7%20%E9%9D%92%E8%AE%AD&sample=07,https://search.bilibili.com/all?keyword=%E8%91%A3%E8%B7%AF%20%E5%AD%99%E7%BB%A7%E6%B5%B7%20%E9%9D%92%E8%AE%AD&sample=07,src_bilibili_07,,2026-06-12T02:00:00.000Z,2026-06-17T12:10:16.496Z,,sha256_platform_case_salt,unknown,true,true,,126,7,0,0,sha256:03055a71e915d64b621f57b75cfaf0ab360ddef33ac4de55a4940e2dc527f496,sha256:03055a71e915d64b621f57b75cfaf0ab360ddef33ac4de55a4940e2dc527f496,sha256:d2a0895dcf1a292189fb18f38b0a7b6decc550c58a5b5e59eb881874483a8dc2,dup_69d73770ad1983c576e5,1,[],public,public,manual_comment_sample,Selected public sample only. Not full-platform coverage. Not full-web coverage. Not full-thread coverage.,"{""asset_id"":""local-snapshot-src_bilibili_07-comment-17-18"",""run_id"":"""",""task_id"":"""",""source_path"":"""",""record_type"":""comment"",""field_score"":0,""keyword"":"""",""entity_ids"":[]}","{""normalized_from"":""opencrawler_local_asset"",""source_record_id"":""local-snapshot-src_bilibili_07-comment-17-18"",""source_type"":""video_platform"",""acquisition_mode"":""manual_url"",""normalized_at"":""2026-06-17T12:10:16.502Z"",""warnings"":[]}",false,false,,unknown,,support_sunjihai_view,public_response,unknown,unknown,unknown,unknown,core_support,curiosity,route_supporter_sunjihai,140
sgv1_89ab7ce52814f25055aeda54,donglu_sunjihai_youth_football_202606,tieba,forum,manual_url,external_agent_assisted,source_url_provided_unverified,medium_low,0.45,review_needed,comment,,,???????????????? ??01-01?,zh-CN,https://tieba.baidu.com/f?kw=%E4%B8%AD%E5%9B%BD%E8%B6%B3%E7%90%83&sample=01,https://tieba.baidu.com/f?kw=%E4%B8%AD%E5%9B%BD%E8%B6%B3%E7%90%83&sample=01,src_tieba_01,,2026-06-03T09:00:00.000Z,2026-06-17T12:10:16.496Z,,sha256_platform_case_salt,unknown,true,true,,1,2,0,0,sha256:d77b76013858eacdfd7cb1ab24e80794b983cc4efa78ee4733037c4bca1db2cf,sha256:d77b76013858eacdfd7cb1ab24e80794b983cc4efa78ee4733037c4bca1db2cf,sha256:269ec08b9d27460a28696aebcd888e9bf0b6b640d02bcfd79e17f36a47c4cae2,dup_3992fa0ac899ef3722d3,1,[],public,public,manual_comment_sample,Selected public sample only. Not full-platform coverage. Not full-web coverage. Not full-thread coverage.,"{""asset_id"":""local-snapshot-src_tieba_01-comment-18-1"",""run_id"":"""",""task_id"":"""",""source_path"":"""",""record_type"":""comment"",""field_score"":0,""keyword"":"""",""entity_ids"":[]}","{""normalized_from"":""opencrawler_local_asset"",""source_record_id"":""local-snapshot-src_tieba_01-comment-18-1"",""source_type"":""forum"",""acquisition_mode"":""manual_url"",""normalized_at"":""2026-06-17T12:10:16.502Z"",""warnings"":[]}",false,false,,community,,unknown,media_reframing,unknown,unknown,unknown,unknown,unknown,unknown,unknown,5
sgv1_eaec5173327cc2f7c7826f9f,donglu_sunjihai_youth_football_202606,tieba,forum,manual_url,external_agent_assisted,source_url_provided_unverified,medium_low,0.45,review_needed,comment,,,???????????????????????? ??01-02?,zh-CN,https://tieba.baidu.com/f?kw=%E4%B8%AD%E5%9B%BD%E8%B6%B3%E7%90%83&sample=01,https://tieba.baidu.com/f?kw=%E4%B8%AD%E5%9B%BD%E8%B6%B3%E7%90%83&sample=01,src_tieba_01,,2026-06-04T10:00:00.000Z,2026-06-17T12:10:16.496Z,,sha256_platform_case_salt,unknown,true,true,,2,3,0,0,sha256:4504833c7a2ca0b8aa485910a57471fcc4486b02f9b052f833630216519cdc47,sha256:4504833c7a2ca0b8aa485910a57471fcc4486b02f9b052f833630216519cdc47,sha256:269ec08b9d27460a28696aebcd888e9bf0b6b640d02bcfd79e17f36a47c4cae2,dup_8aa657762f763d7814a5,1,[],public,public,manual_comment_sample,Selected public sample only. Not full-platform coverage. Not full-web coverage. Not full-thread coverage.,"{""asset_id"":""local-snapshot-src_tieba_01-comment-18-2"",""run_id"":"""",""task_id"":"""",""source_path"":"""",""record_type"":""comment"",""field_score"":0,""keyword"":"""",""entity_ids"":[]}","{""normalized_from"":""opencrawler_local_asset"",""source_record_id"":""local-snapshot-src_tieba_01-comment-18-2"",""source_type"":""forum"",""acquisition_mode"":""manual_url"",""normalized_at"":""2026-06-17T12:10:16.502Z"",""warnings"":[]}",false,false,,community,,support_donglu_view,fan_community_reaction,unknown,unknown,unknown,unknown,core_support,curiosity,route_supporter_donglu,8
sgv1_131c1dab2d5ccdb55e4ae6d1,donglu_sunjihai_youth_football_202606,tieba,forum,manual_url,external_agent_assisted,source_url_provided_unverified,medium_low,0.45,review_needed,comment,,,??????????????????????????? ??01-03?,zh-CN,https://tieba.baidu.com/f?kw=%E4%B8%AD%E5%9B%BD%E8%B6%B3%E7%90%83&sample=01,https://tieba.baidu.com/f?kw=%E4%B8%AD%E5%9B%BD%E8%B6%B3%E7%90%83&sample=01,src_tieba_01,,2026-06-05T11:00:00.000Z,2026-06-17T12:10:16.496Z,,sha256_platform_case_salt,unknown,true,true,,3,4,0,0,sha256:e3e5e5764555c909cd72aee447db71ff8b92350cf45bbe09043c41d9c4c02014,sha256:e3e5e5764555c909cd72aee447db71ff8b92350cf45bbe09043c41d9c4c02014,sha256:269ec08b9d27460a28696aebcd888e9bf0b6b640d02bcfd79e17f36a47c4cae2,dup_4a976ecaea1f4d4e5b53,1,[],public,public,manual_comment_sample,Selected public sample only. Not full-platform coverage. Not full-web coverage. Not full-thread coverage.,"{""asset_id"":""local-snapshot-src_tieba_01-comment-18-3"",""run_id"":"""",""task_id"":"""",""source_path"":"""",""record_type"":""comment"",""field_score"":0,""keyword"":"""",""entity_ids"":[]}","{""normalized_from"":""opencrawler_local_asset"",""source_record_id"":""local-snapshot-src_tieba_01-comment-18-3"",""source_type"":""forum"",""acquisition_mode"":""manual_url"",""normalized_at"":""2026-06-17T12:10:16.502Z"",""warnings"":[]}",false,false,,community,,support_sunjihai_view,children_protection_boundary,unknown,unknown,unknown,unknown,core_support,curiosity,route_supporter_sunjihai,11
sgv1_6bbe601ad4f44c315d147951,donglu_sunjihai_youth_football_202606,tieba,forum,manual_url,external_agent_assisted,source_url_provided_unverified,medium_low,0.45,review_needed,comment,,,??????????????????? ??01-04?,zh-CN,https://tieba.baidu.com/f?kw=%E4%B8%AD%E5%9B%BD%E8%B6%B3%E7%90%83&sample=01,https://tieba.baidu.com/f?kw=%E4%B8%AD%E5%9B%BD%E8%B6%B3%E7%90%83&sample=01,src_tieba_01,,2026-06-06T12:00:00.000Z,2026-06-17T12:10:16.496Z,,sha256_platform_case_salt,unknown,true,true,,4,5,0,0,sha256:4bf298c510dbc34f136155fe5ea6731a370a0815d09f08d04114d74147fb445a,sha256:4bf298c510dbc34f136155fe5ea6731a370a0815d09f08d04114d74147fb445a,sha256:269ec08b9d27460a28696aebcd888e9bf0b6b640d02bcfd79e17f36a47c4cae2,dup_c7714997ad9d8adf2bb8,1,[],public,public,manual_comment_sample,Selected public sample only. Not full-platform coverage. Not full-web coverage. Not full-thread coverage.,"{""asset_id"":""local-snapshot-src_tieba_01-comment-18-4"",""run_id"":"""",""task_id"":"""",""source_path"":"""",""record_type"":""comment"",""field_score"":0,""keyword"":"""",""entity_ids"":[]}","{""normalized_from"":""opencrawler_local_asset"",""source_record_id"":""local-snapshot-src_tieba_01-comment-18-4"",""source_type"":""forum"",""acquisition_mode"":""manual_url"",""normalized_at"":""2026-06-17T12:10:16.502Z"",""warnings"":[]}",false,false,,community,,neutral_process_focused,chinese_football_reputation,unknown,unknown,unknown,unknown,bridge,neutral,process_observer,14
sgv1_093f20232df4af69adabd0c1,donglu_sunjihai_youth_football_202606,tieba,forum,manual_url,external_agent_assisted,source_url_provided_unverified,medium_low,0.45,review_needed,comment,,,??????????????????????????? ??01-05?,zh-CN,https://tieba.baidu.com/f?kw=%E4%B8%AD%E5%9B%BD%E8%B6%B3%E7%90%83&sample=01,https://tieba.baidu.com/f?kw=%E4%B8%AD%E5%9B%BD%E8%B6%B3%E7%90%83&sample=01,src_tieba_01,,2026-06-07T13:00:00.000Z,2026-06-17T12:10:16.496Z,,sha256_platform_case_salt,unknown,true,true,,5,6,0,0,sha256:fc439ef8a1a41c4539a070c206cac557658cc14c31a0bb1490e399a930026d74,sha256:fc439ef8a1a41c4539a070c206cac557658cc14c31a0bb1490e399a930026d74,sha256:269ec08b9d27460a28696aebcd888e9bf0b6b640d02bcfd79e17f36a47c4cae2,dup_dc1b995c67b92bef8d58,1,[],public,public,manual_comment_sample,Selected public sample only. Not full-platform coverage. Not full-web coverage. Not full-thread coverage.,"{""asset_id"":""local-snapshot-src_tieba_01-comment-18-5"",""run_id"":"""",""task_id"":"""",""source_path"":"""",""record_type"":""comment"",""field_score"":0,""keyword"":"""",""entity_ids"":[]}","{""normalized_from"":""opencrawler_local_asset"",""source_record_id"":""local-snapshot-src_tieba_01-comment-18-5"",""source_type"":""forum"",""acquisition_mode"":""manual_url"",""normalized_at"":""2026-06-17T12:10:16.502Z"",""warnings"":[]}",false,false,,community,,youth_training_concern,platform_discussion,unknown,unknown,unknown,unknown,neutral,concern,youth_training_concern_cluster,17
sgv1_d685522ce18070c3b625f3a8,donglu_sunjihai_youth_football_202606,tieba,forum,manual_url,external_agent_assisted,source_url_provided_unverified,medium_low,0.45,review_needed,comment,,,????????????????????? ??01-06?,zh-CN,https://tieba.baidu.com/f?kw=%E4%B8%AD%E5%9B%BD%E8%B6%B3%E7%90%83&sample=01,https://tieba.baidu.com/f?kw=%E4%B8%AD%E5%9B%BD%E8%B6%B3%E7%90%83&sample=01,src_tieba_01,,2026-06-08T14:00:00.000Z,2026-06-17T12:10:16.496Z,,sha256_platform_case_salt,unknown,true,true,,6,7,0,0,sha256:74661d9aab30affb0aab8c1618d0bc2e783bd47e76a1de4ad66109ddbec11dc0,sha256:74661d9aab30affb0aab8c1618d0bc2e783bd47e76a1de4ad66109ddbec11dc0,sha256:269ec08b9d27460a28696aebcd888e9bf0b6b640d02bcfd79e17f36a47c4cae2,dup_6d11dcb91e95d3b30e60,1,[],public,public,manual_comment_sample,Selected public sample only. Not full-platform coverage. Not full-web coverage. Not full-thread coverage.,"{""asset_id"":""local-snapshot-src_tieba_01-comment-18-6"",""run_id"":"""",""task_id"":"""",""source_path"":"""",""record_type"":""comment"",""field_score"":0,""keyword"":"""",""entity_ids"":[]}","{""normalized_from"":""opencrawler_local_asset"",""source_record_id"":""local-snapshot-src_tieba_01-comment-18-6"",""source_type"":""forum"",""acquisition_mode"":""manual_url"",""normalized_at"":""2026-06-17T12:10:16.502Z"",""warnings"":[]}",false,false,,community,,anti_conflict_fatigue,extreme_cluster_or_trolling,unknown,unknown,unknown,unknown,fatigue,fatigue,fatigue_cluster,20
sgv1_ac4d26d2524261ced45f4d5d,donglu_sunjihai_youth_football_202606,tieba,forum,manual_url,external_agent_assisted,source_url_provided_unverified,medium_low,0.45,review_needed,comment,,,?????????????????????? ??01-07?,zh-CN,https://tieba.baidu.com/f?kw=%E4%B8%AD%E5%9B%BD%E8%B6%B3%E7%90%83&sample=01,https://tieba.baidu.com/f?kw=%E4%B8%AD%E5%9B%BD%E8%B6%B3%E7%90%83&sample=01,src_tieba_01,,2026-06-09T15:00:00.000Z,2026-06-17T12:10:16.496Z,,sha256_platform_case_salt,unknown,true,true,,7,8,0,0,sha256:b7953dbe00f3e408d574d7897de4f5b3a949b50c9582f81eecc981f5fb727de3,sha256:b7953dbe00f3e408d574d7897de4f5b3a949b50c9582f81eecc981f5fb727de3,sha256:269ec08b9d27460a28696aebcd888e9bf0b6b640d02bcfd79e17f36a47c4cae2,dup_584ed4a95be516ac5f80,1,[],public,public,manual_comment_sample,Selected public sample only. Not full-platform coverage. Not full-web coverage. Not full-thread coverage.,"{""asset_id"":""local-snapshot-src_tieba_01-comment-18-7"",""run_id"":"""",""task_id"":"""",""source_path"":"""",""record_type"":""comment"",""field_score"":0,""keyword"":"""",""entity_ids"":[]}","{""normalized_from"":""opencrawler_local_asset"",""source_record_id"":""local-snapshot-src_tieba_01-comment-18-7"",""source_type"":""forum"",""acquisition_mode"":""manual_url"",""normalized_at"":""2026-06-17T12:10:16.502Z"",""warnings"":[]}",false,false,,community,,media_context,unknown,unknown,unknown,unknown,unknown,bridge,neutral,media_context_reader,23
sgv1_3c06069abb24d520a6618b7d,donglu_sunjihai_youth_football_202606,tieba,forum,manual_url,external_agent_assisted,source_url_provided_unverified,medium_low,0.45,review_needed,comment,,,??????????????????????? ??01-08?,zh-CN,https://tieba.baidu.com/f?kw=%E4%B8%AD%E5%9B%BD%E8%B6%B3%E7%90%83&sample=01,https://tieba.baidu.com/f?kw=%E4%B8%AD%E5%9B%BD%E8%B6%B3%E7%90%83&sample=01,src_tieba_01,,2026-06-10T16:00:00.000Z,2026-06-17T12:10:16.496Z,,sha256_platform_case_salt,unknown,true,true,,8,9,0,0,sha256:8eac606e62b9764172ea98fdb6436da6a720df8b7286efd392b40a8c1d2b243d,sha256:8eac606e62b9764172ea98fdb6436da6a720df8b7286efd392b40a8c1d2b243d,sha256:269ec08b9d27460a28696aebcd888e9bf0b6b640d02bcfd79e17f36a47c4cae2,dup_75e4ac23c7399f185241,1,[],public,public,manual_comment_sample,Selected public sample only. Not full-platform coverage. Not full-web coverage. Not full-thread coverage.,"{""asset_id"":""local-snapshot-src_tieba_01-comment-18-8"",""run_id"":"""",""task_id"":"""",""source_path"":"""",""record_type"":""comment"",""field_score"":0,""keyword"":"""",""entity_ids"":[]}","{""normalized_from"":""opencrawler_local_asset"",""source_record_id"":""local-snapshot-src_tieba_01-comment-18-8"",""source_type"":""forum"",""acquisition_mode"":""manual_url"",""normalized_at"":""2026-06-17T12:10:16.502Z"",""warnings"":[]}",false,false,,community,,extreme_attack_or_trolling,youth_training_model,unknown,unknown,unknown,unknown,isolated_extreme,anger,isolated_extreme_cluster,26
sgv1_da2e7b1f944178e62aa48133,donglu_sunjihai_youth_football_202606,tieba,forum,manual_url,external_agent_assisted,source_url_provided_unverified,medium_low,0.45,review_needed,comment,,,????????????????? ??01-09?,zh-CN,https://tieba.baidu.com/f?kw=%E4%B8%AD%E5%9B%BD%E8%B6%B3%E7%90%83&sample=01,https://tieba.baidu.com/f?kw=%E4%B8%AD%E5%9B%BD%E8%B6%B3%E7%90%83&sample=01,src_tieba_01,,2026-06-11T17:00:00.000Z,2026-06-17T12:10:16.496Z,,sha256_platform_case_salt,unknown,true,true,,9,10,0,0,sha256:8458ac3435eeec6722f9b199a5091d0cbf288cc52f3f28580114364366844a6f,sha256:8458ac3435eeec6722f9b199a5091d0cbf288cc52f3f28580114364366844a6f,sha256:269ec08b9d27460a28696aebcd888e9bf0b6b640d02bcfd79e17f36a47c4cae2,dup_0eee0339dac7b48d3bd7,1,[],public,public,manual_comment_sample,Selected public sample only. Not full-platform coverage. Not full-web coverage. Not full-thread coverage.,"{""asset_id"":""local-snapshot-src_tieba_01-comment-18-9"",""run_id"":"""",""task_id"":"""",""source_path"":"""",""record_type"":""comment"",""field_score"":0,""keyword"":"""",""entity_ids"":[]}","{""normalized_from"":""opencrawler_local_asset"",""source_record_id"":""local-snapshot-src_tieba_01-comment-18-9"",""source_type"":""forum"",""acquisition_mode"":""manual_url"",""normalized_at"":""2026-06-17T12:10:16.502Z"",""warnings"":[]}",false,false,,community,,unknown,contract_or_responsibility_dispute,unknown,unknown,unknown,unknown,unknown,unknown,unknown,29
sgv1_aa6ce3fd9ecc8cbb407ffb59,donglu_sunjihai_youth_football_202606,tieba,forum,manual_url,external_agent_assisted,source_url_provided_unverified,medium_low,0.45,review_needed,comment,,,???????????????????????? ??01-10?,zh-CN,https://tieba.baidu.com/f?kw=%E4%B8%AD%E5%9B%BD%E8%B6%B3%E7%90%83&sample=01,https://tieba.baidu.com/f?kw=%E4%B8%AD%E5%9B%BD%E8%B6%B3%E7%90%83&sample=01,src_tieba_01,,2026-06-12T18:00:00.000Z,2026-06-17T12:10:16.496Z,,sha256_platform_case_salt,unknown,true,true,,10,11,0,0,sha256:fe85e73e769b61d70831c3824c3a21db720bdd4bfca7b42e368a709683322ea1,sha256:fe85e73e769b61d70831c3824c3a21db720bdd4bfca7b42e368a709683322ea1,sha256:269ec08b9d27460a28696aebcd888e9bf0b6b640d02bcfd79e17f36a47c4cae2,dup_4e61b1af0ada39d166d7,1,[],public,public,manual_comment_sample,Selected public sample only. Not full-platform coverage. Not full-web coverage. Not full-thread coverage.,"{""asset_id"":""local-snapshot-src_tieba_01-comment-18-10"",""run_id"":"""",""task_id"":"""",""source_path"":"""",""record_type"":""comment"",""field_score"":0,""keyword"":"""",""entity_ids"":[]}","{""normalized_from"":""opencrawler_local_asset"",""source_record_id"":""local-snapshot-src_tieba_01-comment-18-10"",""source_type"":""forum"",""acquisition_mode"":""manual_url"",""normalized_at"":""2026-06-17T12:10:16.502Z"",""warnings"":[]}",false,false,,community,,support_donglu_view,public_response,unknown,unknown,unknown,unknown,core_support,curiosity,route_supporter_donglu,32
sgv1_8d435c83de777a7cca58126b,donglu_sunjihai_youth_football_202606,tieba,forum,manual_url,external_agent_assisted,source_url_provided_unverified,medium_low,0.45,review_needed,comment,,,?????????????????????????? ??01-11?,zh-CN,https://tieba.baidu.com/f?kw=%E4%B8%AD%E5%9B%BD%E8%B6%B3%E7%90%83&sample=01,https://tieba.baidu.com/f?kw=%E4%B8%AD%E5%9B%BD%E8%B6%B3%E7%90%83&sample=01,src_tieba_01,,2026-06-13T19:00:00.000Z,2026-06-17T12:10:16.496Z,,sha256_platform_case_salt,unknown,true,true,,11,12,0,0,sha256:454868cff12a8b9c2ed9dc66b5b1a9c89bc28c65526629f2044b4308b975c292,sha256:454868cff12a8b9c2ed9dc66b5b1a9c89bc28c65526629f2044b4308b975c292,sha256:269ec08b9d27460a28696aebcd888e9bf0b6b640d02bcfd79e17f36a47c4cae2,dup_7da72a16db31dc7e609a,1,[],public,public,manual_comment_sample,Selected public sample only. Not full-platform coverage. Not full-web coverage. Not full-thread coverage.,"{""asset_id"":""local-snapshot-src_tieba_01-comment-18-11"",""run_id"":"""",""task_id"":"""",""source_path"":"""",""record_type"":""comment"",""field_score"":0,""keyword"":"""",""entity_ids"":[]}","{""normalized_from"":""opencrawler_local_asset"",""source_record_id"":""local-snapshot-src_tieba_01-comment-18-11"",""source_type"":""forum"",""acquisition_mode"":""manual_url"",""normalized_at"":""2026-06-17T12:10:16.502Z"",""warnings"":[]}",false,false,,community,,support_sunjihai_view,media_reframing,unknown,unknown,unknown,unknown,core_support,curiosity,route_supporter_sunjihai,35
sgv1_db0b608833020435c07f972a,donglu_sunjihai_youth_football_202606,tieba,forum,manual_url,external_agent_assisted,source_url_provided_unverified,medium_low,0.45,review_needed,comment,,,???????????????????????????? ??01-12?,zh-CN,https://tieba.baidu.com/f?kw=%E4%B8%AD%E5%9B%BD%E8%B6%B3%E7%90%83&sample=01,https://tieba.baidu.com/f?kw=%E4%B8%AD%E5%9B%BD%E8%B6%B3%E7%90%83&sample=01,src_tieba_01,,2026-06-14T20:00:00.000Z,2026-06-17T12:10:16.496Z,,sha256_platform_case_salt,unknown,true,true,,12,13,0,0,sha256:3383293291538123580e172b35c8d024c1fd8c481a46a1f2106eafcc26049c8d,sha256:3383293291538123580e172b35c8d024c1fd8c481a46a1f2106eafcc26049c8d,sha256:269ec08b9d27460a28696aebcd888e9bf0b6b640d02bcfd79e17f36a47c4cae2,dup_8059fbfa59da044f84d3,1,[],public,public,manual_comment_sample,Selected public sample only. Not full-platform coverage. Not full-web coverage. Not full-thread coverage.,"{""asset_id"":""local-snapshot-src_tieba_01-comment-18-12"",""run_id"":"""",""task_id"":"""",""source_path"":"""",""record_type"":""comment"",""field_score"":0,""keyword"":"""",""entity_ids"":[]}","{""normalized_from"":""opencrawler_local_asset"",""source_record_id"":""local-snapshot-src_tieba_01-comment-18-12"",""source_type"":""forum"",""acquisition_mode"":""manual_url"",""normalized_at"":""2026-06-17T12:10:16.502Z"",""warnings"":[]}",false,false,,community,,neutral_process_focused,fan_community_reaction,unknown,unknown,unknown,unknown,bridge,neutral,process_observer,38
sgv1_82ef39273419bc194b0677d8,donglu_sunjihai_youth_football_202606,tieba,forum,manual_url,external_agent_assisted,source_url_provided_unverified,medium_low,0.45,review_needed,comment,,,?????????????????????? ??01-13?,zh-CN,https://tieba.baidu.com/f?kw=%E4%B8%AD%E5%9B%BD%E8%B6%B3%E7%90%83&sample=01,https://tieba.baidu.com/f?kw=%E4%B8%AD%E5%9B%BD%E8%B6%B3%E7%90%83&sample=01,src_tieba_01,,2026-06-01T21:00:00.000Z,2026-06-17T12:10:16.496Z,,sha256_platform_case_salt,unknown,true,true,,13,14,0,0,sha256:a54af305267ff5d65d3f3e38a7acba9d4a43a5a4f9074d2e2c2638073407409f,sha256:a54af305267ff5d65d3f3e38a7acba9d4a43a5a4f9074d2e2c2638073407409f,sha256:269ec08b9d27460a28696aebcd888e9bf0b6b640d02bcfd79e17f36a47c4cae2,dup_da51a666acb025ce51fb,1,[],public,public,manual_comment_sample,Selected public sample only. Not full-platform coverage. Not full-web coverage. Not full-thread coverage.,"{""asset_id"":""local-snapshot-src_tieba_01-comment-18-13"",""run_id"":"""",""task_id"":"""",""source_path"":"""",""record_type"":""comment"",""field_score"":0,""keyword"":"""",""entity_ids"":[]}","{""normalized_from"":""opencrawler_local_asset"",""source_record_id"":""local-snapshot-src_tieba_01-comment-18-13"",""source_type"":""forum"",""acquisition_mode"":""manual_url"",""normalized_at"":""2026-06-17T12:10:16.502Z"",""warnings"":[]}",false,false,,community,,youth_training_concern,children_protection_boundary,unknown,unknown,unknown,unknown,neutral,concern,youth_training_concern_cluster,41
sgv1_0d2ad13d6f573c734d4c1972,donglu_sunjihai_youth_football_202606,tieba,forum,manual_url,external_agent_assisted,source_url_provided_unverified,medium_low,0.45,review_needed,comment,,,???????????????????????? ??01-14?,zh-CN,https://tieba.baidu.com/f?kw=%E4%B8%AD%E5%9B%BD%E8%B6%B3%E7%90%83&sample=01,https://tieba.baidu.com/f?kw=%E4%B8%AD%E5%9B%BD%E8%B6%B3%E7%90%83&sample=01,src_tieba_01,,2026-06-02T22:00:00.000Z,2026-06-17T12:10:16.496Z,,sha256_platform_case_salt,unknown,true,true,,14,15,0,0,sha256:3ef8fbbcb290c3ed79aa76a9691703d8adff843d2235e2f38262874b1698c200,sha256:3ef8fbbcb290c3ed79aa76a9691703d8adff843d2235e2f38262874b1698c200,sha256:269ec08b9d27460a28696aebcd888e9bf0b6b640d02bcfd79e17f36a47c4cae2,dup_a4f8ec79db27bdbc2af7,1,[],public,public,manual_comment_sample,Selected public sample only. Not full-platform coverage. Not full-web coverage. Not full-thread coverage.,"{""asset_id"":""local-snapshot-src_tieba_01-comment-18-14"",""run_id"":"""",""task_id"":"""",""source_path"":"""",""record_type"":""comment"",""field_score"":0,""keyword"":"""",""entity_ids"":[]}","{""normalized_from"":""opencrawler_local_asset"",""source_record_id"":""local-snapshot-src_tieba_01-comment-18-14"",""source_type"":""forum"",""acquisition_mode"":""manual_url"",""normalized_at"":""2026-06-17T12:10:16.502Z"",""warnings"":[]}",false,false,,community,,anti_conflict_fatigue,chinese_football_reputation,unknown,unknown,unknown,unknown,fatigue,fatigue,fatigue_cluster,44
sgv1_e1997ef376aca03f5ef30bcf,donglu_sunjihai_youth_football_202606,tieba,forum,manual_url,external_agent_assisted,source_url_provided_unverified,medium_low,0.45,review_needed,comment,,,????????????????????????? ??01-15?,zh-CN,https://tieba.baidu.com/f?kw=%E4%B8%AD%E5%9B%BD%E8%B6%B3%E7%90%83&sample=01,https://tieba.baidu.com/f?kw=%E4%B8%AD%E5%9B%BD%E8%B6%B3%E7%90%83&sample=01,src_tieba_01,,2026-06-03T23:00:00.000Z,2026-06-17T12:10:16.496Z,,sha256_platform_case_salt,unknown,true,true,,15,16,0,0,sha256:e56d1ccecbdab8542acb3db2da7fa5b5499ef224f70c38bb875c1cdab310e109,sha256:e56d1ccecbdab8542acb3db2da7fa5b5499ef224f70c38bb875c1cdab310e109,sha256:269ec08b9d27460a28696aebcd888e9bf0b6b640d02bcfd79e17f36a47c4cae2,dup_abf36c34c5deed8f9df9,1,[],public,public,manual_comment_sample,Selected public sample only. Not full-platform coverage. Not full-web coverage. Not full-thread coverage.,"{""asset_id"":""local-snapshot-src_tieba_01-comment-18-15"",""run_id"":"""",""task_id"":"""",""source_path"":"""",""record_type"":""comment"",""field_score"":0,""keyword"":"""",""entity_ids"":[]}","{""normalized_from"":""opencrawler_local_asset"",""source_record_id"":""local-snapshot-src_tieba_01-comment-18-15"",""source_type"":""forum"",""acquisition_mode"":""manual_url"",""normalized_at"":""2026-06-17T12:10:16.502Z"",""warnings"":[]}",false,false,,community,,media_context,platform_discussion,unknown,unknown,unknown,unknown,bridge,neutral,media_context_reader,47
sgv1_af900d9f1f83763e33070158,donglu_sunjihai_youth_football_202606,tieba,forum,manual_url,external_agent_assisted,source_url_provided_unverified,medium_low,0.45,review_needed,comment,,,??????????????????????? ??01-16?,zh-CN,https://tieba.baidu.com/f?kw=%E4%B8%AD%E5%9B%BD%E8%B6%B3%E7%90%83&sample=01,https://tieba.baidu.com/f?kw=%E4%B8%AD%E5%9B%BD%E8%B6%B3%E7%90%83&sample=01,src_tieba_01,,2026-06-04T00:00:00.000Z,2026-06-17T12:10:16.496Z,,sha256_platform_case_salt,unknown,true,true,,16,17,0,0,sha256:b1457f1de8dcfc57c645c2fb65d4b71c1101458316cd5662a647712a3d1f9d24,sha256:b1457f1de8dcfc57c645c2fb65d4b71c1101458316cd5662a647712a3d1f9d24,sha256:269ec08b9d27460a28696aebcd888e9bf0b6b640d02bcfd79e17f36a47c4cae2,dup_3734e32226907237efdb,1,[],public,public,manual_comment_sample,Selected public sample only. Not full-platform coverage. Not full-web coverage. Not full-thread coverage.,"{""asset_id"":""local-snapshot-src_tieba_01-comment-18-16"",""run_id"":"""",""task_id"":"""",""source_path"":"""",""record_type"":""comment"",""field_score"":0,""keyword"":"""",""entity_ids"":[]}","{""normalized_from"":""opencrawler_local_asset"",""source_record_id"":""local-snapshot-src_tieba_01-comment-18-16"",""source_type"":""forum"",""acquisition_mode"":""manual_url"",""normalized_at"":""2026-06-17T12:10:16.502Z"",""warnings"":[]}",false,false,,community,,extreme_attack_or_trolling,extreme_cluster_or_trolling,unknown,unknown,unknown,unknown,isolated_extreme,anger,isolated_extreme_cluster,50
sgv1_a4eeb8be709c4fed1122c9f4,donglu_sunjihai_youth_football_202606,tieba,forum,manual_url,external_agent_assisted,source_url_provided_unverified,medium_low,0.45,review_needed,comment,,,????????????????????? ??01-17?,zh-CN,https://tieba.baidu.com/f?kw=%E4%B8%AD%E5%9B%BD%E8%B6%B3%E7%90%83&sample=01,https://tieba.baidu.com/f?kw=%E4%B8%AD%E5%9B%BD%E8%B6%B3%E7%90%83&sample=01,src_tieba_01,,2026-06-05T01:00:00.000Z,2026-06-17T12:10:16.496Z,,sha256_platform_case_salt,unknown,true,true,,17,0,0,0,sha256:c42e6c57ef60020efc23310665eb3f5df143877e36069b3b355ced7bf1fb3d06,sha256:c42e6c57ef60020efc23310665eb3f5df143877e36069b3b355ced7bf1fb3d06,sha256:269ec08b9d27460a28696aebcd888e9bf0b6b640d02bcfd79e17f36a47c4cae2,dup_ee037db54ff779781562,1,[],public,public,manual_comment_sample,Selected public sample only. Not full-platform coverage. Not full-web coverage. Not full-thread coverage.,"{""asset_id"":""local-snapshot-src_tieba_01-comment-18-17"",""run_id"":"""",""task_id"":"""",""source_path"":"""",""record_type"":""comment"",""field_score"":0,""keyword"":"""",""entity_ids"":[]}","{""normalized_from"":""opencrawler_local_asset"",""source_record_id"":""local-snapshot-src_tieba_01-comment-18-17"",""source_type"":""forum"",""acquisition_mode"":""manual_url"",""normalized_at"":""2026-06-17T12:10:16.502Z"",""warnings"":[]}",false,false,,community,,unknown,unknown,unknown,unknown,unknown,unknown,unknown,unknown,unknown,17
sgv1_2c9f479fbf1c212b1f12ce41,donglu_sunjihai_youth_football_202606,tieba,forum,manual_url,external_agent_assisted,source_url_provided_unverified,medium_low,0.45,review_needed,comment,,,??????????????????????????? ??01-18?,zh-CN,https://tieba.baidu.com/f?kw=%E4%B8%AD%E5%9B%BD%E8%B6%B3%E7%90%83&sample=01,https://tieba.baidu.com/f?kw=%E4%B8%AD%E5%9B%BD%E8%B6%B3%E7%90%83&sample=01,src_tieba_01,,2026-06-06T02:00:00.000Z,2026-06-17T12:10:16.496Z,,sha256_platform_case_salt,unknown,true,true,,18,1,0,0,sha256:f65efd2359e7d3fe54f9fd44b37091d13eb2c39b79d8622537b7cb612b6e028a,sha256:f65efd2359e7d3fe54f9fd44b37091d13eb2c39b79d8622537b7cb612b6e028a,sha256:269ec08b9d27460a28696aebcd888e9bf0b6b640d02bcfd79e17f36a47c4cae2,dup_96b28d048ad961d001b5,1,[],public,public,manual_comment_sample,Selected public sample only. Not full-platform coverage. Not full-web coverage. Not full-thread coverage.,"{""asset_id"":""local-snapshot-src_tieba_01-comment-18-18"",""run_id"":"""",""task_id"":"""",""source_path"":"""",""record_type"":""comment"",""field_score"":0,""keyword"":"""",""entity_ids"":[]}","{""normalized_from"":""opencrawler_local_asset"",""source_record_id"":""local-snapshot-src_tieba_01-comment-18-18"",""source_type"":""forum"",""acquisition_mode"":""manual_url"",""normalized_at"":""2026-06-17T12:10:16.502Z"",""warnings"":[]}",false,false,,community,,support_donglu_view,youth_training_model,unknown,unknown,unknown,unknown,core_support,curiosity,route_supporter_donglu,20
sgv1_9d1ace612579b4a089947582,donglu_sunjihai_youth_football_202606,tieba,forum,manual_url,external_agent_assisted,source_url_provided_unverified,medium_low,0.45,review_needed,comment,,,???????????????????????? ??02-01?,zh-CN,https://tieba.baidu.com/f?kw=%E4%B8%AD%E5%9B%BD%E8%B6%B3%E7%90%83&sample=02,https://tieba.baidu.com/f?kw=%E4%B8%AD%E5%9B%BD%E8%B6%B3%E7%90%83&sample=02,src_tieba_02,,2026-06-04T09:00:00.000Z,2026-06-17T12:10:16.496Z,,sha256_platform_case_salt,unknown,true,true,,2,3,0,0,sha256:75ee0d931bae84f9c849143943c85fc83c993e3d91ca27930d41c782cb8ef122,sha256:75ee0d931bae84f9c849143943c85fc83c993e3d91ca27930d41c782cb8ef122,sha256:171a433a0efccf82b6172f5162d076f8c3d8495ea1cfb1290a21a2db7fef46e2,dup_6c6b1a6ce09208895e8a,1,[],public,public,manual_comment_sample,Selected public sample only. Not full-platform coverage. Not full-web coverage. Not full-thread coverage.,"{""asset_id"":""local-snapshot-src_tieba_02-comment-19-1"",""run_id"":"""",""task_id"":"""",""source_path"":"""",""record_type"":""comment"",""field_score"":0,""keyword"":"""",""entity_ids"":[]}","{""normalized_from"":""opencrawler_local_asset"",""source_record_id"":""local-snapshot-src_tieba_02-comment-19-1"",""source_type"":""forum"",""acquisition_mode"":""manual_url"",""normalized_at"":""2026-06-17T12:10:16.502Z"",""warnings"":[]}",false,false,,community,,support_donglu_view,children_protection_boundary,unknown,unknown,unknown,unknown,core_support,curiosity,route_supporter_donglu,8
sgv1_fc27b70257d45bc554feb707,donglu_sunjihai_youth_football_202606,tieba,forum,manual_url,external_agent_assisted,source_url_provided_unverified,medium_low,0.45,review_needed,comment,,,??????????????????????????? ??02-02?,zh-CN,https://tieba.baidu.com/f?kw=%E4%B8%AD%E5%9B%BD%E8%B6%B3%E7%90%83&sample=02,https://tieba.baidu.com/f?kw=%E4%B8%AD%E5%9B%BD%E8%B6%B3%E7%90%83&sample=02,src_tieba_02,,2026-06-05T10:00:00.000Z,2026-06-17T12:10:16.496Z,,sha256_platform_case_salt,unknown,true,true,,4,4,0,0,sha256:fba08cfd80a2dacd7e1f126ce0539a4572fe3e01e3e771f2013c8709fada79c0,sha256:fba08cfd80a2dacd7e1f126ce0539a4572fe3e01e3e771f2013c8709fada79c0,sha256:171a433a0efccf82b6172f5162d076f8c3d8495ea1cfb1290a21a2db7fef46e2,dup_876c07fc10da459c7209,1,[],public,public,manual_comment_sample,Selected public sample only. Not full-platform coverage. Not full-web coverage. Not full-thread coverage.,"{""asset_id"":""local-snapshot-src_tieba_02-comment-19-2"",""run_id"":"""",""task_id"":"""",""source_path"":"""",""record_type"":""comment"",""field_score"":0,""keyword"":"""",""entity_ids"":[]}","{""normalized_from"":""opencrawler_local_asset"",""source_record_id"":""local-snapshot-src_tieba_02-comment-19-2"",""source_type"":""forum"",""acquisition_mode"":""manual_url"",""normalized_at"":""2026-06-17T12:10:16.502Z"",""warnings"":[]}",false,false,,community,,support_sunjihai_view,chinese_football_reputation,unknown,unknown,unknown,unknown,core_support,curiosity,route_supporter_sunjihai,12
sgv1_3c04dbfdb00834439f43a8f5,donglu_sunjihai_youth_football_202606,tieba,forum,manual_url,external_agent_assisted,source_url_provided_unverified,medium_low,0.45,review_needed,comment,,,??????????????????? ??02-03?,zh-CN,https://tieba.baidu.com/f?kw=%E4%B8%AD%E5%9B%BD%E8%B6%B3%E7%90%83&sample=02,https://tieba.baidu.com/f?kw=%E4%B8%AD%E5%9B%BD%E8%B6%B3%E7%90%83&sample=02,src_tieba_02,,2026-06-06T11:00:00.000Z,2026-06-17T12:10:16.496Z,,sha256_platform_case_salt,unknown,true,true,,6,5,0,0,sha256:a6c57bbcb9d87ba518a655ef11091a2e94967218ae6b7906aaa2d2d961eeaa7c,sha256:a6c57bbcb9d87ba518a655ef11091a2e94967218ae6b7906aaa2d2d961eeaa7c,sha256:171a433a0efccf82b6172f5162d076f8c3d8495ea1cfb1290a21a2db7fef46e2,dup_0bfb67c0640067945925,1,[],public,public,manual_comment_sample,Selected public sample only. Not full-platform coverage. Not full-web coverage. Not full-thread coverage.,"{""asset_id"":""local-snapshot-src_tieba_02-comment-19-3"",""run_id"":"""",""task_id"":"""",""source_path"":"""",""record_type"":""comment"",""field_score"":0,""keyword"":"""",""entity_ids"":[]}","{""normalized_from"":""opencrawler_local_asset"",""source_record_id"":""local-snapshot-src_tieba_02-comment-19-3"",""source_type"":""forum"",""acquisition_mode"":""manual_url"",""normalized_at"":""2026-06-17T12:10:16.502Z"",""warnings"":[]}",false,false,,community,,neutral_process_focused,platform_discussion,unknown,unknown,unknown,unknown,bridge,neutral,process_observer,16
sgv1_50a09b114c13dddc3f7a7afb,donglu_sunjihai_youth_football_202606,tieba,forum,manual_url,external_agent_assisted,source_url_provided_unverified,medium_low,0.45,review_needed,comment,,,??????????????????????????? ??02-04?,zh-CN,https://tieba.baidu.com/f?kw=%E4%B8%AD%E5%9B%BD%E8%B6%B3%E7%90%83&sample=02,https://tieba.baidu.com/f?kw=%E4%B8%AD%E5%9B%BD%E8%B6%B3%E7%90%83&sample=02,src_tieba_02,,2026-06-07T12:00:00.000Z,2026-06-17T12:10:16.496Z,,sha256_platform_case_salt,unknown,true,true,,8,6,0,0,sha256:90e750844c71c536c0af11d143ad359e812929884c6170aaf323c9a6683b6c04,sha256:90e750844c71c536c0af11d143ad359e812929884c6170aaf323c9a6683b6c04,sha256:171a433a0efccf82b6172f5162d076f8c3d8495ea1cfb1290a21a2db7fef46e2,dup_b59b2b024bdcc567bfdc,1,[],public,public,manual_comment_sample,Selected public sample only. Not full-platform coverage. Not full-web coverage. Not full-thread coverage.,"{""asset_id"":""local-snapshot-src_tieba_02-comment-19-4"",""run_id"":"""",""task_id"":"""",""source_path"":"""",""record_type"":""comment"",""field_score"":0,""keyword"":"""",""entity_ids"":[]}","{""normalized_from"":""opencrawler_local_asset"",""source_record_id"":""local-snapshot-src_tieba_02-comment-19-4"",""source_type"":""forum"",""acquisition_mode"":""manual_url"",""normalized_at"":""2026-06-17T12:10:16.502Z"",""warnings"":[]}",false,false,,community,,youth_training_concern,extreme_cluster_or_trolling,unknown,unknown,unknown,unknown,neutral,concern,youth_training_concern_cluster,20
sgv1_55f411a7b3b311515dc9f111,donglu_sunjihai_youth_football_202606,tieba,forum,manual_url,external_agent_assisted,source_url_provided_unverified,medium_low,0.45,review_needed,comment,,,????????????????????? ??02-05?,zh-CN,https://tieba.baidu.com/f?kw=%E4%B8%AD%E5%9B%BD%E8%B6%B3%E7%90%83&sample=02,https://tieba.baidu.com/f?kw=%E4%B8%AD%E5%9B%BD%E8%B6%B3%E7%90%83&sample=02,src_tieba_02,,2026-06-08T13:00:00.000Z,2026-06-17T12:10:16.496Z,,sha256_platform_case_salt,unknown,true,true,,10,7,0,0,sha256:03df07fcd095707811f03449af6c925e2bbd2b552c5b22c50e04f39a4af71bf4,sha256:03df07fcd095707811f03449af6c925e2bbd2b552c5b22c50e04f39a4af71bf4,sha256:171a433a0efccf82b6172f5162d076f8c3d8495ea1cfb1290a21a2db7fef46e2,dup_fab21acb8b23646d63d3,1,[],public,public,manual_comment_sample,Selected public sample only. Not full-platform coverage. Not full-web coverage. Not full-thread coverage.,"{""asset_id"":""local-snapshot-src_tieba_02-comment-19-5"",""run_id"":"""",""task_id"":"""",""source_path"":"""",""record_type"":""comment"",""field_score"":0,""keyword"":"""",""entity_ids"":[]}","{""normalized_from"":""opencrawler_local_asset"",""source_record_id"":""local-snapshot-src_tieba_02-comment-19-5"",""source_type"":""forum"",""acquisition_mode"":""manual_url"",""normalized_at"":""2026-06-17T12:10:16.502Z"",""warnings"":[]}",false,false,,community,,anti_conflict_fatigue,unknown,unknown,unknown,unknown,unknown,fatigue,fatigue,fatigue_cluster,24
sgv1_d6885b020ca65a9e9fddbc21,donglu_sunjihai_youth_football_202606,tieba,forum,manual_url,external_agent_assisted,source_url_provided_unverified,medium_low,0.45,review_needed,comment,,,?????????????????????? ??02-06?,zh-CN,https://tieba.baidu.com/f?kw=%E4%B8%AD%E5%9B%BD%E8%B6%B3%E7%90%83&sample=02,https://tieba.baidu.com/f?kw=%E4%B8%AD%E5%9B%BD%E8%B6%B3%E7%90%83&sample=02,src_tieba_02,,2026-06-09T14:00:00.000Z,2026-06-17T12:10:16.496Z,,sha256_platform_case_salt,unknown,true,true,,12,8,0,0,sha256:3540d6a2e54dbdf431795b8d70858c6a480464b8485556b21b59ed16b6c508d5,sha256:3540d6a2e54dbdf431795b8d70858c6a480464b8485556b21b59ed16b6c508d5,sha256:171a433a0efccf82b6172f5162d076f8c3d8495ea1cfb1290a21a2db7fef46e2,dup_f34d5132913c4f201edb,1,[],public,public,manual_comment_sample,Selected public sample only. Not full-platform coverage. Not full-web coverage. Not full-thread coverage.,"{""asset_id"":""local-snapshot-src_tieba_02-comment-19-6"",""run_id"":"""",""task_id"":"""",""source_path"":"""",""record_type"":""comment"",""field_score"":0,""keyword"":"""",""entity_ids"":[]}","{""normalized_from"":""opencrawler_local_asset"",""source_record_id"":""local-snapshot-src_tieba_02-comment-19-6"",""source_type"":""forum"",""acquisition_mode"":""manual_url"",""normalized_at"":""2026-06-17T12:10:16.502Z"",""warnings"":[]}",false,false,,community,,media_context,youth_training_model,unknown,unknown,unknown,unknown,bridge,neutral,media_context_reader,28
sgv1_bcc1a7fae606e18d5cdf5e28,donglu_sunjihai_youth_football_202606,tieba,forum,manual_url,external_agent_assisted,source_url_provided_unverified,medium_low,0.45,review_needed,comment,,,??????????????????????? ??02-07?,zh-CN,https://tieba.baidu.com/f?kw=%E4%B8%AD%E5%9B%BD%E8%B6%B3%E7%90%83&sample=02,https://tieba.baidu.com/f?kw=%E4%B8%AD%E5%9B%BD%E8%B6%B3%E7%90%83&sample=02,src_tieba_02,,2026-06-10T15:00:00.000Z,2026-06-17T12:10:16.496Z,,sha256_platform_case_salt,unknown,true,true,,14,9,0,0,sha256:297d23846174cfda9bdbf340db7224f53ab2d14dc981ed202ff64770ca29a791,sha256:297d23846174cfda9bdbf340db7224f53ab2d14dc981ed202ff64770ca29a791,sha256:171a433a0efccf82b6172f5162d076f8c3d8495ea1cfb1290a21a2db7fef46e2,dup_2c6df23152d2f784f1fa,1,[],public,public,manual_comment_sample,Selected public sample only. Not full-platform coverage. Not full-web coverage. Not full-thread coverage.,"{""asset_id"":""local-snapshot-src_tieba_02-comment-19-7"",""run_id"":"""",""task_id"":"""",""source_path"":"""",""record_type"":""comment"",""field_score"":0,""keyword"":"""",""entity_ids"":[]}","{""normalized_from"":""opencrawler_local_asset"",""source_record_id"":""local-snapshot-src_tieba_02-comment-19-7"",""source_type"":""forum"",""acquisition_mode"":""manual_url"",""normalized_at"":""2026-06-17T12:10:16.502Z"",""warnings"":[]}",false,false,,community,,extreme_attack_or_trolling,contract_or_responsibility_dispute,unknown,unknown,unknown,unknown,isolated_extreme,anger,isolated_extreme_cluster,32
sgv1_b3e5b0a5d3920b6c35053fab,donglu_sunjihai_youth_football_202606,tieba,forum,manual_url,external_agent_assisted,source_url_provided_unverified,medium_low,0.45,review_needed,comment,,,????????????????? ??02-08?,zh-CN,https://tieba.baidu.com/f?kw=%E4%B8%AD%E5%9B%BD%E8%B6%B3%E7%90%83&sample=02,https://tieba.baidu.com/f?kw=%E4%B8%AD%E5%9B%BD%E8%B6%B3%E7%90%83&sample=02,src_tieba_02,,2026-06-11T16:00:00.000Z,2026-06-17T12:10:16.496Z,,sha256_platform_case_salt,unknown,true,true,,16,10,0,0,sha256:ddf695857af67e28199e22debf42cc6335a971d94e0744146e96c115b2549c38,sha256:ddf695857af67e28199e22debf42cc6335a971d94e0744146e96c115b2549c38,sha256:171a433a0efccf82b6172f5162d076f8c3d8495ea1cfb1290a21a2db7fef46e2,dup_949b59db57f9ce03c45f,1,[],public,public,manual_comment_sample,Selected public sample only. Not full-platform coverage. Not full-web coverage. Not full-thread coverage.,"{""asset_id"":""local-snapshot-src_tieba_02-comment-19-8"",""run_id"":"""",""task_id"":"""",""source_path"":"""",""record_type"":""comment"",""field_score"":0,""keyword"":"""",""entity_ids"":[]}","{""normalized_from"":""opencrawler_local_asset"",""source_record_id"":""local-snapshot-src_tieba_02-comment-19-8"",""source_type"":""forum"",""acquisition_mode"":""manual_url"",""normalized_at"":""2026-06-17T12:10:16.502Z"",""warnings"":[]}",false,false,,community,,unknown,public_response,unknown,unknown,unknown,unknown,unknown,unknown,unknown,36
sgv1_0420a801224539e77ed62cfd,donglu_sunjihai_youth_football_202606,tieba,forum,manual_url,external_agent_assisted,source_url_provided_unverified,medium_low,0.45,review_needed,comment,,,???????????????????????? ??02-09?,zh-CN,https://tieba.baidu.com/f?kw=%E4%B8%AD%E5%9B%BD%E8%B6%B3%E7%90%83&sample=02,https://tieba.baidu.com/f?kw=%E4%B8%AD%E5%9B%BD%E8%B6%B3%E7%90%83&sample=02,src_tieba_02,,2026-06-12T17:00:00.000Z,2026-06-17T12:10:16.496Z,,sha256_platform_case_salt,unknown,true,true,,18,11,0,0,sha256:19e0d19699c901325929ad3de51fbfd39555ba0a0cf76c9231d63abc9ee4708e,sha256:19e0d19699c901325929ad3de51fbfd39555ba0a0cf76c9231d63abc9ee4708e,sha256:171a433a0efccf82b6172f5162d076f8c3d8495ea1cfb1290a21a2db7fef46e2,dup_4dfabb6f9228af25e215,1,[],public,public,manual_comment_sample,Selected public sample only. Not full-platform coverage. Not full-web coverage. Not full-thread coverage.,"{""asset_id"":""local-snapshot-src_tieba_02-comment-19-9"",""run_id"":"""",""task_id"":"""",""source_path"":"""",""record_type"":""comment"",""field_score"":0,""keyword"":"""",""entity_ids"":[]}","{""normalized_from"":""opencrawler_local_asset"",""source_record_id"":""local-snapshot-src_tieba_02-comment-19-9"",""source_type"":""forum"",""acquisition_mode"":""manual_url"",""normalized_at"":""2026-06-17T12:10:16.502Z"",""warnings"":[]}",false,false,,community,,support_donglu_view,media_reframing,unknown,unknown,unknown,unknown,core_support,curiosity,route_supporter_donglu,40
sgv1_770db13bfe2fa059d4391d7a,donglu_sunjihai_youth_football_202606,tieba,forum,manual_url,external_agent_assisted,source_url_provided_unverified,medium_low,0.45,review_needed,comment,,,?????????????????????????? ??02-10?,zh-CN,https://tieba.baidu.com/f?kw=%E4%B8%AD%E5%9B%BD%E8%B6%B3%E7%90%83&sample=02,https://tieba.baidu.com/f?kw=%E4%B8%AD%E5%9B%BD%E8%B6%B3%E7%90%83&sample=02,src_tieba_02,,2026-06-13T18:00:00.000Z,2026-06-17T12:10:16.496Z,,sha256_platform_case_salt,unknown,true,true,,20,12,0,0,sha256:047e3090bd3b249080265b6ffcd14ed165c1d15197f41e075c3a475560390aff,sha256:047e3090bd3b249080265b6ffcd14ed165c1d15197f41e075c3a475560390aff,sha256:171a433a0efccf82b6172f5162d076f8c3d8495ea1cfb1290a21a2db7fef46e2,dup_283e4a5f652d8b9196b7,1,[],public,public,manual_comment_sample,Selected public sample only. Not full-platform coverage. Not full-web coverage. Not full-thread coverage.,"{""asset_id"":""local-snapshot-src_tieba_02-comment-19-10"",""run_id"":"""",""task_id"":"""",""source_path"":"""",""record_type"":""comment"",""field_score"":0,""keyword"":"""",""entity_ids"":[]}","{""normalized_from"":""opencrawler_local_asset"",""source_record_id"":""local-snapshot-src_tieba_02-comment-19-10"",""source_type"":""forum"",""acquisition_mode"":""manual_url"",""normalized_at"":""2026-06-17T12:10:16.502Z"",""warnings"":[]}",false,false,,community,,support_sunjihai_view,fan_community_reaction,unknown,unknown,unknown,unknown,core_support,curiosity,route_supporter_sunjihai,44
sgv1_31febe66ae8b657a39012682,donglu_sunjihai_youth_football_202606,tieba,forum,manual_url,external_agent_assisted,source_url_provided_unverified,medium_low,0.45,review_needed,comment,,,???????????????????????????? ??02-11?,zh-CN,https://tieba.baidu.com/f?kw=%E4%B8%AD%E5%9B%BD%E8%B6%B3%E7%90%83&sample=02,https://tieba.baidu.com/f?kw=%E4%B8%AD%E5%9B%BD%E8%B6%B3%E7%90%83&sample=02,src_tieba_02,,2026-06-14T19:00:00.000Z,2026-06-17T12:10:16.496Z,,sha256_platform_case_salt,unknown,true,true,,22,13,0,0,sha256:0eef159dca34dcc127286ef2dcc3c3f842a87490b4dc43f3d9810c3060a41d99,sha256:0eef159dca34dcc127286ef2dcc3c3f842a87490b4dc43f3d9810c3060a41d99,sha256:171a433a0efccf82b6172f5162d076f8c3d8495ea1cfb1290a21a2db7fef46e2,dup_b8ee8afadbb5606fe63e,1,[],public,public,manual_comment_sample,Selected public sample only. Not full-platform coverage. Not full-web coverage. Not full-thread coverage.,"{""asset_id"":""local-snapshot-src_tieba_02-comment-19-11"",""run_id"":"""",""task_id"":"""",""source_path"":"""",""record_type"":""comment"",""field_score"":0,""keyword"":"""",""entity_ids"":[]}","{""normalized_from"":""opencrawler_local_asset"",""source_record_id"":""local-snapshot-src_tieba_02-comment-19-11"",""source_type"":""forum"",""acquisition_mode"":""manual_url"",""normalized_at"":""2026-06-17T12:10:16.502Z"",""warnings"":[]}",false,false,,community,,neutral_process_focused,children_protection_boundary,unknown,unknown,unknown,unknown,bridge,neutral,process_observer,48
sgv1_86a573fccd62251b1e186254,donglu_sunjihai_youth_football_202606,tieba,forum,manual_url,external_agent_assisted,source_url_provided_unverified,medium_low,0.45,review_needed,comment,,,?????????????????????? ??02-12?,zh-CN,https://tieba.baidu.com/f?kw=%E4%B8%AD%E5%9B%BD%E8%B6%B3%E7%90%83&sample=02,https://tieba.baidu.com/f?kw=%E4%B8%AD%E5%9B%BD%E8%B6%B3%E7%90%83&sample=02,src_tieba_02,,2026-06-01T20:00:00.000Z,2026-06-17T12:10:16.496Z,,sha256_platform_case_salt,unknown,true,true,,24,14,0,0,sha256:130d82e6e1ff054a339b63104317028a01b71ca8e3b8ee9da91f609103eb6079,sha256:130d82e6e1ff054a339b63104317028a01b71ca8e3b8ee9da91f609103eb6079,sha256:171a433a0efccf82b6172f5162d076f8c3d8495ea1cfb1290a21a2db7fef46e2,dup_cfde02e464f5a18d0c4e,1,[],public,public,manual_comment_sample,Selected public sample only. Not full-platform coverage. Not full-web coverage. Not full-thread coverage.,"{""asset_id"":""local-snapshot-src_tieba_02-comment-19-12"",""run_id"":"""",""task_id"":"""",""source_path"":"""",""record_type"":""comment"",""field_score"":0,""keyword"":"""",""entity_ids"":[]}","{""normalized_from"":""opencrawler_local_asset"",""source_record_id"":""local-snapshot-src_tieba_02-comment-19-12"",""source_type"":""forum"",""acquisition_mode"":""manual_url"",""normalized_at"":""2026-06-17T12:10:16.502Z"",""warnings"":[]}",false,false,,community,,youth_training_concern,chinese_football_reputation,unknown,unknown,unknown,unknown,neutral,concern,youth_training_concern_cluster,52
sgv1_27370b2ade4754e886c6cd3a,donglu_sunjihai_youth_football_202606,tieba,forum,manual_url,external_agent_assisted,source_url_provided_unverified,medium_low,0.45,review_needed,comment,,,???????????????????????? ??02-13?,zh-CN,https://tieba.baidu.com/f?kw=%E4%B8%AD%E5%9B%BD%E8%B6%B3%E7%90%83&sample=02,https://tieba.baidu.com/f?kw=%E4%B8%AD%E5%9B%BD%E8%B6%B3%E7%90%83&sample=02,src_tieba_02,,2026-06-02T21:00:00.000Z,2026-06-17T12:10:16.496Z,,sha256_platform_case_salt,unknown,true,true,,26,15,0,0,sha256:1526cd4bf21f3e46db138520b60048906e72122bed6e1dc9048f537e6df148b2,sha256:1526cd4bf21f3e46db138520b60048906e72122bed6e1dc9048f537e6df148b2,sha256:171a433a0efccf82b6172f5162d076f8c3d8495ea1cfb1290a21a2db7fef46e2,dup_17becc2c737c71aefe74,1,[],public,public,manual_comment_sample,Selected public sample only. Not full-platform coverage. Not full-web coverage. Not full-thread coverage.,"{""asset_id"":""local-snapshot-src_tieba_02-comment-19-13"",""run_id"":"""",""task_id"":"""",""source_path"":"""",""record_type"":""comment"",""field_score"":0,""keyword"":"""",""entity_ids"":[]}","{""normalized_from"":""opencrawler_local_asset"",""source_record_id"":""local-snapshot-src_tieba_02-comment-19-13"",""source_type"":""forum"",""acquisition_mode"":""manual_url"",""normalized_at"":""2026-06-17T12:10:16.502Z"",""warnings"":[]}",false,false,,community,,anti_conflict_fatigue,platform_discussion,unknown,unknown,unknown,unknown,fatigue,fatigue,fatigue_cluster,56
sgv1_99978a1636f42137770ba1d4,donglu_sunjihai_youth_football_202606,tieba,forum,manual_url,external_agent_assisted,source_url_provided_unverified,medium_low,0.45,review_needed,comment,,,????????????????????????? ??02-14?,zh-CN,https://tieba.baidu.com/f?kw=%E4%B8%AD%E5%9B%BD%E8%B6%B3%E7%90%83&sample=02,https://tieba.baidu.com/f?kw=%E4%B8%AD%E5%9B%BD%E8%B6%B3%E7%90%83&sample=02,src_tieba_02,,2026-06-03T22:00:00.000Z,2026-06-17T12:10:16.496Z,,sha256_platform_case_salt,unknown,true,true,,28,16,0,0,sha256:8ff8d45225b97a2fab0284b74e99eae606ef5974a6f283aaee6fb7bd382fb51c,sha256:8ff8d45225b97a2fab0284b74e99eae606ef5974a6f283aaee6fb7bd382fb51c,sha256:171a433a0efccf82b6172f5162d076f8c3d8495ea1cfb1290a21a2db7fef46e2,dup_ae502a4fcc1d254af2a2,1,[],public,public,manual_comment_sample,Selected public sample only. Not full-platform coverage. Not full-web coverage. Not full-thread coverage.,"{""asset_id"":""local-snapshot-src_tieba_02-comment-19-14"",""run_id"":"""",""task_id"":"""",""source_path"":"""",""record_type"":""comment"",""field_score"":0,""keyword"":"""",""entity_ids"":[]}","{""normalized_from"":""opencrawler_local_asset"",""source_record_id"":""local-snapshot-src_tieba_02-comment-19-14"",""source_type"":""forum"",""acquisition_mode"":""manual_url"",""normalized_at"":""2026-06-17T12:10:16.502Z"",""warnings"":[]}",false,false,,community,,media_context,extreme_cluster_or_trolling,unknown,unknown,unknown,unknown,bridge,neutral,media_context_reader,60
sgv1_0a2a6478a65822bf920d8589,donglu_sunjihai_youth_football_202606,tieba,forum,manual_url,external_agent_assisted,source_url_provided_unverified,medium_low,0.45,review_needed,comment,,,??????????????????????? ??02-15?,zh-CN,https://tieba.baidu.com/f?kw=%E4%B8%AD%E5%9B%BD%E8%B6%B3%E7%90%83&sample=02,https://tieba.baidu.com/f?kw=%E4%B8%AD%E5%9B%BD%E8%B6%B3%E7%90%83&sample=02,src_tieba_02,,2026-06-04T23:00:00.000Z,2026-06-17T12:10:16.496Z,,sha256_platform_case_salt,unknown,true,true,,30,17,0,0,sha256:b725e8c52d2ba6d41b0a991f5b781e85ad7819b0ee33d0e7d83b2cf199d52278,sha256:b725e8c52d2ba6d41b0a991f5b781e85ad7819b0ee33d0e7d83b2cf199d52278,sha256:171a433a0efccf82b6172f5162d076f8c3d8495ea1cfb1290a21a2db7fef46e2,dup_2c8146642ea5933ee9d7,1,[],public,public,manual_comment_sample,Selected public sample only. Not full-platform coverage. Not full-web coverage. Not full-thread coverage.,"{""asset_id"":""local-snapshot-src_tieba_02-comment-19-15"",""run_id"":"""",""task_id"":"""",""source_path"":"""",""record_type"":""comment"",""field_score"":0,""keyword"":"""",""entity_ids"":[]}","{""normalized_from"":""opencrawler_local_asset"",""source_record_id"":""local-snapshot-src_tieba_02-comment-19-15"",""source_type"":""forum"",""acquisition_mode"":""manual_url"",""normalized_at"":""2026-06-17T12:10:16.502Z"",""warnings"":[]}",false,false,,community,,extreme_attack_or_trolling,unknown,unknown,unknown,unknown,unknown,isolated_extreme,anger,isolated_extreme_cluster,64
sgv1_af22ea0cd7812dc11b358b32,donglu_sunjihai_youth_football_202606,tieba,forum,manual_url,external_agent_assisted,source_url_provided_unverified,medium_low,0.45,review_needed,comment,,,????????????????????? ??02-16?,zh-CN,https://tieba.baidu.com/f?kw=%E4%B8%AD%E5%9B%BD%E8%B6%B3%E7%90%83&sample=02,https://tieba.baidu.com/f?kw=%E4%B8%AD%E5%9B%BD%E8%B6%B3%E7%90%83&sample=02,src_tieba_02,,2026-06-05T00:00:00.000Z,2026-06-17T12:10:16.496Z,,sha256_platform_case_salt,unknown,true,true,,32,0,0,0,sha256:d2b3b98b95ed74e88a571e158039a484195f2b577fae417f94ed95ef3c8ef878,sha256:d2b3b98b95ed74e88a571e158039a484195f2b577fae417f94ed95ef3c8ef878,sha256:171a433a0efccf82b6172f5162d076f8c3d8495ea1cfb1290a21a2db7fef46e2,dup_70cd811efa5765e36c4b,1,[],public,public,manual_comment_sample,Selected public sample only. Not full-platform coverage. Not full-web coverage. Not full-thread coverage.,"{""asset_id"":""local-snapshot-src_tieba_02-comment-19-16"",""run_id"":"""",""task_id"":"""",""source_path"":"""",""record_type"":""comment"",""field_score"":0,""keyword"":"""",""entity_ids"":[]}","{""normalized_from"":""opencrawler_local_asset"",""source_record_id"":""local-snapshot-src_tieba_02-comment-19-16"",""source_type"":""forum"",""acquisition_mode"":""manual_url"",""normalized_at"":""2026-06-17T12:10:16.502Z"",""warnings"":[]}",false,false,,community,,unknown,youth_training_model,unknown,unknown,unknown,unknown,unknown,unknown,unknown,32
sgv1_fb487a66ae03f3132a52ab95,donglu_sunjihai_youth_football_202606,tieba,forum,manual_url,external_agent_assisted,source_url_provided_unverified,medium_low,0.45,review_needed,comment,,,??????????????????????????? ??02-17?,zh-CN,https://tieba.baidu.com/f?kw=%E4%B8%AD%E5%9B%BD%E8%B6%B3%E7%90%83&sample=02,https://tieba.baidu.com/f?kw=%E4%B8%AD%E5%9B%BD%E8%B6%B3%E7%90%83&sample=02,src_tieba_02,,2026-06-06T01:00:00.000Z,2026-06-17T12:10:16.496Z,,sha256_platform_case_salt,unknown,true,true,,34,1,0,0,sha256:16b2bb0440ef94fee28cad2766a7b4241be40fdcc931326b8f215b1140abc3b5,sha256:16b2bb0440ef94fee28cad2766a7b4241be40fdcc931326b8f215b1140abc3b5,sha256:171a433a0efccf82b6172f5162d076f8c3d8495ea1cfb1290a21a2db7fef46e2,dup_2e3e4091140786342bb3,1,[],public,public,manual_comment_sample,Selected public sample only. Not full-platform coverage. Not full-web coverage. Not full-thread coverage.,"{""asset_id"":""local-snapshot-src_tieba_02-comment-19-17"",""run_id"":"""",""task_id"":"""",""source_path"":"""",""record_type"":""comment"",""field_score"":0,""keyword"":"""",""entity_ids"":[]}","{""normalized_from"":""opencrawler_local_asset"",""source_record_id"":""local-snapshot-src_tieba_02-comment-19-17"",""source_type"":""forum"",""acquisition_mode"":""manual_url"",""normalized_at"":""2026-06-17T12:10:16.502Z"",""warnings"":[]}",false,false,,community,,support_donglu_view,contract_or_responsibility_dispute,unknown,unknown,unknown,unknown,core_support,curiosity,route_supporter_donglu,36
sgv1_843ffb8f509ead1840ad59c9,donglu_sunjihai_youth_football_202606,tieba,forum,manual_url,external_agent_assisted,source_url_provided_unverified,medium_low,0.45,review_needed,comment,,,?????????????????????? ??02-18?,zh-CN,https://tieba.baidu.com/f?kw=%E4%B8%AD%E5%9B%BD%E8%B6%B3%E7%90%83&sample=02,https://tieba.baidu.com/f?kw=%E4%B8%AD%E5%9B%BD%E8%B6%B3%E7%90%83&sample=02,src_tieba_02,,2026-06-07T02:00:00.000Z,2026-06-17T12:10:16.496Z,,sha256_platform_case_salt,unknown,true,true,,36,2,0,0,sha256:fa05ae558e9b4b5042da76d484cc1b54b5ab460f1b94e36fda25386b0d237bc3,sha256:fa05ae558e9b4b5042da76d484cc1b54b5ab460f1b94e36fda25386b0d237bc3,sha256:171a433a0efccf82b6172f5162d076f8c3d8495ea1cfb1290a21a2db7fef46e2,dup_e786cc86ec770cc20bc7,1,[],public,public,manual_comment_sample,Selected public sample only. Not full-platform coverage. Not full-web coverage. Not full-thread coverage.,"{""asset_id"":""local-snapshot-src_tieba_02-comment-19-18"",""run_id"":"""",""task_id"":"""",""source_path"":"""",""record_type"":""comment"",""field_score"":0,""keyword"":"""",""entity_ids"":[]}","{""normalized_from"":""opencrawler_local_asset"",""source_record_id"":""local-snapshot-src_tieba_02-comment-19-18"",""source_type"":""forum"",""acquisition_mode"":""manual_url"",""normalized_at"":""2026-06-17T12:10:16.502Z"",""warnings"":[]}",false,false,,community,,support_sunjihai_view,public_response,unknown,unknown,unknown,unknown,core_support,curiosity,route_supporter_sunjihai,40
sgv1_1aed6dd5bce08e7435ececc8,donglu_sunjihai_youth_football_202606,tieba,forum,manual_url,external_agent_assisted,source_url_provided_unverified,medium_low,0.45,review_needed,comment,,,??????????????????????????? ??03-01?,zh-CN,https://tieba.baidu.com/f?kw=%E4%B8%AD%E5%9B%BD%E8%B6%B3%E7%90%83&sample=03,https://tieba.baidu.com/f?kw=%E4%B8%AD%E5%9B%BD%E8%B6%B3%E7%90%83&sample=03,src_tieba_03,,2026-06-05T09:00:00.000Z,2026-06-17T12:10:16.496Z,,sha256_platform_case_salt,unknown,true,true,,3,4,0,0,sha256:38d2803db1b99baab4cc2cf10a845285650a51efee123f4037ea9b406e2d79e0,sha256:38d2803db1b99baab4cc2cf10a845285650a51efee123f4037ea9b406e2d79e0,sha256:77499df98d3b27d9a650cdd21cd86032f4d83a9d94e84c409c4472e550c045d4,dup_d1a0911912782f99600f,1,[],public,public,manual_comment_sample,Selected public sample only. Not full-platform coverage. Not full-web coverage. Not full-thread coverage.,"{""asset_id"":""local-snapshot-src_tieba_03-comment-20-1"",""run_id"":"""",""task_id"":"""",""source_path"":"""",""record_type"":""comment"",""field_score"":0,""keyword"":"""",""entity_ids"":[]}","{""normalized_from"":""opencrawler_local_asset"",""source_record_id"":""local-snapshot-src_tieba_03-comment-20-1"",""source_type"":""forum"",""acquisition_mode"":""manual_url"",""normalized_at"":""2026-06-17T12:10:16.502Z"",""warnings"":[]}",false,false,,community,,support_sunjihai_view,platform_discussion,unknown,unknown,unknown,unknown,core_support,curiosity,route_supporter_sunjihai,11
sgv1_3ed6c149383f5abd77d39853,donglu_sunjihai_youth_football_202606,tieba,forum,manual_url,external_agent_assisted,source_url_provided_unverified,medium_low,0.45,review_needed,comment,,,??????????????????? ??03-02?,zh-CN,https://tieba.baidu.com/f?kw=%E4%B8%AD%E5%9B%BD%E8%B6%B3%E7%90%83&sample=03,https://tieba.baidu.com/f?kw=%E4%B8%AD%E5%9B%BD%E8%B6%B3%E7%90%83&sample=03,src_tieba_03,,2026-06-06T10:00:00.000Z,2026-06-17T12:10:16.496Z,,sha256_platform_case_salt,unknown,true,true,,6,5,0,0,sha256:3b0749fb3199cfd408341c1e4f24f7fce8553b9e8f7669b6273ddc27e0bd72fb,sha256:3b0749fb3199cfd408341c1e4f24f7fce8553b9e8f7669b6273ddc27e0bd72fb,sha256:77499df98d3b27d9a650cdd21cd86032f4d83a9d94e84c409c4472e550c045d4,dup_876cf0186a8a521c5541,1,[],public,public,manual_comment_sample,Selected public sample only. Not full-platform coverage. Not full-web coverage. Not full-thread coverage.,"{""asset_id"":""local-snapshot-src_tieba_03-comment-20-2"",""run_id"":"""",""task_id"":"""",""source_path"":"""",""record_type"":""comment"",""field_score"":0,""keyword"":"""",""entity_ids"":[]}","{""normalized_from"":""opencrawler_local_asset"",""source_record_id"":""local-snapshot-src_tieba_03-comment-20-2"",""source_type"":""forum"",""acquisition_mode"":""manual_url"",""normalized_at"":""2026-06-17T12:10:16.502Z"",""warnings"":[]}",false,false,,community,,neutral_process_focused,extreme_cluster_or_trolling,unknown,unknown,unknown,unknown,bridge,neutral,process_observer,16
sgv1_5b794fb9cf1d4d59644643d2,donglu_sunjihai_youth_football_202606,tieba,forum,manual_url,external_agent_assisted,source_url_provided_unverified,medium_low,0.45,review_needed,comment,,,??????????????????????????? ??03-03?,zh-CN,https://tieba.baidu.com/f?kw=%E4%B8%AD%E5%9B%BD%E8%B6%B3%E7%90%83&sample=03,https://tieba.baidu.com/f?kw=%E4%B8%AD%E5%9B%BD%E8%B6%B3%E7%90%83&sample=03,src_tieba_03,,2026-06-07T11:00:00.000Z,2026-06-17T12:10:16.496Z,,sha256_platform_case_salt,unknown,true,true,,9,6,0,0,sha256:d60294410ea4e69b31ac9427f3cfaef1363b0082a7b94e9eae5490b16feb9cee,sha256:d60294410ea4e69b31ac9427f3cfaef1363b0082a7b94e9eae5490b16feb9cee,sha256:77499df98d3b27d9a650cdd21cd86032f4d83a9d94e84c409c4472e550c045d4,dup_c46cfb98317f914f1ebb,1,[],public,public,manual_comment_sample,Selected public sample only. Not full-platform coverage. Not full-web coverage. Not full-thread coverage.,"{""asset_id"":""local-snapshot-src_tieba_03-comment-20-3"",""run_id"":"""",""task_id"":"""",""source_path"":"""",""record_type"":""comment"",""field_score"":0,""keyword"":"""",""entity_ids"":[]}","{""normalized_from"":""opencrawler_local_asset"",""source_record_id"":""local-snapshot-src_tieba_03-comment-20-3"",""source_type"":""forum"",""acquisition_mode"":""manual_url"",""normalized_at"":""2026-06-17T12:10:16.502Z"",""warnings"":[]}",false,false,,community,,youth_training_concern,unknown,unknown,unknown,unknown,unknown,neutral,concern,youth_training_concern_cluster,21
sgv1_52dcf362a98d7874ae43b9ce,donglu_sunjihai_youth_football_202606,tieba,forum,manual_url,external_agent_assisted,source_url_provided_unverified,medium_low,0.45,review_needed,comment,,,????????????????????? ??03-04?,zh-CN,https://tieba.baidu.com/f?kw=%E4%B8%AD%E5%9B%BD%E8%B6%B3%E7%90%83&sample=03,https://tieba.baidu.com/f?kw=%E4%B8%AD%E5%9B%BD%E8%B6%B3%E7%90%83&sample=03,src_tieba_03,,2026-06-08T12:00:00.000Z,2026-06-17T12:10:16.496Z,,sha256_platform_case_salt,unknown,true,true,,12,7,0,0,sha256:57a15e2e5099fd461ecff0b5cd91c0889b8389dbe477d38947a211ec5c805fa3,sha256:57a15e2e5099fd461ecff0b5cd91c0889b8389dbe477d38947a211ec5c805fa3,sha256:77499df98d3b27d9a650cdd21cd86032f4d83a9d94e84c409c4472e550c045d4,dup_15803c85980372bd6c81,1,[],public,public,manual_comment_sample,Selected public sample only. Not full-platform coverage. Not full-web coverage. Not full-thread coverage.,"{""asset_id"":""local-snapshot-src_tieba_03-comment-20-4"",""run_id"":"""",""task_id"":"""",""source_path"":"""",""record_type"":""comment"",""field_score"":0,""keyword"":"""",""entity_ids"":[]}","{""normalized_from"":""opencrawler_local_asset"",""source_record_id"":""local-snapshot-src_tieba_03-comment-20-4"",""source_type"":""forum"",""acquisition_mode"":""manual_url"",""normalized_at"":""2026-06-17T12:10:16.502Z"",""warnings"":[]}",false,false,,community,,anti_conflict_fatigue,youth_training_model,unknown,unknown,unknown,unknown,fatigue,fatigue,fatigue_cluster,26
sgv1_962ad138c3dfc63f9ee3df6c,donglu_sunjihai_youth_football_202606,tieba,forum,manual_url,external_agent_assisted,source_url_provided_unverified,medium_low,0.45,review_needed,comment,,,?????????????????????? ??03-05?,zh-CN,https://tieba.baidu.com/f?kw=%E4%B8%AD%E5%9B%BD%E8%B6%B3%E7%90%83&sample=03,https://tieba.baidu.com/f?kw=%E4%B8%AD%E5%9B%BD%E8%B6%B3%E7%90%83&sample=03,src_tieba_03,,2026-06-09T13:00:00.000Z,2026-06-17T12:10:16.496Z,,sha256_platform_case_salt,unknown,true,true,,15,8,0,0,sha256:0df6c744619e290f2bbef0cdd6d0e29732d92c1a4c0a38b6cf952353b220f7bb,sha256:0df6c744619e290f2bbef0cdd6d0e29732d92c1a4c0a38b6cf952353b220f7bb,sha256:77499df98d3b27d9a650cdd21cd86032f4d83a9d94e84c409c4472e550c045d4,dup_60a48722d54a1f47286a,1,[],public,public,manual_comment_sample,Selected public sample only. Not full-platform coverage. Not full-web coverage. Not full-thread coverage.,"{""asset_id"":""local-snapshot-src_tieba_03-comment-20-5"",""run_id"":"""",""task_id"":"""",""source_path"":"""",""record_type"":""comment"",""field_score"":0,""keyword"":"""",""entity_ids"":[]}","{""normalized_from"":""opencrawler_local_asset"",""source_record_id"":""local-snapshot-src_tieba_03-comment-20-5"",""source_type"":""forum"",""acquisition_mode"":""manual_url"",""normalized_at"":""2026-06-17T12:10:16.502Z"",""warnings"":[]}",false,false,,community,,media_context,contract_or_responsibility_dispute,unknown,unknown,unknown,unknown,bridge,neutral,media_context_reader,31
sgv1_4e4301a049e7361e54f54118,donglu_sunjihai_youth_football_202606,tieba,forum,manual_url,external_agent_assisted,source_url_provided_unverified,medium_low,0.45,review_needed,comment,,,??????????????????????? ??03-06?,zh-CN,https://tieba.baidu.com/f?kw=%E4%B8%AD%E5%9B%BD%E8%B6%B3%E7%90%83&sample=03,https://tieba.baidu.com/f?kw=%E4%B8%AD%E5%9B%BD%E8%B6%B3%E7%90%83&sample=03,src_tieba_03,,2026-06-10T14:00:00.000Z,2026-06-17T12:10:16.496Z,,sha256_platform_case_salt,unknown,true,true,,18,9,0,0,sha256:8cbd2a5f666e2d6dd5802b231f364a2ae43d2f70daf7ff8452b2ab9920229687,sha256:8cbd2a5f666e2d6dd5802b231f364a2ae43d2f70daf7ff8452b2ab9920229687,sha256:77499df98d3b27d9a650cdd21cd86032f4d83a9d94e84c409c4472e550c045d4,dup_f6303333e6f7dd99db48,1,[],public,public,manual_comment_sample,Selected public sample only. Not full-platform coverage. Not full-web coverage. Not full-thread coverage.,"{""asset_id"":""local-snapshot-src_tieba_03-comment-20-6"",""run_id"":"""",""task_id"":"""",""source_path"":"""",""record_type"":""comment"",""field_score"":0,""keyword"":"""",""entity_ids"":[]}","{""normalized_from"":""opencrawler_local_asset"",""source_record_id"":""local-snapshot-src_tieba_03-comment-20-6"",""source_type"":""forum"",""acquisition_mode"":""manual_url"",""normalized_at"":""2026-06-17T12:10:16.502Z"",""warnings"":[]}",false,false,,community,,extreme_attack_or_trolling,public_response,unknown,unknown,unknown,unknown,isolated_extreme,anger,isolated_extreme_cluster,36
sgv1_a015f9f8165edb0908f358b0,donglu_sunjihai_youth_football_202606,tieba,forum,manual_url,external_agent_assisted,source_url_provided_unverified,medium_low,0.45,review_needed,comment,,,????????????????? ??03-07?,zh-CN,https://tieba.baidu.com/f?kw=%E4%B8%AD%E5%9B%BD%E8%B6%B3%E7%90%83&sample=03,https://tieba.baidu.com/f?kw=%E4%B8%AD%E5%9B%BD%E8%B6%B3%E7%90%83&sample=03,src_tieba_03,,2026-06-11T15:00:00.000Z,2026-06-17T12:10:16.496Z,,sha256_platform_case_salt,unknown,true,true,,21,10,0,0,sha256:aadc8f83adb242049ae23a1f24fed0bfd61b3eadba3910a5508ec4ffe5a0ffc6,sha256:aadc8f83adb242049ae23a1f24fed0bfd61b3eadba3910a5508ec4ffe5a0ffc6,sha256:77499df98d3b27d9a650cdd21cd86032f4d83a9d94e84c409c4472e550c045d4,dup_f2edd02ec5b2e2d099dc,1,[],public,public,manual_comment_sample,Selected public sample only. Not full-platform coverage. Not full-web coverage. Not full-thread coverage.,"{""asset_id"":""local-snapshot-src_tieba_03-comment-20-7"",""run_id"":"""",""task_id"":"""",""source_path"":"""",""record_type"":""comment"",""field_score"":0,""keyword"":"""",""entity_ids"":[]}","{""normalized_from"":""opencrawler_local_asset"",""source_record_id"":""local-snapshot-src_tieba_03-comment-20-7"",""source_type"":""forum"",""acquisition_mode"":""manual_url"",""normalized_at"":""2026-06-17T12:10:16.502Z"",""warnings"":[]}",false,false,,community,,unknown,media_reframing,unknown,unknown,unknown,unknown,unknown,unknown,unknown,41
sgv1_f70ab54ed69e41f66615d2c0,donglu_sunjihai_youth_football_202606,tieba,forum,manual_url,external_agent_assisted,source_url_provided_unverified,medium_low,0.45,review_needed,comment,,,???????????????????????? ??03-08?,zh-CN,https://tieba.baidu.com/f?kw=%E4%B8%AD%E5%9B%BD%E8%B6%B3%E7%90%83&sample=03,https://tieba.baidu.com/f?kw=%E4%B8%AD%E5%9B%BD%E8%B6%B3%E7%90%83&sample=03,src_tieba_03,,2026-06-12T16:00:00.000Z,2026-06-17T12:10:16.496Z,,sha256_platform_case_salt,unknown,true,true,,24,11,0,0,sha256:fa12333fb6f7baa1f685609c4fd72a0099988a286d9b96efafd50ae8040e748f,sha256:fa12333fb6f7baa1f685609c4fd72a0099988a286d9b96efafd50ae8040e748f,sha256:77499df98d3b27d9a650cdd21cd86032f4d83a9d94e84c409c4472e550c045d4,dup_f70e3eb2cc933951c669,1,[],public,public,manual_comment_sample,Selected public sample only. Not full-platform coverage. Not full-web coverage. Not full-thread coverage.,"{""asset_id"":""local-snapshot-src_tieba_03-comment-20-8"",""run_id"":"""",""task_id"":"""",""source_path"":"""",""record_type"":""comment"",""field_score"":0,""keyword"":"""",""entity_ids"":[]}","{""normalized_from"":""opencrawler_local_asset"",""source_record_id"":""local-snapshot-src_tieba_03-comment-20-8"",""source_type"":""forum"",""acquisition_mode"":""manual_url"",""normalized_at"":""2026-06-17T12:10:16.502Z"",""warnings"":[]}",false,false,,community,,support_donglu_view,fan_community_reaction,unknown,unknown,unknown,unknown,core_support,curiosity,route_supporter_donglu,46
sgv1_339c1fb16f1fbcc15619dceb,donglu_sunjihai_youth_football_202606,tieba,forum,manual_url,external_agent_assisted,source_url_provided_unverified,medium_low,0.45,review_needed,comment,,,?????????????????????????? ??03-09?,zh-CN,https://tieba.baidu.com/f?kw=%E4%B8%AD%E5%9B%BD%E8%B6%B3%E7%90%83&sample=03,https://tieba.baidu.com/f?kw=%E4%B8%AD%E5%9B%BD%E8%B6%B3%E7%90%83&sample=03,src_tieba_03,,2026-06-13T17:00:00.000Z,2026-06-17T12:10:16.496Z,,sha256_platform_case_salt,unknown,true,true,,27,12,0,0,sha256:98087b6b14145726da0bd3a5bbfc6eb2c7a9ae502e77eddee72e209fe6d1fdf5,sha256:98087b6b14145726da0bd3a5bbfc6eb2c7a9ae502e77eddee72e209fe6d1fdf5,sha256:77499df98d3b27d9a650cdd21cd86032f4d83a9d94e84c409c4472e550c045d4,dup_a3a304cdfcb5d0b232b5,1,[],public,public,manual_comment_sample,Selected public sample only. Not full-platform coverage. Not full-web coverage. Not full-thread coverage.,"{""asset_id"":""local-snapshot-src_tieba_03-comment-20-9"",""run_id"":"""",""task_id"":"""",""source_path"":"""",""record_type"":""comment"",""field_score"":0,""keyword"":"""",""entity_ids"":[]}","{""normalized_from"":""opencrawler_local_asset"",""source_record_id"":""local-snapshot-src_tieba_03-comment-20-9"",""source_type"":""forum"",""acquisition_mode"":""manual_url"",""normalized_at"":""2026-06-17T12:10:16.502Z"",""warnings"":[]}",false,false,,community,,support_sunjihai_view,children_protection_boundary,unknown,unknown,unknown,unknown,core_support,curiosity,route_supporter_sunjihai,51
sgv1_4c8bf574e60b6e09477a6d56,donglu_sunjihai_youth_football_202606,tieba,forum,manual_url,external_agent_assisted,source_url_provided_unverified,medium_low,0.45,review_needed,comment,,,???????????????????????????? ??03-10?,zh-CN,https://tieba.baidu.com/f?kw=%E4%B8%AD%E5%9B%BD%E8%B6%B3%E7%90%83&sample=03,https://tieba.baidu.com/f?kw=%E4%B8%AD%E5%9B%BD%E8%B6%B3%E7%90%83&sample=03,src_tieba_03,,2026-06-14T18:00:00.000Z,2026-06-17T12:10:16.496Z,,sha256_platform_case_salt,unknown,true,true,,30,13,0,0,sha256:c1f5e55db8365d74b695ff9b7ae4dbc7dab51cb8e59042595223b0be303fb626,sha256:c1f5e55db8365d74b695ff9b7ae4dbc7dab51cb8e59042595223b0be303fb626,sha256:77499df98d3b27d9a650cdd21cd86032f4d83a9d94e84c409c4472e550c045d4,dup_c5243369ad4512a2160a,1,[],public,public,manual_comment_sample,Selected public sample only. Not full-platform coverage. Not full-web coverage. Not full-thread coverage.,"{""asset_id"":""local-snapshot-src_tieba_03-comment-20-10"",""run_id"":"""",""task_id"":"""",""source_path"":"""",""record_type"":""comment"",""field_score"":0,""keyword"":"""",""entity_ids"":[]}","{""normalized_from"":""opencrawler_local_asset"",""source_record_id"":""local-snapshot-src_tieba_03-comment-20-10"",""source_type"":""forum"",""acquisition_mode"":""manual_url"",""normalized_at"":""2026-06-17T12:10:16.502Z"",""warnings"":[]}",false,false,,community,,neutral_process_focused,chinese_football_reputation,unknown,unknown,unknown,unknown,bridge,neutral,process_observer,56
sgv1_b4f79ecee4e2ce41e1c7e840,donglu_sunjihai_youth_football_202606,tieba,forum,manual_url,external_agent_assisted,source_url_provided_unverified,medium_low,0.45,review_needed,comment,,,?????????????????????? ??03-11?,zh-CN,https://tieba.baidu.com/f?kw=%E4%B8%AD%E5%9B%BD%E8%B6%B3%E7%90%83&sample=03,https://tieba.baidu.com/f?kw=%E4%B8%AD%E5%9B%BD%E8%B6%B3%E7%90%83&sample=03,src_tieba_03,,2026-06-01T19:00:00.000Z,2026-06-17T12:10:16.496Z,,sha256_platform_case_salt,unknown,true,true,,33,14,0,0,sha256:dfeafb64eb6364e82baa8c346c277e0bb175d26db79954849d7d5b6c999829eb,sha256:dfeafb64eb6364e82baa8c346c277e0bb175d26db79954849d7d5b6c999829eb,sha256:77499df98d3b27d9a650cdd21cd86032f4d83a9d94e84c409c4472e550c045d4,dup_a7ca036a5e96f377c927,1,[],public,public,manual_comment_sample,Selected public sample only. Not full-platform coverage. Not full-web coverage. Not full-thread coverage.,"{""asset_id"":""local-snapshot-src_tieba_03-comment-20-11"",""run_id"":"""",""task_id"":"""",""source_path"":"""",""record_type"":""comment"",""field_score"":0,""keyword"":"""",""entity_ids"":[]}","{""normalized_from"":""opencrawler_local_asset"",""source_record_id"":""local-snapshot-src_tieba_03-comment-20-11"",""source_type"":""forum"",""acquisition_mode"":""manual_url"",""normalized_at"":""2026-06-17T12:10:16.502Z"",""warnings"":[]}",false,false,,community,,youth_training_concern,platform_discussion,unknown,unknown,unknown,unknown,neutral,concern,youth_training_concern_cluster,61
sgv1_a97511110bd1fe0fa6fc7b73,donglu_sunjihai_youth_football_202606,tieba,forum,manual_url,external_agent_assisted,source_url_provided_unverified,medium_low,0.45,review_needed,comment,,,???????????????????????? ??03-12?,zh-CN,https://tieba.baidu.com/f?kw=%E4%B8%AD%E5%9B%BD%E8%B6%B3%E7%90%83&sample=03,https://tieba.baidu.com/f?kw=%E4%B8%AD%E5%9B%BD%E8%B6%B3%E7%90%83&sample=03,src_tieba_03,,2026-06-02T20:00:00.000Z,2026-06-17T12:10:16.496Z,,sha256_platform_case_salt,unknown,true,true,,36,15,0,0,sha256:ea745f13c0f8851d8b4638d064069574e9f9a4e67e577820e978ab49c419509d,sha256:ea745f13c0f8851d8b4638d064069574e9f9a4e67e577820e978ab49c419509d,sha256:77499df98d3b27d9a650cdd21cd86032f4d83a9d94e84c409c4472e550c045d4,dup_c043c9705535cf0e2bc5,1,[],public,public,manual_comment_sample,Selected public sample only. Not full-platform coverage. Not full-web coverage. Not full-thread coverage.,"{""asset_id"":""local-snapshot-src_tieba_03-comment-20-12"",""run_id"":"""",""task_id"":"""",""source_path"":"""",""record_type"":""comment"",""field_score"":0,""keyword"":"""",""entity_ids"":[]}","{""normalized_from"":""opencrawler_local_asset"",""source_record_id"":""local-snapshot-src_tieba_03-comment-20-12"",""source_type"":""forum"",""acquisition_mode"":""manual_url"",""normalized_at"":""2026-06-17T12:10:16.502Z"",""warnings"":[]}",false,false,,community,,anti_conflict_fatigue,extreme_cluster_or_trolling,unknown,unknown,unknown,unknown,fatigue,fatigue,fatigue_cluster,66
sgv1_6ef122f7b9e31ac3019dad21,donglu_sunjihai_youth_football_202606,tieba,forum,manual_url,external_agent_assisted,source_url_provided_unverified,medium_low,0.45,review_needed,comment,,,????????????????????????? ??03-13?,zh-CN,https://tieba.baidu.com/f?kw=%E4%B8%AD%E5%9B%BD%E8%B6%B3%E7%90%83&sample=03,https://tieba.baidu.com/f?kw=%E4%B8%AD%E5%9B%BD%E8%B6%B3%E7%90%83&sample=03,src_tieba_03,,2026-06-03T21:00:00.000Z,2026-06-17T12:10:16.496Z,,sha256_platform_case_salt,unknown,true,true,,39,16,0,0,sha256:57537a10d91bacb09b053ea1878417fe590b24e9fb3c6ea0b20e346fe7987907,sha256:57537a10d91bacb09b053ea1878417fe590b24e9fb3c6ea0b20e346fe7987907,sha256:77499df98d3b27d9a650cdd21cd86032f4d83a9d94e84c409c4472e550c045d4,dup_85c05a87a9f7fd55fda3,1,[],public,public,manual_comment_sample,Selected public sample only. Not full-platform coverage. Not full-web coverage. Not full-thread coverage.,"{""asset_id"":""local-snapshot-src_tieba_03-comment-20-13"",""run_id"":"""",""task_id"":"""",""source_path"":"""",""record_type"":""comment"",""field_score"":0,""keyword"":"""",""entity_ids"":[]}","{""normalized_from"":""opencrawler_local_asset"",""source_record_id"":""local-snapshot-src_tieba_03-comment-20-13"",""source_type"":""forum"",""acquisition_mode"":""manual_url"",""normalized_at"":""2026-06-17T12:10:16.502Z"",""warnings"":[]}",false,false,,community,,media_context,unknown,unknown,unknown,unknown,unknown,bridge,neutral,media_context_reader,71
sgv1_c7986b7ac7b94db06831c4df,donglu_sunjihai_youth_football_202606,tieba,forum,manual_url,external_agent_assisted,source_url_provided_unverified,medium_low,0.45,review_needed,comment,,,??????????????????????? ??03-14?,zh-CN,https://tieba.baidu.com/f?kw=%E4%B8%AD%E5%9B%BD%E8%B6%B3%E7%90%83&sample=03,https://tieba.baidu.com/f?kw=%E4%B8%AD%E5%9B%BD%E8%B6%B3%E7%90%83&sample=03,src_tieba_03,,2026-06-04T22:00:00.000Z,2026-06-17T12:10:16.496Z,,sha256_platform_case_salt,unknown,true,true,,42,17,0,0,sha256:4bc733d8697706773ac8f65599475d086f6b49025c7659c2f3c490756e6868dc,sha256:4bc733d8697706773ac8f65599475d086f6b49025c7659c2f3c490756e6868dc,sha256:77499df98d3b27d9a650cdd21cd86032f4d83a9d94e84c409c4472e550c045d4,dup_c4c2cefacb636c7e956c,1,[],public,public,manual_comment_sample,Selected public sample only. Not full-platform coverage. Not full-web coverage. Not full-thread coverage.,"{""asset_id"":""local-snapshot-src_tieba_03-comment-20-14"",""run_id"":"""",""task_id"":"""",""source_path"":"""",""record_type"":""comment"",""field_score"":0,""keyword"":"""",""entity_ids"":[]}","{""normalized_from"":""opencrawler_local_asset"",""source_record_id"":""local-snapshot-src_tieba_03-comment-20-14"",""source_type"":""forum"",""acquisition_mode"":""manual_url"",""normalized_at"":""2026-06-17T12:10:16.502Z"",""warnings"":[]}",false,false,,community,,extreme_attack_or_trolling,youth_training_model,unknown,unknown,unknown,unknown,isolated_extreme,anger,isolated_extreme_cluster,76
sgv1_f00c65581fed78a9c5b2e440,donglu_sunjihai_youth_football_202606,tieba,forum,manual_url,external_agent_assisted,source_url_provided_unverified,medium_low,0.45,review_needed,comment,,,????????????????????? ??03-15?,zh-CN,https://tieba.baidu.com/f?kw=%E4%B8%AD%E5%9B%BD%E8%B6%B3%E7%90%83&sample=03,https://tieba.baidu.com/f?kw=%E4%B8%AD%E5%9B%BD%E8%B6%B3%E7%90%83&sample=03,src_tieba_03,,2026-06-05T23:00:00.000Z,2026-06-17T12:10:16.496Z,,sha256_platform_case_salt,unknown,true,true,,45,0,0,0,sha256:94f738ff4f3917df5a059c824fc962c8c7afec97233a31bd0c433887ed9318c4,sha256:94f738ff4f3917df5a059c824fc962c8c7afec97233a31bd0c433887ed9318c4,sha256:77499df98d3b27d9a650cdd21cd86032f4d83a9d94e84c409c4472e550c045d4,dup_2888ede81e822bf06152,1,[],public,public,manual_comment_sample,Selected public sample only. Not full-platform coverage. Not full-web coverage. Not full-thread coverage.,"{""asset_id"":""local-snapshot-src_tieba_03-comment-20-15"",""run_id"":"""",""task_id"":"""",""source_path"":"""",""record_type"":""comment"",""field_score"":0,""keyword"":"""",""entity_ids"":[]}","{""normalized_from"":""opencrawler_local_asset"",""source_record_id"":""local-snapshot-src_tieba_03-comment-20-15"",""source_type"":""forum"",""acquisition_mode"":""manual_url"",""normalized_at"":""2026-06-17T12:10:16.502Z"",""warnings"":[]}",false,false,,community,,unknown,contract_or_responsibility_dispute,unknown,unknown,unknown,unknown,unknown,unknown,unknown,45
sgv1_e3ec8a9a2efeef003216d6a2,donglu_sunjihai_youth_football_202606,tieba,forum,manual_url,external_agent_assisted,source_url_provided_unverified,medium_low,0.45,review_needed,comment,,,??????????????????????????? ??03-16?,zh-CN,https://tieba.baidu.com/f?kw=%E4%B8%AD%E5%9B%BD%E8%B6%B3%E7%90%83&sample=03,https://tieba.baidu.com/f?kw=%E4%B8%AD%E5%9B%BD%E8%B6%B3%E7%90%83&sample=03,src_tieba_03,,2026-06-06T00:00:00.000Z,2026-06-17T12:10:16.497Z,,sha256_platform_case_salt,unknown,true,true,,48,1,0,0,sha256:15105706a549b36d4d5ccdc44bfbf07ef996e1bf82e6e8496c75153e364b983b,sha256:15105706a549b36d4d5ccdc44bfbf07ef996e1bf82e6e8496c75153e364b983b,sha256:77499df98d3b27d9a650cdd21cd86032f4d83a9d94e84c409c4472e550c045d4,dup_dfc1e0835abfdcb05ec4,1,[],public,public,manual_comment_sample,Selected public sample only. Not full-platform coverage. Not full-web coverage. Not full-thread coverage.,"{""asset_id"":""local-snapshot-src_tieba_03-comment-20-16"",""run_id"":"""",""task_id"":"""",""source_path"":"""",""record_type"":""comment"",""field_score"":0,""keyword"":"""",""entity_ids"":[]}","{""normalized_from"":""opencrawler_local_asset"",""source_record_id"":""local-snapshot-src_tieba_03-comment-20-16"",""source_type"":""forum"",""acquisition_mode"":""manual_url"",""normalized_at"":""2026-06-17T12:10:16.502Z"",""warnings"":[]}",false,false,,community,,support_donglu_view,public_response,unknown,unknown,unknown,unknown,core_support,curiosity,route_supporter_donglu,50
sgv1_50d18c02dd521fa0b3dc8f8e,donglu_sunjihai_youth_football_202606,tieba,forum,manual_url,external_agent_assisted,source_url_provided_unverified,medium_low,0.45,review_needed,comment,,,?????????????????????? ??03-17?,zh-CN,https://tieba.baidu.com/f?kw=%E4%B8%AD%E5%9B%BD%E8%B6%B3%E7%90%83&sample=03,https://tieba.baidu.com/f?kw=%E4%B8%AD%E5%9B%BD%E8%B6%B3%E7%90%83&sample=03,src_tieba_03,,2026-06-07T01:00:00.000Z,2026-06-17T12:10:16.497Z,,sha256_platform_case_salt,unknown,true,true,,51,2,0,0,sha256:49bf3e2d97d388c89e3b88c2615d2cd884cd7f38a16c3b7b961525c76a83052e,sha256:49bf3e2d97d388c89e3b88c2615d2cd884cd7f38a16c3b7b961525c76a83052e,sha256:77499df98d3b27d9a650cdd21cd86032f4d83a9d94e84c409c4472e550c045d4,dup_b60cd4f0b647e16cb512,1,[],public,public,manual_comment_sample,Selected public sample only. Not full-platform coverage. Not full-web coverage. Not full-thread coverage.,"{""asset_id"":""local-snapshot-src_tieba_03-comment-20-17"",""run_id"":"""",""task_id"":"""",""source_path"":"""",""record_type"":""comment"",""field_score"":0,""keyword"":"""",""entity_ids"":[]}","{""normalized_from"":""opencrawler_local_asset"",""source_record_id"":""local-snapshot-src_tieba_03-comment-20-17"",""source_type"":""forum"",""acquisition_mode"":""manual_url"",""normalized_at"":""2026-06-17T12:10:16.502Z"",""warnings"":[]}",false,false,,community,,support_sunjihai_view,media_reframing,unknown,unknown,unknown,unknown,core_support,curiosity,route_supporter_sunjihai,55
sgv1_639d57da8963eb46cd71e2a1,donglu_sunjihai_youth_football_202606,tieba,forum,manual_url,external_agent_assisted,source_url_provided_unverified,medium_low,0.45,review_needed,comment,,,??????????????????????????? ??03-18?,zh-CN,https://tieba.baidu.com/f?kw=%E4%B8%AD%E5%9B%BD%E8%B6%B3%E7%90%83&sample=03,https://tieba.baidu.com/f?kw=%E4%B8%AD%E5%9B%BD%E8%B6%B3%E7%90%83&sample=03,src_tieba_03,,2026-06-08T02:00:00.000Z,2026-06-17T12:10:16.497Z,,sha256_platform_case_salt,unknown,true,true,,54,3,0,0,sha256:063c58d2ddba4ba4d48759cd57ae2686e995385d83f0673423e051fe38cbed20,sha256:063c58d2ddba4ba4d48759cd57ae2686e995385d83f0673423e051fe38cbed20,sha256:77499df98d3b27d9a650cdd21cd86032f4d83a9d94e84c409c4472e550c045d4,dup_89810465e7bca873a408,1,[],public,public,manual_comment_sample,Selected public sample only. Not full-platform coverage. Not full-web coverage. Not full-thread coverage.,"{""asset_id"":""local-snapshot-src_tieba_03-comment-20-18"",""run_id"":"""",""task_id"":"""",""source_path"":"""",""record_type"":""comment"",""field_score"":0,""keyword"":"""",""entity_ids"":[]}","{""normalized_from"":""opencrawler_local_asset"",""source_record_id"":""local-snapshot-src_tieba_03-comment-20-18"",""source_type"":""forum"",""acquisition_mode"":""manual_url"",""normalized_at"":""2026-06-17T12:10:16.502Z"",""warnings"":[]}",false,false,,community,,neutral_process_focused,fan_community_reaction,unknown,unknown,unknown,unknown,bridge,neutral,process_observer,60
sgv1_73015d1fb1a342e541a3d6df,donglu_sunjihai_youth_football_202606,tieba,forum,manual_url,external_agent_assisted,source_url_provided_unverified,medium_low,0.45,review_needed,comment,,,??????????????????? ??04-01?,zh-CN,https://tieba.baidu.com/f?kw=%E4%B8%AD%E5%9B%BD%E8%B6%B3%E7%90%83&sample=04,https://tieba.baidu.com/f?kw=%E4%B8%AD%E5%9B%BD%E8%B6%B3%E7%90%83&sample=04,src_tieba_04,,2026-06-06T09:00:00.000Z,2026-06-17T12:10:16.497Z,,sha256_platform_case_salt,unknown,true,true,,4,5,0,0,sha256:b8de3ab6e11efd822f91e860316513adac39d2c1f5cec7a4bf7d53173240ae1f,sha256:b8de3ab6e11efd822f91e860316513adac39d2c1f5cec7a4bf7d53173240ae1f,sha256:d50c1b2e09707533cea40ba9709b6db2ebdfe60bddf3414aaaed2fdb2a15d0b0,dup_785caeb38276e66d4429,1,[],public,public,manual_comment_sample,Selected public sample only. Not full-platform coverage. Not full-web coverage. Not full-thread coverage.,"{""asset_id"":""local-snapshot-src_tieba_04-comment-21-1"",""run_id"":"""",""task_id"":"""",""source_path"":"""",""record_type"":""comment"",""field_score"":0,""keyword"":"""",""entity_ids"":[]}","{""normalized_from"":""opencrawler_local_asset"",""source_record_id"":""local-snapshot-src_tieba_04-comment-21-1"",""source_type"":""forum"",""acquisition_mode"":""manual_url"",""normalized_at"":""2026-06-17T12:10:16.502Z"",""warnings"":[]}",false,false,,community,,neutral_process_focused,unknown,unknown,unknown,unknown,unknown,bridge,neutral,process_observer,14
sgv1_38def06f6570d77c4e08b55d,donglu_sunjihai_youth_football_202606,tieba,forum,manual_url,external_agent_assisted,source_url_provided_unverified,medium_low,0.45,review_needed,comment,,,??????????????????????????? ??04-02?,zh-CN,https://tieba.baidu.com/f?kw=%E4%B8%AD%E5%9B%BD%E8%B6%B3%E7%90%83&sample=04,https://tieba.baidu.com/f?kw=%E4%B8%AD%E5%9B%BD%E8%B6%B3%E7%90%83&sample=04,src_tieba_04,,2026-06-07T10:00:00.000Z,2026-06-17T12:10:16.497Z,,sha256_platform_case_salt,unknown,true,true,,8,6,0,0,sha256:bd5725a5e5516ed94df224cc79f24db056444da29bc262769f36c4259a18b3bc,sha256:bd5725a5e5516ed94df224cc79f24db056444da29bc262769f36c4259a18b3bc,sha256:d50c1b2e09707533cea40ba9709b6db2ebdfe60bddf3414aaaed2fdb2a15d0b0,dup_5524b2ee451cd1bcb9df,1,[],public,public,manual_comment_sample,Selected public sample only. Not full-platform coverage. Not full-web coverage. Not full-thread coverage.,"{""asset_id"":""local-snapshot-src_tieba_04-comment-21-2"",""run_id"":"""",""task_id"":"""",""source_path"":"""",""record_type"":""comment"",""field_score"":0,""keyword"":"""",""entity_ids"":[]}","{""normalized_from"":""opencrawler_local_asset"",""source_record_id"":""local-snapshot-src_tieba_04-comment-21-2"",""source_type"":""forum"",""acquisition_mode"":""manual_url"",""normalized_at"":""2026-06-17T12:10:16.502Z"",""warnings"":[]}",false,false,,community,,youth_training_concern,youth_training_model,unknown,unknown,unknown,unknown,neutral,concern,youth_training_concern_cluster,20
sgv1_310d9a1b3bdb8c738eb3855d,donglu_sunjihai_youth_football_202606,tieba,forum,manual_url,external_agent_assisted,source_url_provided_unverified,medium_low,0.45,review_needed,comment,,,????????????????????? ??04-03?,zh-CN,https://tieba.baidu.com/f?kw=%E4%B8%AD%E5%9B%BD%E8%B6%B3%E7%90%83&sample=04,https://tieba.baidu.com/f?kw=%E4%B8%AD%E5%9B%BD%E8%B6%B3%E7%90%83&sample=04,src_tieba_04,,2026-06-08T11:00:00.000Z,2026-06-17T12:10:16.497Z,,sha256_platform_case_salt,unknown,true,true,,12,7,0,0,sha256:368c2e9ab28ba1e470826c1906f59a66f2fa4cc53e431c775861c48cc70030a3,sha256:368c2e9ab28ba1e470826c1906f59a66f2fa4cc53e431c775861c48cc70030a3,sha256:d50c1b2e09707533cea40ba9709b6db2ebdfe60bddf3414aaaed2fdb2a15d0b0,dup_52ea3281dc802998a65f,1,[],public,public,manual_comment_sample,Selected public sample only. Not full-platform coverage. Not full-web coverage. Not full-thread coverage.,"{""asset_id"":""local-snapshot-src_tieba_04-comment-21-3"",""run_id"":"""",""task_id"":"""",""source_path"":"""",""record_type"":""comment"",""field_score"":0,""keyword"":"""",""entity_ids"":[]}","{""normalized_from"":""opencrawler_local_asset"",""source_record_id"":""local-snapshot-src_tieba_04-comment-21-3"",""source_type"":""forum"",""acquisition_mode"":""manual_url"",""normalized_at"":""2026-06-17T12:10:16.502Z"",""warnings"":[]}",false,false,,community,,anti_conflict_fatigue,contract_or_responsibility_dispute,unknown,unknown,unknown,unknown,fatigue,fatigue,fatigue_cluster,26
sgv1_592624de7403abd6e3c9aa26,donglu_sunjihai_youth_football_202606,tieba,forum,manual_url,external_agent_assisted,source_url_provided_unverified,medium_low,0.45,review_needed,comment,,,?????????????????????? ??04-04?,zh-CN,https://tieba.baidu.com/f?kw=%E4%B8%AD%E5%9B%BD%E8%B6%B3%E7%90%83&sample=04,https://tieba.baidu.com/f?kw=%E4%B8%AD%E5%9B%BD%E8%B6%B3%E7%90%83&sample=04,src_tieba_04,,2026-06-09T12:00:00.000Z,2026-06-17T12:10:16.497Z,,sha256_platform_case_salt,unknown,true,true,,16,8,0,0,sha256:0122a11ed91bcea2198ba63b0565a867336065eb1efa14c2e75ef4387d917c1b,sha256:0122a11ed91bcea2198ba63b0565a867336065eb1efa14c2e75ef4387d917c1b,sha256:d50c1b2e09707533cea40ba9709b6db2ebdfe60bddf3414aaaed2fdb2a15d0b0,dup_0165c000827e75b8e201,1,[],public,public,manual_comment_sample,Selected public sample only. Not full-platform coverage. Not full-web coverage. Not full-thread coverage.,"{""asset_id"":""local-snapshot-src_tieba_04-comment-21-4"",""run_id"":"""",""task_id"":"""",""source_path"":"""",""record_type"":""comment"",""field_score"":0,""keyword"":"""",""entity_ids"":[]}","{""normalized_from"":""opencrawler_local_asset"",""source_record_id"":""local-snapshot-src_tieba_04-comment-21-4"",""source_type"":""forum"",""acquisition_mode"":""manual_url"",""normalized_at"":""2026-06-17T12:10:16.502Z"",""warnings"":[]}",false,false,,community,,media_context,public_response,unknown,unknown,unknown,unknown,bridge,neutral,media_context_reader,32
sgv1_a0e987d4cd08547788f38298,donglu_sunjihai_youth_football_202606,tieba,forum,manual_url,external_agent_assisted,source_url_provided_unverified,medium_low,0.45,review_needed,comment,,,??????????????????????? ??04-05?,zh-CN,https://tieba.baidu.com/f?kw=%E4%B8%AD%E5%9B%BD%E8%B6%B3%E7%90%83&sample=04,https://tieba.baidu.com/f?kw=%E4%B8%AD%E5%9B%BD%E8%B6%B3%E7%90%83&sample=04,src_tieba_04,,2026-06-10T13:00:00.000Z,2026-06-17T12:10:16.497Z,,sha256_platform_case_salt,unknown,true,true,,20,9,0,0,sha256:6a2c56656e78f2bf1f62e43ae7830ff8e321ca91f324987d432410ee9aa3cd05,sha256:6a2c56656e78f2bf1f62e43ae7830ff8e321ca91f324987d432410ee9aa3cd05,sha256:d50c1b2e09707533cea40ba9709b6db2ebdfe60bddf3414aaaed2fdb2a15d0b0,dup_83e8d1f2c96517bd63ff,1,[],public,public,manual_comment_sample,Selected public sample only. Not full-platform coverage. Not full-web coverage. Not full-thread coverage.,"{""asset_id"":""local-snapshot-src_tieba_04-comment-21-5"",""run_id"":"""",""task_id"":"""",""source_path"":"""",""record_type"":""comment"",""field_score"":0,""keyword"":"""",""entity_ids"":[]}","{""normalized_from"":""opencrawler_local_asset"",""source_record_id"":""local-snapshot-src_tieba_04-comment-21-5"",""source_type"":""forum"",""acquisition_mode"":""manual_url"",""normalized_at"":""2026-06-17T12:10:16.502Z"",""warnings"":[]}",false,false,,community,,extreme_attack_or_trolling,media_reframing,unknown,unknown,unknown,unknown,isolated_extreme,anger,isolated_extreme_cluster,38
sgv1_f7a02c282e189b8117de9b1f,donglu_sunjihai_youth_football_202606,tieba,forum,manual_url,external_agent_assisted,source_url_provided_unverified,medium_low,0.45,review_needed,comment,,,????????????????? ??04-06?,zh-CN,https://tieba.baidu.com/f?kw=%E4%B8%AD%E5%9B%BD%E8%B6%B3%E7%90%83&sample=04,https://tieba.baidu.com/f?kw=%E4%B8%AD%E5%9B%BD%E8%B6%B3%E7%90%83&sample=04,src_tieba_04,,2026-06-11T14:00:00.000Z,2026-06-17T12:10:16.497Z,,sha256_platform_case_salt,unknown,true,true,,24,10,0,0,sha256:6fd4fe7914613a1e8bd4dc3b133b3b4e8c12d9a23c7d8622844b39dcac7ded80,sha256:6fd4fe7914613a1e8bd4dc3b133b3b4e8c12d9a23c7d8622844b39dcac7ded80,sha256:d50c1b2e09707533cea40ba9709b6db2ebdfe60bddf3414aaaed2fdb2a15d0b0,dup_bf64de3fae556422d0fb,1,[],public,public,manual_comment_sample,Selected public sample only. Not full-platform coverage. Not full-web coverage. Not full-thread coverage.,"{""asset_id"":""local-snapshot-src_tieba_04-comment-21-6"",""run_id"":"""",""task_id"":"""",""source_path"":"""",""record_type"":""comment"",""field_score"":0,""keyword"":"""",""entity_ids"":[]}","{""normalized_from"":""opencrawler_local_asset"",""source_record_id"":""local-snapshot-src_tieba_04-comment-21-6"",""source_type"":""forum"",""acquisition_mode"":""manual_url"",""normalized_at"":""2026-06-17T12:10:16.502Z"",""warnings"":[]}",false,false,,community,,unknown,fan_community_reaction,unknown,unknown,unknown,unknown,unknown,unknown,unknown,44
sgv1_4e96143e439a09d8c9d5ea37,donglu_sunjihai_youth_football_202606,tieba,forum,manual_url,external_agent_assisted,source_url_provided_unverified,medium_low,0.45,review_needed,comment,,,???????????????????????? ??04-07?,zh-CN,https://tieba.baidu.com/f?kw=%E4%B8%AD%E5%9B%BD%E8%B6%B3%E7%90%83&sample=04,https://tieba.baidu.com/f?kw=%E4%B8%AD%E5%9B%BD%E8%B6%B3%E7%90%83&sample=04,src_tieba_04,,2026-06-12T15:00:00.000Z,2026-06-17T12:10:16.497Z,,sha256_platform_case_salt,unknown,true,true,,28,11,0,0,sha256:0518c45f0bab30a8136782d34dc3cda4689bc153e3a86078a4835d475821e17f,sha256:0518c45f0bab30a8136782d34dc3cda4689bc153e3a86078a4835d475821e17f,sha256:d50c1b2e09707533cea40ba9709b6db2ebdfe60bddf3414aaaed2fdb2a15d0b0,dup_7dfd058e600ddc286c1e,1,[],public,public,manual_comment_sample,Selected public sample only. Not full-platform coverage. Not full-web coverage. Not full-thread coverage.,"{""asset_id"":""local-snapshot-src_tieba_04-comment-21-7"",""run_id"":"""",""task_id"":"""",""source_path"":"""",""record_type"":""comment"",""field_score"":0,""keyword"":"""",""entity_ids"":[]}","{""normalized_from"":""opencrawler_local_asset"",""source_record_id"":""local-snapshot-src_tieba_04-comment-21-7"",""source_type"":""forum"",""acquisition_mode"":""manual_url"",""normalized_at"":""2026-06-17T12:10:16.502Z"",""warnings"":[]}",false,false,,community,,support_donglu_view,children_protection_boundary,unknown,unknown,unknown,unknown,core_support,curiosity,route_supporter_donglu,50
sgv1_b3a7eacaf5eb06a3abaa6220,donglu_sunjihai_youth_football_202606,tieba,forum,manual_url,external_agent_assisted,source_url_provided_unverified,medium_low,0.45,review_needed,comment,,,?????????????????????????? ??04-08?,zh-CN,https://tieba.baidu.com/f?kw=%E4%B8%AD%E5%9B%BD%E8%B6%B3%E7%90%83&sample=04,https://tieba.baidu.com/f?kw=%E4%B8%AD%E5%9B%BD%E8%B6%B3%E7%90%83&sample=04,src_tieba_04,,2026-06-13T16:00:00.000Z,2026-06-17T12:10:16.497Z,,sha256_platform_case_salt,unknown,true,true,,32,12,0,0,sha256:5bc9ad541870c38551149255b722d09bb6009111be83e7d7b8d3ac8a6c53485e,sha256:5bc9ad541870c38551149255b722d09bb6009111be83e7d7b8d3ac8a6c53485e,sha256:d50c1b2e09707533cea40ba9709b6db2ebdfe60bddf3414aaaed2fdb2a15d0b0,dup_c85aa41dc049c74c1137,1,[],public,public,manual_comment_sample,Selected public sample only. Not full-platform coverage. Not full-web coverage. Not full-thread coverage.,"{""asset_id"":""local-snapshot-src_tieba_04-comment-21-8"",""run_id"":"""",""task_id"":"""",""source_path"":"""",""record_type"":""comment"",""field_score"":0,""keyword"":"""",""entity_ids"":[]}","{""normalized_from"":""opencrawler_local_asset"",""source_record_id"":""local-snapshot-src_tieba_04-comment-21-8"",""source_type"":""forum"",""acquisition_mode"":""manual_url"",""normalized_at"":""2026-06-17T12:10:16.502Z"",""warnings"":[]}",false,false,,community,,support_sunjihai_view,chinese_football_reputation,unknown,unknown,unknown,unknown,core_support,curiosity,route_supporter_sunjihai,56
sgv1_66569607a8b57fea18b17ac4,donglu_sunjihai_youth_football_202606,tieba,forum,manual_url,external_agent_assisted,source_url_provided_unverified,medium_low,0.45,review_needed,comment,,,???????????????????????????? ??04-09?,zh-CN,https://tieba.baidu.com/f?kw=%E4%B8%AD%E5%9B%BD%E8%B6%B3%E7%90%83&sample=04,https://tieba.baidu.com/f?kw=%E4%B8%AD%E5%9B%BD%E8%B6%B3%E7%90%83&sample=04,src_tieba_04,,2026-06-14T17:00:00.000Z,2026-06-17T12:10:16.497Z,,sha256_platform_case_salt,unknown,true,true,,36,13,0,0,sha256:6d3d87027373b02bdd5575692e18afa51bb7afcbb3663e52cff9af54384a430b,sha256:6d3d87027373b02bdd5575692e18afa51bb7afcbb3663e52cff9af54384a430b,sha256:d50c1b2e09707533cea40ba9709b6db2ebdfe60bddf3414aaaed2fdb2a15d0b0,dup_211e26baf25c8a40b15a,1,[],public,public,manual_comment_sample,Selected public sample only. Not full-platform coverage. Not full-web coverage. Not full-thread coverage.,"{""asset_id"":""local-snapshot-src_tieba_04-comment-21-9"",""run_id"":"""",""task_id"":"""",""source_path"":"""",""record_type"":""comment"",""field_score"":0,""keyword"":"""",""entity_ids"":[]}","{""normalized_from"":""opencrawler_local_asset"",""source_record_id"":""local-snapshot-src_tieba_04-comment-21-9"",""source_type"":""forum"",""acquisition_mode"":""manual_url"",""normalized_at"":""2026-06-17T12:10:16.502Z"",""warnings"":[]}",false,false,,community,,neutral_process_focused,platform_discussion,unknown,unknown,unknown,unknown,bridge,neutral,process_observer,62
sgv1_cf68f11f3de83d4f27413def,donglu_sunjihai_youth_football_202606,tieba,forum,manual_url,external_agent_assisted,source_url_provided_unverified,medium_low,0.45,review_needed,comment,,,?????????????????????? ??04-10?,zh-CN,https://tieba.baidu.com/f?kw=%E4%B8%AD%E5%9B%BD%E8%B6%B3%E7%90%83&sample=04,https://tieba.baidu.com/f?kw=%E4%B8%AD%E5%9B%BD%E8%B6%B3%E7%90%83&sample=04,src_tieba_04,,2026-06-01T18:00:00.000Z,2026-06-17T12:10:16.497Z,,sha256_platform_case_salt,unknown,true,true,,40,14,0,0,sha256:136f3ee5ae7ab476cb9d6cc981009008d1a09c72228e5cc81b6b76594a6f0edf,sha256:136f3ee5ae7ab476cb9d6cc981009008d1a09c72228e5cc81b6b76594a6f0edf,sha256:d50c1b2e09707533cea40ba9709b6db2ebdfe60bddf3414aaaed2fdb2a15d0b0,dup_5d3a25cbab42ae996f58,1,[],public,public,manual_comment_sample,Selected public sample only. Not full-platform coverage. Not full-web coverage. Not full-thread coverage.,"{""asset_id"":""local-snapshot-src_tieba_04-comment-21-10"",""run_id"":"""",""task_id"":"""",""source_path"":"""",""record_type"":""comment"",""field_score"":0,""keyword"":"""",""entity_ids"":[]}","{""normalized_from"":""opencrawler_local_asset"",""source_record_id"":""local-snapshot-src_tieba_04-comment-21-10"",""source_type"":""forum"",""acquisition_mode"":""manual_url"",""normalized_at"":""2026-06-17T12:10:16.502Z"",""warnings"":[]}",false,false,,community,,youth_training_concern,extreme_cluster_or_trolling,unknown,unknown,unknown,unknown,neutral,concern,youth_training_concern_cluster,68
sgv1_a092e943f2624afbc25bfe39,donglu_sunjihai_youth_football_202606,tieba,forum,manual_url,external_agent_assisted,source_url_provided_unverified,medium_low,0.45,review_needed,comment,,,???????????????????????? ??04-11?,zh-CN,https://tieba.baidu.com/f?kw=%E4%B8%AD%E5%9B%BD%E8%B6%B3%E7%90%83&sample=04,https://tieba.baidu.com/f?kw=%E4%B8%AD%E5%9B%BD%E8%B6%B3%E7%90%83&sample=04,src_tieba_04,,2026-06-02T19:00:00.000Z,2026-06-17T12:10:16.497Z,,sha256_platform_case_salt,unknown,true,true,,44,15,0,0,sha256:77df5e6b921e0e706c7ed342fe6713987bf179607c961345d080f7ff4b69dd1d,sha256:77df5e6b921e0e706c7ed342fe6713987bf179607c961345d080f7ff4b69dd1d,sha256:d50c1b2e09707533cea40ba9709b6db2ebdfe60bddf3414aaaed2fdb2a15d0b0,dup_d01ff710e98f3a4cada3,1,[],public,public,manual_comment_sample,Selected public sample only. Not full-platform coverage. Not full-web coverage. Not full-thread coverage.,"{""asset_id"":""local-snapshot-src_tieba_04-comment-21-11"",""run_id"":"""",""task_id"":"""",""source_path"":"""",""record_type"":""comment"",""field_score"":0,""keyword"":"""",""entity_ids"":[]}","{""normalized_from"":""opencrawler_local_asset"",""source_record_id"":""local-snapshot-src_tieba_04-comment-21-11"",""source_type"":""forum"",""acquisition_mode"":""manual_url"",""normalized_at"":""2026-06-17T12:10:16.502Z"",""warnings"":[]}",false,false,,community,,anti_conflict_fatigue,unknown,unknown,unknown,unknown,unknown,fatigue,fatigue,fatigue_cluster,74
sgv1_6c178763f7238522dbeeac73,donglu_sunjihai_youth_football_202606,tieba,forum,manual_url,external_agent_assisted,source_url_provided_unverified,medium_low,0.45,review_needed,comment,,,????????????????????????? ??04-12?,zh-CN,https://tieba.baidu.com/f?kw=%E4%B8%AD%E5%9B%BD%E8%B6%B3%E7%90%83&sample=04,https://tieba.baidu.com/f?kw=%E4%B8%AD%E5%9B%BD%E8%B6%B3%E7%90%83&sample=04,src_tieba_04,,2026-06-03T20:00:00.000Z,2026-06-17T12:10:16.497Z,,sha256_platform_case_salt,unknown,true,true,,48,16,0,0,sha256:a7d20562309f3db21a03d1a8967c5b03bd6c89f1e4f4ba031f034b37c6e752c3,sha256:a7d20562309f3db21a03d1a8967c5b03bd6c89f1e4f4ba031f034b37c6e752c3,sha256:d50c1b2e09707533cea40ba9709b6db2ebdfe60bddf3414aaaed2fdb2a15d0b0,dup_559084b499382768cbbd,1,[],public,public,manual_comment_sample,Selected public sample only. Not full-platform coverage. Not full-web coverage. Not full-thread coverage.,"{""asset_id"":""local-snapshot-src_tieba_04-comment-21-12"",""run_id"":"""",""task_id"":"""",""source_path"":"""",""record_type"":""comment"",""field_score"":0,""keyword"":"""",""entity_ids"":[]}","{""normalized_from"":""opencrawler_local_asset"",""source_record_id"":""local-snapshot-src_tieba_04-comment-21-12"",""source_type"":""forum"",""acquisition_mode"":""manual_url"",""normalized_at"":""2026-06-17T12:10:16.502Z"",""warnings"":[]}",false,false,,community,,media_context,youth_training_model,unknown,unknown,unknown,unknown,bridge,neutral,media_context_reader,80
sgv1_f35b59c77b49b512b3d05f7c,donglu_sunjihai_youth_football_202606,tieba,forum,manual_url,external_agent_assisted,source_url_provided_unverified,medium_low,0.45,review_needed,comment,,,??????????????????????? ??04-13?,zh-CN,https://tieba.baidu.com/f?kw=%E4%B8%AD%E5%9B%BD%E8%B6%B3%E7%90%83&sample=04,https://tieba.baidu.com/f?kw=%E4%B8%AD%E5%9B%BD%E8%B6%B3%E7%90%83&sample=04,src_tieba_04,,2026-06-04T21:00:00.000Z,2026-06-17T12:10:16.497Z,,sha256_platform_case_salt,unknown,true,true,,52,17,0,0,sha256:6c9101c7ff8080286358a0e62b03c997f03a5fda28f29688e42883f553d1a0d4,sha256:6c9101c7ff8080286358a0e62b03c997f03a5fda28f29688e42883f553d1a0d4,sha256:d50c1b2e09707533cea40ba9709b6db2ebdfe60bddf3414aaaed2fdb2a15d0b0,dup_3f9f508aa766c96be3a0,1,[],public,public,manual_comment_sample,Selected public sample only. Not full-platform coverage. Not full-web coverage. Not full-thread coverage.,"{""asset_id"":""local-snapshot-src_tieba_04-comment-21-13"",""run_id"":"""",""task_id"":"""",""source_path"":"""",""record_type"":""comment"",""field_score"":0,""keyword"":"""",""entity_ids"":[]}","{""normalized_from"":""opencrawler_local_asset"",""source_record_id"":""local-snapshot-src_tieba_04-comment-21-13"",""source_type"":""forum"",""acquisition_mode"":""manual_url"",""normalized_at"":""2026-06-17T12:10:16.502Z"",""warnings"":[]}",false,false,,community,,extreme_attack_or_trolling,contract_or_responsibility_dispute,unknown,unknown,unknown,unknown,isolated_extreme,anger,isolated_extreme_cluster,86
sgv1_1604cfb2a5c53e3f31de6d2e,donglu_sunjihai_youth_football_202606,tieba,forum,manual_url,external_agent_assisted,source_url_provided_unverified,medium_low,0.45,review_needed,comment,,,????????????????????? ??04-14?,zh-CN,https://tieba.baidu.com/f?kw=%E4%B8%AD%E5%9B%BD%E8%B6%B3%E7%90%83&sample=04,https://tieba.baidu.com/f?kw=%E4%B8%AD%E5%9B%BD%E8%B6%B3%E7%90%83&sample=04,src_tieba_04,,2026-06-05T22:00:00.000Z,2026-06-17T12:10:16.497Z,,sha256_platform_case_salt,unknown,true,true,,56,0,0,0,sha256:d07753c4331f18b72ec24d16747548b55019a460a07aa2e9546ae77ee369a2ab,sha256:d07753c4331f18b72ec24d16747548b55019a460a07aa2e9546ae77ee369a2ab,sha256:d50c1b2e09707533cea40ba9709b6db2ebdfe60bddf3414aaaed2fdb2a15d0b0,dup_bb5f51e77ffc2ca18d73,1,[],public,public,manual_comment_sample,Selected public sample only. Not full-platform coverage. Not full-web coverage. Not full-thread coverage.,"{""asset_id"":""local-snapshot-src_tieba_04-comment-21-14"",""run_id"":"""",""task_id"":"""",""source_path"":"""",""record_type"":""comment"",""field_score"":0,""keyword"":"""",""entity_ids"":[]}","{""normalized_from"":""opencrawler_local_asset"",""source_record_id"":""local-snapshot-src_tieba_04-comment-21-14"",""source_type"":""forum"",""acquisition_mode"":""manual_url"",""normalized_at"":""2026-06-17T12:10:16.502Z"",""warnings"":[]}",false,false,,community,,unknown,public_response,unknown,unknown,unknown,unknown,unknown,unknown,unknown,56
sgv1_88aca68c70a237aeba6cde29,donglu_sunjihai_youth_football_202606,tieba,forum,manual_url,external_agent_assisted,source_url_provided_unverified,medium_low,0.45,review_needed,comment,,,??????????????????????????? ??04-15?,zh-CN,https://tieba.baidu.com/f?kw=%E4%B8%AD%E5%9B%BD%E8%B6%B3%E7%90%83&sample=04,https://tieba.baidu.com/f?kw=%E4%B8%AD%E5%9B%BD%E8%B6%B3%E7%90%83&sample=04,src_tieba_04,,2026-06-06T23:00:00.000Z,2026-06-17T12:10:16.497Z,,sha256_platform_case_salt,unknown,true,true,,60,1,0,0,sha256:25a95e08c065c26713ae96c5b819e8daed41d5e722670549c1b34d9891b36cd9,sha256:25a95e08c065c26713ae96c5b819e8daed41d5e722670549c1b34d9891b36cd9,sha256:d50c1b2e09707533cea40ba9709b6db2ebdfe60bddf3414aaaed2fdb2a15d0b0,dup_4a7d784bd5d9ef54669c,1,[],public,public,manual_comment_sample,Selected public sample only. Not full-platform coverage. Not full-web coverage. Not full-thread coverage.,"{""asset_id"":""local-snapshot-src_tieba_04-comment-21-15"",""run_id"":"""",""task_id"":"""",""source_path"":"""",""record_type"":""comment"",""field_score"":0,""keyword"":"""",""entity_ids"":[]}","{""normalized_from"":""opencrawler_local_asset"",""source_record_id"":""local-snapshot-src_tieba_04-comment-21-15"",""source_type"":""forum"",""acquisition_mode"":""manual_url"",""normalized_at"":""2026-06-17T12:10:16.502Z"",""warnings"":[]}",false,false,,community,,support_donglu_view,media_reframing,unknown,unknown,unknown,unknown,core_support,curiosity,route_supporter_donglu,62
sgv1_be7830c6a7f7f37a93560ec5,donglu_sunjihai_youth_football_202606,tieba,forum,manual_url,external_agent_assisted,source_url_provided_unverified,medium_low,0.45,review_needed,comment,,,?????????????????????? ??04-16?,zh-CN,https://tieba.baidu.com/f?kw=%E4%B8%AD%E5%9B%BD%E8%B6%B3%E7%90%83&sample=04,https://tieba.baidu.com/f?kw=%E4%B8%AD%E5%9B%BD%E8%B6%B3%E7%90%83&sample=04,src_tieba_04,,2026-06-07T00:00:00.000Z,2026-06-17T12:10:16.497Z,,sha256_platform_case_salt,unknown,true,true,,64,2,0,0,sha256:eec37edee177ad81610d8c9d83cc062b47ee58f0c7249bca24160bff5d27fca1,sha256:eec37edee177ad81610d8c9d83cc062b47ee58f0c7249bca24160bff5d27fca1,sha256:d50c1b2e09707533cea40ba9709b6db2ebdfe60bddf3414aaaed2fdb2a15d0b0,dup_005b3dd1c988f4ed0737,1,[],public,public,manual_comment_sample,Selected public sample only. Not full-platform coverage. Not full-web coverage. Not full-thread coverage.,"{""asset_id"":""local-snapshot-src_tieba_04-comment-21-16"",""run_id"":"""",""task_id"":"""",""source_path"":"""",""record_type"":""comment"",""field_score"":0,""keyword"":"""",""entity_ids"":[]}","{""normalized_from"":""opencrawler_local_asset"",""source_record_id"":""local-snapshot-src_tieba_04-comment-21-16"",""source_type"":""forum"",""acquisition_mode"":""manual_url"",""normalized_at"":""2026-06-17T12:10:16.502Z"",""warnings"":[]}",false,false,,community,,support_sunjihai_view,fan_community_reaction,unknown,unknown,unknown,unknown,core_support,curiosity,route_supporter_sunjihai,68
sgv1_ed10df5de0be86bf6d03332d,donglu_sunjihai_youth_football_202606,tieba,forum,manual_url,external_agent_assisted,source_url_provided_unverified,medium_low,0.45,review_needed,comment,,,??????????????????????????? ??04-17?,zh-CN,https://tieba.baidu.com/f?kw=%E4%B8%AD%E5%9B%BD%E8%B6%B3%E7%90%83&sample=04,https://tieba.baidu.com/f?kw=%E4%B8%AD%E5%9B%BD%E8%B6%B3%E7%90%83&sample=04,src_tieba_04,,2026-06-08T01:00:00.000Z,2026-06-17T12:10:16.497Z,,sha256_platform_case_salt,unknown,true,true,,68,3,0,0,sha256:93af16db813a76e2b88053752e0c118e3c455cd5ede5f097c03340d61d528948,sha256:93af16db813a76e2b88053752e0c118e3c455cd5ede5f097c03340d61d528948,sha256:d50c1b2e09707533cea40ba9709b6db2ebdfe60bddf3414aaaed2fdb2a15d0b0,dup_409cef281836a7134067,1,[],public,public,manual_comment_sample,Selected public sample only. Not full-platform coverage. Not full-web coverage. Not full-thread coverage.,"{""asset_id"":""local-snapshot-src_tieba_04-comment-21-17"",""run_id"":"""",""task_id"":"""",""source_path"":"""",""record_type"":""comment"",""field_score"":0,""keyword"":"""",""entity_ids"":[]}","{""normalized_from"":""opencrawler_local_asset"",""source_record_id"":""local-snapshot-src_tieba_04-comment-21-17"",""source_type"":""forum"",""acquisition_mode"":""manual_url"",""normalized_at"":""2026-06-17T12:10:16.502Z"",""warnings"":[]}",false,false,,community,,neutral_process_focused,children_protection_boundary,unknown,unknown,unknown,unknown,bridge,neutral,process_observer,74
sgv1_18d5f7a2c084f0508a694008,donglu_sunjihai_youth_football_202606,tieba,forum,manual_url,external_agent_assisted,source_url_provided_unverified,medium_low,0.45,review_needed,comment,,,?????????????????????????? ??04-18?,zh-CN,https://tieba.baidu.com/f?kw=%E4%B8%AD%E5%9B%BD%E8%B6%B3%E7%90%83&sample=04,https://tieba.baidu.com/f?kw=%E4%B8%AD%E5%9B%BD%E8%B6%B3%E7%90%83&sample=04,src_tieba_04,,2026-06-09T02:00:00.000Z,2026-06-17T12:10:16.497Z,,sha256_platform_case_salt,unknown,true,true,,72,4,0,0,sha256:dcd4531729d6f3d64ff4557b8e68249e4ce7e451639233c83f8157c7e2bdc701,sha256:dcd4531729d6f3d64ff4557b8e68249e4ce7e451639233c83f8157c7e2bdc701,sha256:d50c1b2e09707533cea40ba9709b6db2ebdfe60bddf3414aaaed2fdb2a15d0b0,dup_023f2bf82ae7ccadf06b,1,[],public,public,manual_comment_sample,Selected public sample only. Not full-platform coverage. Not full-web coverage. Not full-thread coverage.,"{""asset_id"":""local-snapshot-src_tieba_04-comment-21-18"",""run_id"":"""",""task_id"":"""",""source_path"":"""",""record_type"":""comment"",""field_score"":0,""keyword"":"""",""entity_ids"":[]}","{""normalized_from"":""opencrawler_local_asset"",""source_record_id"":""local-snapshot-src_tieba_04-comment-21-18"",""source_type"":""forum"",""acquisition_mode"":""manual_url"",""normalized_at"":""2026-06-17T12:10:16.502Z"",""warnings"":[]}",false,false,,community,,youth_training_concern,chinese_football_reputation,unknown,unknown,unknown,unknown,neutral,concern,youth_training_concern_cluster,80
sgv1_c00f72e9f9a12536fb3ac29e,donglu_sunjihai_youth_football_202606,tieba,forum,manual_url,external_agent_assisted,source_url_provided_unverified,medium_low,0.45,review_needed,comment,,,??????????????????????????? ??05-01?,zh-CN,https://tieba.baidu.com/f?kw=%E4%B8%AD%E5%9B%BD%E8%B6%B3%E7%90%83&sample=05,https://tieba.baidu.com/f?kw=%E4%B8%AD%E5%9B%BD%E8%B6%B3%E7%90%83&sample=05,src_tieba_05,,2026-06-07T09:00:00.000Z,2026-06-17T12:10:16.497Z,,sha256_platform_case_salt,unknown,true,true,,5,6,0,0,sha256:5c4a7c61e382d7e695d215d7ff3d8d5973950f2a709464b24ffef96a2aebf8cb,sha256:5c4a7c61e382d7e695d215d7ff3d8d5973950f2a709464b24ffef96a2aebf8cb,sha256:05c66ca31b7b7becae0d3ecf838c24c19732a4baef55ec7905e88c890510b6d1,dup_00923103f9ff21007063,1,[],public,public,manual_comment_sample,Selected public sample only. Not full-platform coverage. Not full-web coverage. Not full-thread coverage.,"{""asset_id"":""local-snapshot-src_tieba_05-comment-22-1"",""run_id"":"""",""task_id"":"""",""source_path"":"""",""record_type"":""comment"",""field_score"":0,""keyword"":"""",""entity_ids"":[]}","{""normalized_from"":""opencrawler_local_asset"",""source_record_id"":""local-snapshot-src_tieba_05-comment-22-1"",""source_type"":""forum"",""acquisition_mode"":""manual_url"",""normalized_at"":""2026-06-17T12:10:16.502Z"",""warnings"":[]}",false,false,,community,,youth_training_concern,contract_or_responsibility_dispute,unknown,unknown,unknown,unknown,neutral,concern,youth_training_concern_cluster,17
sgv1_35bed0aa39f3424b13831522,donglu_sunjihai_youth_football_202606,tieba,forum,manual_url,external_agent_assisted,source_url_provided_unverified,medium_low,0.45,review_needed,comment,,,????????????????????? ??05-02?,zh-CN,https://tieba.baidu.com/f?kw=%E4%B8%AD%E5%9B%BD%E8%B6%B3%E7%90%83&sample=05,https://tieba.baidu.com/f?kw=%E4%B8%AD%E5%9B%BD%E8%B6%B3%E7%90%83&sample=05,src_tieba_05,,2026-06-08T10:00:00.000Z,2026-06-17T12:10:16.497Z,,sha256_platform_case_salt,unknown,true,true,,10,7,0,0,sha256:a8ac0381cd616d22f42eee493b998a0c557d6880b3ef58bc641998b9eca95783,sha256:a8ac0381cd616d22f42eee493b998a0c557d6880b3ef58bc641998b9eca95783,sha256:05c66ca31b7b7becae0d3ecf838c24c19732a4baef55ec7905e88c890510b6d1,dup_657ec1e7a55dcfa83608,1,[],public,public,manual_comment_sample,Selected public sample only. Not full-platform coverage. Not full-web coverage. Not full-thread coverage.,"{""asset_id"":""local-snapshot-src_tieba_05-comment-22-2"",""run_id"":"""",""task_id"":"""",""source_path"":"""",""record_type"":""comment"",""field_score"":0,""keyword"":"""",""entity_ids"":[]}","{""normalized_from"":""opencrawler_local_asset"",""source_record_id"":""local-snapshot-src_tieba_05-comment-22-2"",""source_type"":""forum"",""acquisition_mode"":""manual_url"",""normalized_at"":""2026-06-17T12:10:16.502Z"",""warnings"":[]}",false,false,,community,,anti_conflict_fatigue,public_response,unknown,unknown,unknown,unknown,fatigue,fatigue,fatigue_cluster,24
sgv1_a08e1e366a5789386296a84b,donglu_sunjihai_youth_football_202606,tieba,forum,manual_url,external_agent_assisted,source_url_provided_unverified,medium_low,0.45,review_needed,comment,,,?????????????????????? ??05-03?,zh-CN,https://tieba.baidu.com/f?kw=%E4%B8%AD%E5%9B%BD%E8%B6%B3%E7%90%83&sample=05,https://tieba.baidu.com/f?kw=%E4%B8%AD%E5%9B%BD%E8%B6%B3%E7%90%83&sample=05,src_tieba_05,,2026-06-09T11:00:00.000Z,2026-06-17T12:10:16.497Z,,sha256_platform_case_salt,unknown,true,true,,15,8,0,0,sha256:f4a4458fd1283b09e98bc6ada54f304617d587a5276dc025db88eca61e3cfc81,sha256:f4a4458fd1283b09e98bc6ada54f304617d587a5276dc025db88eca61e3cfc81,sha256:05c66ca31b7b7becae0d3ecf838c24c19732a4baef55ec7905e88c890510b6d1,dup_c6d1b6ced8fb51979112,1,[],public,public,manual_comment_sample,Selected public sample only. Not full-platform coverage. Not full-web coverage. Not full-thread coverage.,"{""asset_id"":""local-snapshot-src_tieba_05-comment-22-3"",""run_id"":"""",""task_id"":"""",""source_path"":"""",""record_type"":""comment"",""field_score"":0,""keyword"":"""",""entity_ids"":[]}","{""normalized_from"":""opencrawler_local_asset"",""source_record_id"":""local-snapshot-src_tieba_05-comment-22-3"",""source_type"":""forum"",""acquisition_mode"":""manual_url"",""normalized_at"":""2026-06-17T12:10:16.502Z"",""warnings"":[]}",false,false,,community,,media_context,media_reframing,unknown,unknown,unknown,unknown,bridge,neutral,media_context_reader,31
sgv1_b39b5c2663377215f306c93d,donglu_sunjihai_youth_football_202606,tieba,forum,manual_url,external_agent_assisted,source_url_provided_unverified,medium_low,0.45,review_needed,comment,,,??????????????????????? ??05-04?,zh-CN,https://tieba.baidu.com/f?kw=%E4%B8%AD%E5%9B%BD%E8%B6%B3%E7%90%83&sample=05,https://tieba.baidu.com/f?kw=%E4%B8%AD%E5%9B%BD%E8%B6%B3%E7%90%83&sample=05,src_tieba_05,,2026-06-10T12:00:00.000Z,2026-06-17T12:10:16.497Z,,sha256_platform_case_salt,unknown,true,true,,20,9,0,0,sha256:936ddd098726ba59a9ff2d4003590678075cadc666b38aebb0c28263d37a6da7,sha256:936ddd098726ba59a9ff2d4003590678075cadc666b38aebb0c28263d37a6da7,sha256:05c66ca31b7b7becae0d3ecf838c24c19732a4baef55ec7905e88c890510b6d1,dup_fe287f902b616e0e2785,1,[],public,public,manual_comment_sample,Selected public sample only. Not full-platform coverage. Not full-web coverage. Not full-thread coverage.,"{""asset_id"":""local-snapshot-src_tieba_05-comment-22-4"",""run_id"":"""",""task_id"":"""",""source_path"":"""",""record_type"":""comment"",""field_score"":0,""keyword"":"""",""entity_ids"":[]}","{""normalized_from"":""opencrawler_local_asset"",""source_record_id"":""local-snapshot-src_tieba_05-comment-22-4"",""source_type"":""forum"",""acquisition_mode"":""manual_url"",""normalized_at"":""2026-06-17T12:10:16.502Z"",""warnings"":[]}",false,false,,community,,extreme_attack_or_trolling,fan_community_reaction,unknown,unknown,unknown,unknown,isolated_extreme,anger,isolated_extreme_cluster,38
sgv1_747f0ae3aed0b6ef418454e1,donglu_sunjihai_youth_football_202606,tieba,forum,manual_url,external_agent_assisted,source_url_provided_unverified,medium_low,0.45,review_needed,comment,,,????????????????? ??05-05?,zh-CN,https://tieba.baidu.com/f?kw=%E4%B8%AD%E5%9B%BD%E8%B6%B3%E7%90%83&sample=05,https://tieba.baidu.com/f?kw=%E4%B8%AD%E5%9B%BD%E8%B6%B3%E7%90%83&sample=05,src_tieba_05,,2026-06-11T13:00:00.000Z,2026-06-17T12:10:16.497Z,,sha256_platform_case_salt,unknown,true,true,,25,10,0,0,sha256:ecf3f090b59afaa67a1d9fc8c57734c38e1436ead3f20a64811e805c0f6d597a,sha256:ecf3f090b59afaa67a1d9fc8c57734c38e1436ead3f20a64811e805c0f6d597a,sha256:05c66ca31b7b7becae0d3ecf838c24c19732a4baef55ec7905e88c890510b6d1,dup_3bac08dd1272302a5720,1,[],public,public,manual_comment_sample,Selected public sample only. Not full-platform coverage. Not full-web coverage. Not full-thread coverage.,"{""asset_id"":""local-snapshot-src_tieba_05-comment-22-5"",""run_id"":"""",""task_id"":"""",""source_path"":"""",""record_type"":""comment"",""field_score"":0,""keyword"":"""",""entity_ids"":[]}","{""normalized_from"":""opencrawler_local_asset"",""source_record_id"":""local-snapshot-src_tieba_05-comment-22-5"",""source_type"":""forum"",""acquisition_mode"":""manual_url"",""normalized_at"":""2026-06-17T12:10:16.502Z"",""warnings"":[]}",false,false,,community,,unknown,children_protection_boundary,unknown,unknown,unknown,unknown,unknown,unknown,unknown,45
sgv1_7ba1d4657b639c71da9cfaea,donglu_sunjihai_youth_football_202606,tieba,forum,manual_url,external_agent_assisted,source_url_provided_unverified,medium_low,0.45,review_needed,comment,,,???????????????????????? ??05-06?,zh-CN,https://tieba.baidu.com/f?kw=%E4%B8%AD%E5%9B%BD%E8%B6%B3%E7%90%83&sample=05,https://tieba.baidu.com/f?kw=%E4%B8%AD%E5%9B%BD%E8%B6%B3%E7%90%83&sample=05,src_tieba_05,,2026-06-12T14:00:00.000Z,2026-06-17T12:10:16.497Z,,sha256_platform_case_salt,unknown,true,true,,30,11,0,0,sha256:f0a73a92974593e199f79dea6385c4d128fad0e923b299eda3461d0fd078523e,sha256:f0a73a92974593e199f79dea6385c4d128fad0e923b299eda3461d0fd078523e,sha256:05c66ca31b7b7becae0d3ecf838c24c19732a4baef55ec7905e88c890510b6d1,dup_97b6f3e186d4c063359d,1,[],public,public,manual_comment_sample,Selected public sample only. Not full-platform coverage. Not full-web coverage. Not full-thread coverage.,"{""asset_id"":""local-snapshot-src_tieba_05-comment-22-6"",""run_id"":"""",""task_id"":"""",""source_path"":"""",""record_type"":""comment"",""field_score"":0,""keyword"":"""",""entity_ids"":[]}","{""normalized_from"":""opencrawler_local_asset"",""source_record_id"":""local-snapshot-src_tieba_05-comment-22-6"",""source_type"":""forum"",""acquisition_mode"":""manual_url"",""normalized_at"":""2026-06-17T12:10:16.502Z"",""warnings"":[]}",false,false,,community,,support_donglu_view,chinese_football_reputation,unknown,unknown,unknown,unknown,core_support,curiosity,route_supporter_donglu,52
sgv1_699d10816ea8a515fbe91417,donglu_sunjihai_youth_football_202606,tieba,forum,manual_url,external_agent_assisted,source_url_provided_unverified,medium_low,0.45,review_needed,comment,,,?????????????????????????? ??05-07?,zh-CN,https://tieba.baidu.com/f?kw=%E4%B8%AD%E5%9B%BD%E8%B6%B3%E7%90%83&sample=05,https://tieba.baidu.com/f?kw=%E4%B8%AD%E5%9B%BD%E8%B6%B3%E7%90%83&sample=05,src_tieba_05,,2026-06-13T15:00:00.000Z,2026-06-17T12:10:16.497Z,,sha256_platform_case_salt,unknown,true,true,,35,12,0,0,sha256:c8a608006350513498df4d5f29d26bddff1837205cc410a00364cdb64e87b150,sha256:c8a608006350513498df4d5f29d26bddff1837205cc410a00364cdb64e87b150,sha256:05c66ca31b7b7becae0d3ecf838c24c19732a4baef55ec7905e88c890510b6d1,dup_361d00447933652bcecb,1,[],public,public,manual_comment_sample,Selected public sample only. Not full-platform coverage. Not full-web coverage. Not full-thread coverage.,"{""asset_id"":""local-snapshot-src_tieba_05-comment-22-7"",""run_id"":"""",""task_id"":"""",""source_path"":"""",""record_type"":""comment"",""field_score"":0,""keyword"":"""",""entity_ids"":[]}","{""normalized_from"":""opencrawler_local_asset"",""source_record_id"":""local-snapshot-src_tieba_05-comment-22-7"",""source_type"":""forum"",""acquisition_mode"":""manual_url"",""normalized_at"":""2026-06-17T12:10:16.502Z"",""warnings"":[]}",false,false,,community,,support_sunjihai_view,platform_discussion,unknown,unknown,unknown,unknown,core_support,curiosity,route_supporter_sunjihai,59
sgv1_75a1802dbaf72580ea30e913,donglu_sunjihai_youth_football_202606,tieba,forum,manual_url,external_agent_assisted,source_url_provided_unverified,medium_low,0.45,review_needed,comment,,,???????????????????????????? ??05-08?,zh-CN,https://tieba.baidu.com/f?kw=%E4%B8%AD%E5%9B%BD%E8%B6%B3%E7%90%83&sample=05,https://tieba.baidu.com/f?kw=%E4%B8%AD%E5%9B%BD%E8%B6%B3%E7%90%83&sample=05,src_tieba_05,,2026-06-14T16:00:00.000Z,2026-06-17T12:10:16.497Z,,sha256_platform_case_salt,unknown,true,true,,40,13,0,0,sha256:ca6dbadcbebf9ba55540a02e4ce291d5fcc51becfa4e2f132015dd60a567d5e2,sha256:ca6dbadcbebf9ba55540a02e4ce291d5fcc51becfa4e2f132015dd60a567d5e2,sha256:05c66ca31b7b7becae0d3ecf838c24c19732a4baef55ec7905e88c890510b6d1,dup_84dc4c276368d1f5bd75,1,[],public,public,manual_comment_sample,Selected public sample only. Not full-platform coverage. Not full-web coverage. Not full-thread coverage.,"{""asset_id"":""local-snapshot-src_tieba_05-comment-22-8"",""run_id"":"""",""task_id"":"""",""source_path"":"""",""record_type"":""comment"",""field_score"":0,""keyword"":"""",""entity_ids"":[]}","{""normalized_from"":""opencrawler_local_asset"",""source_record_id"":""local-snapshot-src_tieba_05-comment-22-8"",""source_type"":""forum"",""acquisition_mode"":""manual_url"",""normalized_at"":""2026-06-17T12:10:16.502Z"",""warnings"":[]}",false,false,,community,,neutral_process_focused,extreme_cluster_or_trolling,unknown,unknown,unknown,unknown,bridge,neutral,process_observer,66
sgv1_1669912fbebcf757ddc7aec9,donglu_sunjihai_youth_football_202606,tieba,forum,manual_url,external_agent_assisted,source_url_provided_unverified,medium_low,0.45,review_needed,comment,,,?????????????????????? ??05-09?,zh-CN,https://tieba.baidu.com/f?kw=%E4%B8%AD%E5%9B%BD%E8%B6%B3%E7%90%83&sample=05,https://tieba.baidu.com/f?kw=%E4%B8%AD%E5%9B%BD%E8%B6%B3%E7%90%83&sample=05,src_tieba_05,,2026-06-01T17:00:00.000Z,2026-06-17T12:10:16.497Z,,sha256_platform_case_salt,unknown,true,true,,45,14,0,0,sha256:70fd69dbfbed304b953e256b854eaf4cfdb268575508d5eb0e74303ceaf96724,sha256:70fd69dbfbed304b953e256b854eaf4cfdb268575508d5eb0e74303ceaf96724,sha256:05c66ca31b7b7becae0d3ecf838c24c19732a4baef55ec7905e88c890510b6d1,dup_7997a9f547a7ee848fb5,1,[],public,public,manual_comment_sample,Selected public sample only. Not full-platform coverage. Not full-web coverage. Not full-thread coverage.,"{""asset_id"":""local-snapshot-src_tieba_05-comment-22-9"",""run_id"":"""",""task_id"":"""",""source_path"":"""",""record_type"":""comment"",""field_score"":0,""keyword"":"""",""entity_ids"":[]}","{""normalized_from"":""opencrawler_local_asset"",""source_record_id"":""local-snapshot-src_tieba_05-comment-22-9"",""source_type"":""forum"",""acquisition_mode"":""manual_url"",""normalized_at"":""2026-06-17T12:10:16.502Z"",""warnings"":[]}",false,false,,community,,youth_training_concern,unknown,unknown,unknown,unknown,unknown,neutral,concern,youth_training_concern_cluster,73
sgv1_49abc8703371fc420660efd1,donglu_sunjihai_youth_football_202606,tieba,forum,manual_url,external_agent_assisted,source_url_provided_unverified,medium_low,0.45,review_needed,comment,,,???????????????????????? ??05-10?,zh-CN,https://tieba.baidu.com/f?kw=%E4%B8%AD%E5%9B%BD%E8%B6%B3%E7%90%83&sample=05,https://tieba.baidu.com/f?kw=%E4%B8%AD%E5%9B%BD%E8%B6%B3%E7%90%83&sample=05,src_tieba_05,,2026-06-02T18:00:00.000Z,2026-06-17T12:10:16.497Z,,sha256_platform_case_salt,unknown,true,true,,50,15,0,0,sha256:414242f458efc7cb8c3af5ae4bc90ce3fdb7b872090f11d4427970ddf4dbfb44,sha256:414242f458efc7cb8c3af5ae4bc90ce3fdb7b872090f11d4427970ddf4dbfb44,sha256:05c66ca31b7b7becae0d3ecf838c24c19732a4baef55ec7905e88c890510b6d1,dup_ecd1451f1fec2249a13e,1,[],public,public,manual_comment_sample,Selected public sample only. Not full-platform coverage. Not full-web coverage. Not full-thread coverage.,"{""asset_id"":""local-snapshot-src_tieba_05-comment-22-10"",""run_id"":"""",""task_id"":"""",""source_path"":"""",""record_type"":""comment"",""field_score"":0,""keyword"":"""",""entity_ids"":[]}","{""normalized_from"":""opencrawler_local_asset"",""source_record_id"":""local-snapshot-src_tieba_05-comment-22-10"",""source_type"":""forum"",""acquisition_mode"":""manual_url"",""normalized_at"":""2026-06-17T12:10:16.502Z"",""warnings"":[]}",false,false,,community,,anti_conflict_fatigue,youth_training_model,unknown,unknown,unknown,unknown,fatigue,fatigue,fatigue_cluster,80
sgv1_f961690373d93441fcad6eb4,donglu_sunjihai_youth_football_202606,tieba,forum,manual_url,external_agent_assisted,source_url_provided_unverified,medium_low,0.45,review_needed,comment,,,????????????????????????? ??05-11?,zh-CN,https://tieba.baidu.com/f?kw=%E4%B8%AD%E5%9B%BD%E8%B6%B3%E7%90%83&sample=05,https://tieba.baidu.com/f?kw=%E4%B8%AD%E5%9B%BD%E8%B6%B3%E7%90%83&sample=05,src_tieba_05,,2026-06-03T19:00:00.000Z,2026-06-17T12:10:16.497Z,,sha256_platform_case_salt,unknown,true,true,,55,16,0,0,sha256:6f728bbe69ec83dde6dfaa3603f4c12dcaeb8dec2cbacd9040e717dcf0f34a48,sha256:6f728bbe69ec83dde6dfaa3603f4c12dcaeb8dec2cbacd9040e717dcf0f34a48,sha256:05c66ca31b7b7becae0d3ecf838c24c19732a4baef55ec7905e88c890510b6d1,dup_d267ba3c4a558077acaa,1,[],public,public,manual_comment_sample,Selected public sample only. Not full-platform coverage. Not full-web coverage. Not full-thread coverage.,"{""asset_id"":""local-snapshot-src_tieba_05-comment-22-11"",""run_id"":"""",""task_id"":"""",""source_path"":"""",""record_type"":""comment"",""field_score"":0,""keyword"":"""",""entity_ids"":[]}","{""normalized_from"":""opencrawler_local_asset"",""source_record_id"":""local-snapshot-src_tieba_05-comment-22-11"",""source_type"":""forum"",""acquisition_mode"":""manual_url"",""normalized_at"":""2026-06-17T12:10:16.502Z"",""warnings"":[]}",false,false,,community,,media_context,contract_or_responsibility_dispute,unknown,unknown,unknown,unknown,bridge,neutral,media_context_reader,87
sgv1_392797c4b658c57c2d5a23ac,donglu_sunjihai_youth_football_202606,tieba,forum,manual_url,external_agent_assisted,source_url_provided_unverified,medium_low,0.45,review_needed,comment,,,??????????????????????? ??05-12?,zh-CN,https://tieba.baidu.com/f?kw=%E4%B8%AD%E5%9B%BD%E8%B6%B3%E7%90%83&sample=05,https://tieba.baidu.com/f?kw=%E4%B8%AD%E5%9B%BD%E8%B6%B3%E7%90%83&sample=05,src_tieba_05,,2026-06-04T20:00:00.000Z,2026-06-17T12:10:16.497Z,,sha256_platform_case_salt,unknown,true,true,,60,17,0,0,sha256:769c3a4393d2de37f7d43af1925543ced672f8e4c6808aaec1a58d3b7b7320a5,sha256:769c3a4393d2de37f7d43af1925543ced672f8e4c6808aaec1a58d3b7b7320a5,sha256:05c66ca31b7b7becae0d3ecf838c24c19732a4baef55ec7905e88c890510b6d1,dup_4928ff2de68e0c486870,1,[],public,public,manual_comment_sample,Selected public sample only. Not full-platform coverage. Not full-web coverage. Not full-thread coverage.,"{""asset_id"":""local-snapshot-src_tieba_05-comment-22-12"",""run_id"":"""",""task_id"":"""",""source_path"":"""",""record_type"":""comment"",""field_score"":0,""keyword"":"""",""entity_ids"":[]}","{""normalized_from"":""opencrawler_local_asset"",""source_record_id"":""local-snapshot-src_tieba_05-comment-22-12"",""source_type"":""forum"",""acquisition_mode"":""manual_url"",""normalized_at"":""2026-06-17T12:10:16.502Z"",""warnings"":[]}",false,false,,community,,extreme_attack_or_trolling,public_response,unknown,unknown,unknown,unknown,isolated_extreme,anger,isolated_extreme_cluster,94
sgv1_41fc02555278e5d0f9b84f14,donglu_sunjihai_youth_football_202606,tieba,forum,manual_url,external_agent_assisted,source_url_provided_unverified,medium_low,0.45,review_needed,comment,,,????????????????????? ??05-13?,zh-CN,https://tieba.baidu.com/f?kw=%E4%B8%AD%E5%9B%BD%E8%B6%B3%E7%90%83&sample=05,https://tieba.baidu.com/f?kw=%E4%B8%AD%E5%9B%BD%E8%B6%B3%E7%90%83&sample=05,src_tieba_05,,2026-06-05T21:00:00.000Z,2026-06-17T12:10:16.497Z,,sha256_platform_case_salt,unknown,true,true,,65,0,0,0,sha256:bc712b0c73dcadd36f5891521846fd5e3a086c94245dcf2c98487806a0382b5d,sha256:bc712b0c73dcadd36f5891521846fd5e3a086c94245dcf2c98487806a0382b5d,sha256:05c66ca31b7b7becae0d3ecf838c24c19732a4baef55ec7905e88c890510b6d1,dup_8825ce795018ea7e4108,1,[],public,public,manual_comment_sample,Selected public sample only. Not full-platform coverage. Not full-web coverage. Not full-thread coverage.,"{""asset_id"":""local-snapshot-src_tieba_05-comment-22-13"",""run_id"":"""",""task_id"":"""",""source_path"":"""",""record_type"":""comment"",""field_score"":0,""keyword"":"""",""entity_ids"":[]}","{""normalized_from"":""opencrawler_local_asset"",""source_record_id"":""local-snapshot-src_tieba_05-comment-22-13"",""source_type"":""forum"",""acquisition_mode"":""manual_url"",""normalized_at"":""2026-06-17T12:10:16.502Z"",""warnings"":[]}",false,false,,community,,unknown,media_reframing,unknown,unknown,unknown,unknown,unknown,unknown,unknown,65
sgv1_5bcd1684be1d8b03a0d617d1,donglu_sunjihai_youth_football_202606,tieba,forum,manual_url,external_agent_assisted,source_url_provided_unverified,medium_low,0.45,review_needed,comment,,,??????????????????????????? ??05-14?,zh-CN,https://tieba.baidu.com/f?kw=%E4%B8%AD%E5%9B%BD%E8%B6%B3%E7%90%83&sample=05,https://tieba.baidu.com/f?kw=%E4%B8%AD%E5%9B%BD%E8%B6%B3%E7%90%83&sample=05,src_tieba_05,,2026-06-06T22:00:00.000Z,2026-06-17T12:10:16.497Z,,sha256_platform_case_salt,unknown,true,true,,70,1,0,0,sha256:5df0cad18fe842eb53cc9d2ea62c5796d9afb4ccbb0f6f9a5c807e237d6d5abc,sha256:5df0cad18fe842eb53cc9d2ea62c5796d9afb4ccbb0f6f9a5c807e237d6d5abc,sha256:05c66ca31b7b7becae0d3ecf838c24c19732a4baef55ec7905e88c890510b6d1,dup_7a1683dfe70d75986a2a,1,[],public,public,manual_comment_sample,Selected public sample only. Not full-platform coverage. Not full-web coverage. Not full-thread coverage.,"{""asset_id"":""local-snapshot-src_tieba_05-comment-22-14"",""run_id"":"""",""task_id"":"""",""source_path"":"""",""record_type"":""comment"",""field_score"":0,""keyword"":"""",""entity_ids"":[]}","{""normalized_from"":""opencrawler_local_asset"",""source_record_id"":""local-snapshot-src_tieba_05-comment-22-14"",""source_type"":""forum"",""acquisition_mode"":""manual_url"",""normalized_at"":""2026-06-17T12:10:16.502Z"",""warnings"":[]}",false,false,,community,,support_donglu_view,fan_community_reaction,unknown,unknown,unknown,unknown,core_support,curiosity,route_supporter_donglu,72
sgv1_c0641af28d0f01d1ee7ff25d,donglu_sunjihai_youth_football_202606,tieba,forum,manual_url,external_agent_assisted,source_url_provided_unverified,medium_low,0.45,review_needed,comment,,,?????????????????????? ??05-15?,zh-CN,https://tieba.baidu.com/f?kw=%E4%B8%AD%E5%9B%BD%E8%B6%B3%E7%90%83&sample=05,https://tieba.baidu.com/f?kw=%E4%B8%AD%E5%9B%BD%E8%B6%B3%E7%90%83&sample=05,src_tieba_05,,2026-06-07T23:00:00.000Z,2026-06-17T12:10:16.497Z,,sha256_platform_case_salt,unknown,true,true,,75,2,0,0,sha256:a5d41eb94c791d52c383eb338f1eebe7a3f58c2f7540d72513f21de787cfbea5,sha256:a5d41eb94c791d52c383eb338f1eebe7a3f58c2f7540d72513f21de787cfbea5,sha256:05c66ca31b7b7becae0d3ecf838c24c19732a4baef55ec7905e88c890510b6d1,dup_81c73b33446501f3030e,1,[],public,public,manual_comment_sample,Selected public sample only. Not full-platform coverage. Not full-web coverage. Not full-thread coverage.,"{""asset_id"":""local-snapshot-src_tieba_05-comment-22-15"",""run_id"":"""",""task_id"":"""",""source_path"":"""",""record_type"":""comment"",""field_score"":0,""keyword"":"""",""entity_ids"":[]}","{""normalized_from"":""opencrawler_local_asset"",""source_record_id"":""local-snapshot-src_tieba_05-comment-22-15"",""source_type"":""forum"",""acquisition_mode"":""manual_url"",""normalized_at"":""2026-06-17T12:10:16.502Z"",""warnings"":[]}",false,false,,community,,support_sunjihai_view,children_protection_boundary,unknown,unknown,unknown,unknown,core_support,curiosity,route_supporter_sunjihai,79
sgv1_590a571f2e741702f6f0c271,donglu_sunjihai_youth_football_202606,tieba,forum,manual_url,external_agent_assisted,source_url_provided_unverified,medium_low,0.45,review_needed,comment,,,??????????????????????????? ??05-16?,zh-CN,https://tieba.baidu.com/f?kw=%E4%B8%AD%E5%9B%BD%E8%B6%B3%E7%90%83&sample=05,https://tieba.baidu.com/f?kw=%E4%B8%AD%E5%9B%BD%E8%B6%B3%E7%90%83&sample=05,src_tieba_05,,2026-06-08T00:00:00.000Z,2026-06-17T12:10:16.497Z,,sha256_platform_case_salt,unknown,true,true,,80,3,0,0,sha256:822812b0d60a5d0042351ce74b862062a5977e5ff3688074994bc1e7f6ff05e8,sha256:822812b0d60a5d0042351ce74b862062a5977e5ff3688074994bc1e7f6ff05e8,sha256:05c66ca31b7b7becae0d3ecf838c24c19732a4baef55ec7905e88c890510b6d1,dup_d1b2fa1671d9b9d01c34,1,[],public,public,manual_comment_sample,Selected public sample only. Not full-platform coverage. Not full-web coverage. Not full-thread coverage.,"{""asset_id"":""local-snapshot-src_tieba_05-comment-22-16"",""run_id"":"""",""task_id"":"""",""source_path"":"""",""record_type"":""comment"",""field_score"":0,""keyword"":"""",""entity_ids"":[]}","{""normalized_from"":""opencrawler_local_asset"",""source_record_id"":""local-snapshot-src_tieba_05-comment-22-16"",""source_type"":""forum"",""acquisition_mode"":""manual_url"",""normalized_at"":""2026-06-17T12:10:16.502Z"",""warnings"":[]}",false,false,,community,,neutral_process_focused,chinese_football_reputation,unknown,unknown,unknown,unknown,bridge,neutral,process_observer,86
sgv1_11c2154ebc052ef10b2fe292,donglu_sunjihai_youth_football_202606,tieba,forum,manual_url,external_agent_assisted,source_url_provided_unverified,medium_low,0.45,review_needed,comment,,,?????????????????????????? ??05-17?,zh-CN,https://tieba.baidu.com/f?kw=%E4%B8%AD%E5%9B%BD%E8%B6%B3%E7%90%83&sample=05,https://tieba.baidu.com/f?kw=%E4%B8%AD%E5%9B%BD%E8%B6%B3%E7%90%83&sample=05,src_tieba_05,,2026-06-09T01:00:00.000Z,2026-06-17T12:10:16.497Z,,sha256_platform_case_salt,unknown,true,true,,85,4,0,0,sha256:6ec0ced02b7fc7db5364f790723fe2059e510a46823071bae94dcc887d6a8242,sha256:6ec0ced02b7fc7db5364f790723fe2059e510a46823071bae94dcc887d6a8242,sha256:05c66ca31b7b7becae0d3ecf838c24c19732a4baef55ec7905e88c890510b6d1,dup_987bb0771eed0ebffa19,1,[],public,public,manual_comment_sample,Selected public sample only. Not full-platform coverage. Not full-web coverage. Not full-thread coverage.,"{""asset_id"":""local-snapshot-src_tieba_05-comment-22-17"",""run_id"":"""",""task_id"":"""",""source_path"":"""",""record_type"":""comment"",""field_score"":0,""keyword"":"""",""entity_ids"":[]}","{""normalized_from"":""opencrawler_local_asset"",""source_record_id"":""local-snapshot-src_tieba_05-comment-22-17"",""source_type"":""forum"",""acquisition_mode"":""manual_url"",""normalized_at"":""2026-06-17T12:10:16.502Z"",""warnings"":[]}",false,false,,community,,youth_training_concern,platform_discussion,unknown,unknown,unknown,unknown,neutral,concern,youth_training_concern_cluster,93
sgv1_739fa2ea5a0fb55f790452da,donglu_sunjihai_youth_football_202606,tieba,forum,manual_url,external_agent_assisted,source_url_provided_unverified,medium_low,0.45,review_needed,comment,,,?????????????????????? ??05-18?,zh-CN,https://tieba.baidu.com/f?kw=%E4%B8%AD%E5%9B%BD%E8%B6%B3%E7%90%83&sample=05,https://tieba.baidu.com/f?kw=%E4%B8%AD%E5%9B%BD%E8%B6%B3%E7%90%83&sample=05,src_tieba_05,,2026-06-10T02:00:00.000Z,2026-06-17T12:10:16.497Z,,sha256_platform_case_salt,unknown,true,true,,90,5,0,0,sha256:45885fcfe82efb8db9a427e7425f897158210fd3f996a0d150c6cb267b2a0edb,sha256:45885fcfe82efb8db9a427e7425f897158210fd3f996a0d150c6cb267b2a0edb,sha256:05c66ca31b7b7becae0d3ecf838c24c19732a4baef55ec7905e88c890510b6d1,dup_9e5b878df3e16b720bb8,1,[],public,public,manual_comment_sample,Selected public sample only. Not full-platform coverage. Not full-web coverage. Not full-thread coverage.,"{""asset_id"":""local-snapshot-src_tieba_05-comment-22-18"",""run_id"":"""",""task_id"":"""",""source_path"":"""",""record_type"":""comment"",""field_score"":0,""keyword"":"""",""entity_ids"":[]}","{""normalized_from"":""opencrawler_local_asset"",""source_record_id"":""local-snapshot-src_tieba_05-comment-22-18"",""source_type"":""forum"",""acquisition_mode"":""manual_url"",""normalized_at"":""2026-06-17T12:10:16.502Z"",""warnings"":[]}",false,false,,community,,anti_conflict_fatigue,extreme_cluster_or_trolling,unknown,unknown,unknown,unknown,fatigue,fatigue,fatigue_cluster,100
sgv1_6bd8896d5b6a6fe2114124b5,donglu_sunjihai_youth_football_202606,tieba,forum,manual_url,external_agent_assisted,source_url_provided_unverified,medium_low,0.45,review_needed,comment,,,????????????????????? ??06-01?,zh-CN,https://tieba.baidu.com/f?kw=%E4%B8%AD%E5%9B%BD%E8%B6%B3%E7%90%83&sample=06,https://tieba.baidu.com/f?kw=%E4%B8%AD%E5%9B%BD%E8%B6%B3%E7%90%83&sample=06,src_tieba_06,,2026-06-08T09:00:00.000Z,2026-06-17T12:10:16.498Z,,sha256_platform_case_salt,unknown,true,true,,6,7,0,0,sha256:ba72c9533fe1b2f2d2f320486846e0f5182cae836f52da71dd639978a2aa974a,sha256:ba72c9533fe1b2f2d2f320486846e0f5182cae836f52da71dd639978a2aa974a,sha256:b2b87bc931f4ac5409e90dfa4d9ac43694d77edec39e0cb9db1a4f108a19f9ae,dup_7a668e77935d47d3fdb1,1,[],public,public,manual_comment_sample,Selected public sample only. Not full-platform coverage. Not full-web coverage. Not full-thread coverage.,"{""asset_id"":""local-snapshot-src_tieba_06-comment-23-1"",""run_id"":"""",""task_id"":"""",""source_path"":"""",""record_type"":""comment"",""field_score"":0,""keyword"":"""",""entity_ids"":[]}","{""normalized_from"":""opencrawler_local_asset"",""source_record_id"":""local-snapshot-src_tieba_06-comment-23-1"",""source_type"":""forum"",""acquisition_mode"":""manual_url"",""normalized_at"":""2026-06-17T12:10:16.502Z"",""warnings"":[]}",false,false,,community,,anti_conflict_fatigue,media_reframing,unknown,unknown,unknown,unknown,fatigue,fatigue,fatigue_cluster,20
sgv1_1217ff151fcc8f4e6077b1df,donglu_sunjihai_youth_football_202606,tieba,forum,manual_url,external_agent_assisted,source_url_provided_unverified,medium_low,0.45,review_needed,comment,,,?????????????????????? ??06-02?,zh-CN,https://tieba.baidu.com/f?kw=%E4%B8%AD%E5%9B%BD%E8%B6%B3%E7%90%83&sample=06,https://tieba.baidu.com/f?kw=%E4%B8%AD%E5%9B%BD%E8%B6%B3%E7%90%83&sample=06,src_tieba_06,,2026-06-09T10:00:00.000Z,2026-06-17T12:10:16.498Z,,sha256_platform_case_salt,unknown,true,true,,12,8,0,0,sha256:2e71bb0aeb336021e1f6d875d793883af8c56ce3e3a8f7035fbe2b7139a58298,sha256:2e71bb0aeb336021e1f6d875d793883af8c56ce3e3a8f7035fbe2b7139a58298,sha256:b2b87bc931f4ac5409e90dfa4d9ac43694d77edec39e0cb9db1a4f108a19f9ae,dup_7cfadd675fbbfce37b5a,1,[],public,public,manual_comment_sample,Selected public sample only. Not full-platform coverage. Not full-web coverage. Not full-thread coverage.,"{""asset_id"":""local-snapshot-src_tieba_06-comment-23-2"",""run_id"":"""",""task_id"":"""",""source_path"":"""",""record_type"":""comment"",""field_score"":0,""keyword"":"""",""entity_ids"":[]}","{""normalized_from"":""opencrawler_local_asset"",""source_record_id"":""local-snapshot-src_tieba_06-comment-23-2"",""source_type"":""forum"",""acquisition_mode"":""manual_url"",""normalized_at"":""2026-06-17T12:10:16.502Z"",""warnings"":[]}",false,false,,community,,media_context,fan_community_reaction,unknown,unknown,unknown,unknown,bridge,neutral,media_context_reader,28
sgv1_a245ad45fac441861633e824,donglu_sunjihai_youth_football_202606,tieba,forum,manual_url,external_agent_assisted,source_url_provided_unverified,medium_low,0.45,review_needed,comment,,,??????????????????????? ??06-03?,zh-CN,https://tieba.baidu.com/f?kw=%E4%B8%AD%E5%9B%BD%E8%B6%B3%E7%90%83&sample=06,https://tieba.baidu.com/f?kw=%E4%B8%AD%E5%9B%BD%E8%B6%B3%E7%90%83&sample=06,src_tieba_06,,2026-06-10T11:00:00.000Z,2026-06-17T12:10:16.498Z,,sha256_platform_case_salt,unknown,true,true,,18,9,0,0,sha256:6d24e1fc6c44ff9aac7fbe204db32312d54ba969a68e2535e20507db7610a3bb,sha256:6d24e1fc6c44ff9aac7fbe204db32312d54ba969a68e2535e20507db7610a3bb,sha256:b2b87bc931f4ac5409e90dfa4d9ac43694d77edec39e0cb9db1a4f108a19f9ae,dup_c684211fad11b58067ea,1,[],public,public,manual_comment_sample,Selected public sample only. Not full-platform coverage. Not full-web coverage. Not full-thread coverage.,"{""asset_id"":""local-snapshot-src_tieba_06-comment-23-3"",""run_id"":"""",""task_id"":"""",""source_path"":"""",""record_type"":""comment"",""field_score"":0,""keyword"":"""",""entity_ids"":[]}","{""normalized_from"":""opencrawler_local_asset"",""source_record_id"":""local-snapshot-src_tieba_06-comment-23-3"",""source_type"":""forum"",""acquisition_mode"":""manual_url"",""normalized_at"":""2026-06-17T12:10:16.502Z"",""warnings"":[]}",false,false,,community,,extreme_attack_or_trolling,children_protection_boundary,unknown,unknown,unknown,unknown,isolated_extreme,anger,isolated_extreme_cluster,36
sgv1_173661edc48eb71c7bf01f8e,donglu_sunjihai_youth_football_202606,tieba,forum,manual_url,external_agent_assisted,source_url_provided_unverified,medium_low,0.45,review_needed,comment,,,????????????????? ??06-04?,zh-CN,https://tieba.baidu.com/f?kw=%E4%B8%AD%E5%9B%BD%E8%B6%B3%E7%90%83&sample=06,https://tieba.baidu.com/f?kw=%E4%B8%AD%E5%9B%BD%E8%B6%B3%E7%90%83&sample=06,src_tieba_06,,2026-06-11T12:00:00.000Z,2026-06-17T12:10:16.498Z,,sha256_platform_case_salt,unknown,true,true,,24,10,0,0,sha256:6f08152cfe737bf983832a926e65bb718f833d46342b084ab9695c3bd4c20b58,sha256:6f08152cfe737bf983832a926e65bb718f833d46342b084ab9695c3bd4c20b58,sha256:b2b87bc931f4ac5409e90dfa4d9ac43694d77edec39e0cb9db1a4f108a19f9ae,dup_f3ca8a5f6265b31edcb3,1,[],public,public,manual_comment_sample,Selected public sample only. Not full-platform coverage. Not full-web coverage. Not full-thread coverage.,"{""asset_id"":""local-snapshot-src_tieba_06-comment-23-4"",""run_id"":"""",""task_id"":"""",""source_path"":"""",""record_type"":""comment"",""field_score"":0,""keyword"":"""",""entity_ids"":[]}","{""normalized_from"":""opencrawler_local_asset"",""source_record_id"":""local-snapshot-src_tieba_06-comment-23-4"",""source_type"":""forum"",""acquisition_mode"":""manual_url"",""normalized_at"":""2026-06-17T12:10:16.502Z"",""warnings"":[]}",false,false,,community,,unknown,chinese_football_reputation,unknown,unknown,unknown,unknown,unknown,unknown,unknown,44
sgv1_875585d05f613c45ffea8318,donglu_sunjihai_youth_football_202606,tieba,forum,manual_url,external_agent_assisted,source_url_provided_unverified,medium_low,0.45,review_needed,comment,,,???????????????????????? ??06-05?,zh-CN,https://tieba.baidu.com/f?kw=%E4%B8%AD%E5%9B%BD%E8%B6%B3%E7%90%83&sample=06,https://tieba.baidu.com/f?kw=%E4%B8%AD%E5%9B%BD%E8%B6%B3%E7%90%83&sample=06,src_tieba_06,,2026-06-12T13:00:00.000Z,2026-06-17T12:10:16.498Z,,sha256_platform_case_salt,unknown,true,true,,30,11,0,0,sha256:0db0cfe0195028e2acf0dffdba37b9a338fd4b043461c965153d9826a9648a70,sha256:0db0cfe0195028e2acf0dffdba37b9a338fd4b043461c965153d9826a9648a70,sha256:b2b87bc931f4ac5409e90dfa4d9ac43694d77edec39e0cb9db1a4f108a19f9ae,dup_ee10689ff38c0cc9735d,1,[],public,public,manual_comment_sample,Selected public sample only. Not full-platform coverage. Not full-web coverage. Not full-thread coverage.,"{""asset_id"":""local-snapshot-src_tieba_06-comment-23-5"",""run_id"":"""",""task_id"":"""",""source_path"":"""",""record_type"":""comment"",""field_score"":0,""keyword"":"""",""entity_ids"":[]}","{""normalized_from"":""opencrawler_local_asset"",""source_record_id"":""local-snapshot-src_tieba_06-comment-23-5"",""source_type"":""forum"",""acquisition_mode"":""manual_url"",""normalized_at"":""2026-06-17T12:10:16.502Z"",""warnings"":[]}",false,false,,community,,support_donglu_view,platform_discussion,unknown,unknown,unknown,unknown,core_support,curiosity,route_supporter_donglu,52
sgv1_dca3540b8c7a63c250f3ef35,donglu_sunjihai_youth_football_202606,tieba,forum,manual_url,external_agent_assisted,source_url_provided_unverified,medium_low,0.45,review_needed,comment,,,?????????????????????????? ??06-06?,zh-CN,https://tieba.baidu.com/f?kw=%E4%B8%AD%E5%9B%BD%E8%B6%B3%E7%90%83&sample=06,https://tieba.baidu.com/f?kw=%E4%B8%AD%E5%9B%BD%E8%B6%B3%E7%90%83&sample=06,src_tieba_06,,2026-06-13T14:00:00.000Z,2026-06-17T12:10:16.498Z,,sha256_platform_case_salt,unknown,true,true,,36,12,0,0,sha256:94ad550150c2965fb8706d256d92fd5d2d71001270c4906e8346fcbca03ce81a,sha256:94ad550150c2965fb8706d256d92fd5d2d71001270c4906e8346fcbca03ce81a,sha256:b2b87bc931f4ac5409e90dfa4d9ac43694d77edec39e0cb9db1a4f108a19f9ae,dup_bcdff5465729e1e46fc8,1,[],public,public,manual_comment_sample,Selected public sample only. Not full-platform coverage. Not full-web coverage. Not full-thread coverage.,"{""asset_id"":""local-snapshot-src_tieba_06-comment-23-6"",""run_id"":"""",""task_id"":"""",""source_path"":"""",""record_type"":""comment"",""field_score"":0,""keyword"":"""",""entity_ids"":[]}","{""normalized_from"":""opencrawler_local_asset"",""source_record_id"":""local-snapshot-src_tieba_06-comment-23-6"",""source_type"":""forum"",""acquisition_mode"":""manual_url"",""normalized_at"":""2026-06-17T12:10:16.502Z"",""warnings"":[]}",false,false,,community,,support_sunjihai_view,extreme_cluster_or_trolling,unknown,unknown,unknown,unknown,core_support,curiosity,route_supporter_sunjihai,60
sgv1_00c10f07d38b47d0fc149b98,donglu_sunjihai_youth_football_202606,tieba,forum,manual_url,external_agent_assisted,source_url_provided_unverified,medium_low,0.45,review_needed,comment,,,???????????????????????????? ??06-07?,zh-CN,https://tieba.baidu.com/f?kw=%E4%B8%AD%E5%9B%BD%E8%B6%B3%E7%90%83&sample=06,https://tieba.baidu.com/f?kw=%E4%B8%AD%E5%9B%BD%E8%B6%B3%E7%90%83&sample=06,src_tieba_06,,2026-06-14T15:00:00.000Z,2026-06-17T12:10:16.498Z,,sha256_platform_case_salt,unknown,true,true,,42,13,0,0,sha256:97e1165ddcfbfa86955747b0c935ca9ab9bc2d35717f85b605140d023ecaeb13,sha256:97e1165ddcfbfa86955747b0c935ca9ab9bc2d35717f85b605140d023ecaeb13,sha256:b2b87bc931f4ac5409e90dfa4d9ac43694d77edec39e0cb9db1a4f108a19f9ae,dup_f2dc095e0765f2e3c986,1,[],public,public,manual_comment_sample,Selected public sample only. Not full-platform coverage. Not full-web coverage. Not full-thread coverage.,"{""asset_id"":""local-snapshot-src_tieba_06-comment-23-7"",""run_id"":"""",""task_id"":"""",""source_path"":"""",""record_type"":""comment"",""field_score"":0,""keyword"":"""",""entity_ids"":[]}","{""normalized_from"":""opencrawler_local_asset"",""source_record_id"":""local-snapshot-src_tieba_06-comment-23-7"",""source_type"":""forum"",""acquisition_mode"":""manual_url"",""normalized_at"":""2026-06-17T12:10:16.502Z"",""warnings"":[]}",false,false,,community,,neutral_process_focused,unknown,unknown,unknown,unknown,unknown,bridge,neutral,process_observer,68
sgv1_4412fe97a632e37bd03cbfdc,donglu_sunjihai_youth_football_202606,tieba,forum,manual_url,external_agent_assisted,source_url_provided_unverified,medium_low,0.45,review_needed,comment,,,?????????????????????? ??06-08?,zh-CN,https://tieba.baidu.com/f?kw=%E4%B8%AD%E5%9B%BD%E8%B6%B3%E7%90%83&sample=06,https://tieba.baidu.com/f?kw=%E4%B8%AD%E5%9B%BD%E8%B6%B3%E7%90%83&sample=06,src_tieba_06,,2026-06-01T16:00:00.000Z,2026-06-17T12:10:16.498Z,,sha256_platform_case_salt,unknown,true,true,,48,14,0,0,sha256:24b032b7db21b8d67e4818a5d59b48386dc1514b2ec2008f39efad62c4ae0121,sha256:24b032b7db21b8d67e4818a5d59b48386dc1514b2ec2008f39efad62c4ae0121,sha256:b2b87bc931f4ac5409e90dfa4d9ac43694d77edec39e0cb9db1a4f108a19f9ae,dup_0d9e23d416fdf62eb7cf,1,[],public,public,manual_comment_sample,Selected public sample only. Not full-platform coverage. Not full-web coverage. Not full-thread coverage.,"{""asset_id"":""local-snapshot-src_tieba_06-comment-23-8"",""run_id"":"""",""task_id"":"""",""source_path"":"""",""record_type"":""comment"",""field_score"":0,""keyword"":"""",""entity_ids"":[]}","{""normalized_from"":""opencrawler_local_asset"",""source_record_id"":""local-snapshot-src_tieba_06-comment-23-8"",""source_type"":""forum"",""acquisition_mode"":""manual_url"",""normalized_at"":""2026-06-17T12:10:16.502Z"",""warnings"":[]}",false,false,,community,,youth_training_concern,youth_training_model,unknown,unknown,unknown,unknown,neutral,concern,youth_training_concern_cluster,76
sgv1_c35b9a704fa4ba49540e0e3b,donglu_sunjihai_youth_football_202606,tieba,forum,manual_url,external_agent_assisted,source_url_provided_unverified,medium_low,0.45,review_needed,comment,,,???????????????????????? ??06-09?,zh-CN,https://tieba.baidu.com/f?kw=%E4%B8%AD%E5%9B%BD%E8%B6%B3%E7%90%83&sample=06,https://tieba.baidu.com/f?kw=%E4%B8%AD%E5%9B%BD%E8%B6%B3%E7%90%83&sample=06,src_tieba_06,,2026-06-02T17:00:00.000Z,2026-06-17T12:10:16.498Z,,sha256_platform_case_salt,unknown,true,true,,54,15,0,0,sha256:d133b110f8d476312ec234d65a81c39984c6d559694bf78a065f9c3e61314de6,sha256:d133b110f8d476312ec234d65a81c39984c6d559694bf78a065f9c3e61314de6,sha256:b2b87bc931f4ac5409e90dfa4d9ac43694d77edec39e0cb9db1a4f108a19f9ae,dup_2833bb640fd128ee4975,1,[],public,public,manual_comment_sample,Selected public sample only. Not full-platform coverage. Not full-web coverage. Not full-thread coverage.,"{""asset_id"":""local-snapshot-src_tieba_06-comment-23-9"",""run_id"":"""",""task_id"":"""",""source_path"":"""",""record_type"":""comment"",""field_score"":0,""keyword"":"""",""entity_ids"":[]}","{""normalized_from"":""opencrawler_local_asset"",""source_record_id"":""local-snapshot-src_tieba_06-comment-23-9"",""source_type"":""forum"",""acquisition_mode"":""manual_url"",""normalized_at"":""2026-06-17T12:10:16.502Z"",""warnings"":[]}",false,false,,community,,anti_conflict_fatigue,contract_or_responsibility_dispute,unknown,unknown,unknown,unknown,fatigue,fatigue,fatigue_cluster,84
sgv1_46001f9c2d6e27fd3b07c98f,donglu_sunjihai_youth_football_202606,tieba,forum,manual_url,external_agent_assisted,source_url_provided_unverified,medium_low,0.45,review_needed,comment,,,????????????????????????? ??06-10?,zh-CN,https://tieba.baidu.com/f?kw=%E4%B8%AD%E5%9B%BD%E8%B6%B3%E7%90%83&sample=06,https://tieba.baidu.com/f?kw=%E4%B8%AD%E5%9B%BD%E8%B6%B3%E7%90%83&sample=06,src_tieba_06,,2026-06-03T18:00:00.000Z,2026-06-17T12:10:16.498Z,,sha256_platform_case_salt,unknown,true,true,,60,16,0,0,sha256:2fc925bdb78d7eb17af7fbe4aa1569e5b177773e1869470d8b4f00c55c62ddf1,sha256:2fc925bdb78d7eb17af7fbe4aa1569e5b177773e1869470d8b4f00c55c62ddf1,sha256:b2b87bc931f4ac5409e90dfa4d9ac43694d77edec39e0cb9db1a4f108a19f9ae,dup_c1b694c9fe9a600c3cb4,1,[],public,public,manual_comment_sample,Selected public sample only. Not full-platform coverage. Not full-web coverage. Not full-thread coverage.,"{""asset_id"":""local-snapshot-src_tieba_06-comment-23-10"",""run_id"":"""",""task_id"":"""",""source_path"":"""",""record_type"":""comment"",""field_score"":0,""keyword"":"""",""entity_ids"":[]}","{""normalized_from"":""opencrawler_local_asset"",""source_record_id"":""local-snapshot-src_tieba_06-comment-23-10"",""source_type"":""forum"",""acquisition_mode"":""manual_url"",""normalized_at"":""2026-06-17T12:10:16.502Z"",""warnings"":[]}",false,false,,community,,media_context,public_response,unknown,unknown,unknown,unknown,bridge,neutral,media_context_reader,92
sgv1_a4b15e60b24e2785323ebda1,donglu_sunjihai_youth_football_202606,tieba,forum,manual_url,external_agent_assisted,source_url_provided_unverified,medium_low,0.45,review_needed,comment,,,??????????????????????? ??06-11?,zh-CN,https://tieba.baidu.com/f?kw=%E4%B8%AD%E5%9B%BD%E8%B6%B3%E7%90%83&sample=06,https://tieba.baidu.com/f?kw=%E4%B8%AD%E5%9B%BD%E8%B6%B3%E7%90%83&sample=06,src_tieba_06,,2026-06-04T19:00:00.000Z,2026-06-17T12:10:16.498Z,,sha256_platform_case_salt,unknown,true,true,,66,17,0,0,sha256:b373b92f6c302d94b2149191131450440804f1a3cdb4a6d47466c3bf586fdfda,sha256:b373b92f6c302d94b2149191131450440804f1a3cdb4a6d47466c3bf586fdfda,sha256:b2b87bc931f4ac5409e90dfa4d9ac43694d77edec39e0cb9db1a4f108a19f9ae,dup_cc9454beb743f95df564,1,[],public,public,manual_comment_sample,Selected public sample only. Not full-platform coverage. Not full-web coverage. Not full-thread coverage.,"{""asset_id"":""local-snapshot-src_tieba_06-comment-23-11"",""run_id"":"""",""task_id"":"""",""source_path"":"""",""record_type"":""comment"",""field_score"":0,""keyword"":"""",""entity_ids"":[]}","{""normalized_from"":""opencrawler_local_asset"",""source_record_id"":""local-snapshot-src_tieba_06-comment-23-11"",""source_type"":""forum"",""acquisition_mode"":""manual_url"",""normalized_at"":""2026-06-17T12:10:16.502Z"",""warnings"":[]}",false,false,,community,,extreme_attack_or_trolling,media_reframing,unknown,unknown,unknown,unknown,isolated_extreme,anger,isolated_extreme_cluster,100
sgv1_671746664bf5e54114f8d07a,donglu_sunjihai_youth_football_202606,tieba,forum,manual_url,external_agent_assisted,source_url_provided_unverified,medium_low,0.45,review_needed,comment,,,????????????????????? ??06-12?,zh-CN,https://tieba.baidu.com/f?kw=%E4%B8%AD%E5%9B%BD%E8%B6%B3%E7%90%83&sample=06,https://tieba.baidu.com/f?kw=%E4%B8%AD%E5%9B%BD%E8%B6%B3%E7%90%83&sample=06,src_tieba_06,,2026-06-05T20:00:00.000Z,2026-06-17T12:10:16.498Z,,sha256_platform_case_salt,unknown,true,true,,72,0,0,0,sha256:e0c034a28095fa888b4f547edb5c09d8c9272edbe97c253b5957822896736605,sha256:e0c034a28095fa888b4f547edb5c09d8c9272edbe97c253b5957822896736605,sha256:b2b87bc931f4ac5409e90dfa4d9ac43694d77edec39e0cb9db1a4f108a19f9ae,dup_12e5baa8d0bfd6047925,1,[],public,public,manual_comment_sample,Selected public sample only. Not full-platform coverage. Not full-web coverage. Not full-thread coverage.,"{""asset_id"":""local-snapshot-src_tieba_06-comment-23-12"",""run_id"":"""",""task_id"":"""",""source_path"":"""",""record_type"":""comment"",""field_score"":0,""keyword"":"""",""entity_ids"":[]}","{""normalized_from"":""opencrawler_local_asset"",""source_record_id"":""local-snapshot-src_tieba_06-comment-23-12"",""source_type"":""forum"",""acquisition_mode"":""manual_url"",""normalized_at"":""2026-06-17T12:10:16.502Z"",""warnings"":[]}",false,false,,community,,unknown,fan_community_reaction,unknown,unknown,unknown,unknown,unknown,unknown,unknown,72
sgv1_b0746cc7c5296a206cab6847,donglu_sunjihai_youth_football_202606,tieba,forum,manual_url,external_agent_assisted,source_url_provided_unverified,medium_low,0.45,review_needed,comment,,,??????????????????????????? ??06-13?,zh-CN,https://tieba.baidu.com/f?kw=%E4%B8%AD%E5%9B%BD%E8%B6%B3%E7%90%83&sample=06,https://tieba.baidu.com/f?kw=%E4%B8%AD%E5%9B%BD%E8%B6%B3%E7%90%83&sample=06,src_tieba_06,,2026-06-06T21:00:00.000Z,2026-06-17T12:10:16.498Z,,sha256_platform_case_salt,unknown,true,true,,78,1,0,0,sha256:46e7accb8da26a4c331197975de2c9e1b46c0bddc9e2a8394f10160511b62510,sha256:46e7accb8da26a4c331197975de2c9e1b46c0bddc9e2a8394f10160511b62510,sha256:b2b87bc931f4ac5409e90dfa4d9ac43694d77edec39e0cb9db1a4f108a19f9ae,dup_6d94c34a6b8ba4840dea,1,[],public,public,manual_comment_sample,Selected public sample only. Not full-platform coverage. Not full-web coverage. Not full-thread coverage.,"{""asset_id"":""local-snapshot-src_tieba_06-comment-23-13"",""run_id"":"""",""task_id"":"""",""source_path"":"""",""record_type"":""comment"",""field_score"":0,""keyword"":"""",""entity_ids"":[]}","{""normalized_from"":""opencrawler_local_asset"",""source_record_id"":""local-snapshot-src_tieba_06-comment-23-13"",""source_type"":""forum"",""acquisition_mode"":""manual_url"",""normalized_at"":""2026-06-17T12:10:16.502Z"",""warnings"":[]}",false,false,,community,,support_donglu_view,children_protection_boundary,unknown,unknown,unknown,unknown,core_support,curiosity,route_supporter_donglu,80
sgv1_e97b5a503cf03bd2f65f4b6a,donglu_sunjihai_youth_football_202606,tieba,forum,manual_url,external_agent_assisted,source_url_provided_unverified,medium_low,0.45,review_needed,comment,,,?????????????????????? ??06-14?,zh-CN,https://tieba.baidu.com/f?kw=%E4%B8%AD%E5%9B%BD%E8%B6%B3%E7%90%83&sample=06,https://tieba.baidu.com/f?kw=%E4%B8%AD%E5%9B%BD%E8%B6%B3%E7%90%83&sample=06,src_tieba_06,,2026-06-07T22:00:00.000Z,2026-06-17T12:10:16.498Z,,sha256_platform_case_salt,unknown,true,true,,84,2,0,0,sha256:f20cdbb512dcbf518eed7b0f9503c1ae2b2ce76093d42c5e6b84acaa39c98a83,sha256:f20cdbb512dcbf518eed7b0f9503c1ae2b2ce76093d42c5e6b84acaa39c98a83,sha256:b2b87bc931f4ac5409e90dfa4d9ac43694d77edec39e0cb9db1a4f108a19f9ae,dup_594de04fc4b99e3fc075,1,[],public,public,manual_comment_sample,Selected public sample only. Not full-platform coverage. Not full-web coverage. Not full-thread coverage.,"{""asset_id"":""local-snapshot-src_tieba_06-comment-23-14"",""run_id"":"""",""task_id"":"""",""source_path"":"""",""record_type"":""comment"",""field_score"":0,""keyword"":"""",""entity_ids"":[]}","{""normalized_from"":""opencrawler_local_asset"",""source_record_id"":""local-snapshot-src_tieba_06-comment-23-14"",""source_type"":""forum"",""acquisition_mode"":""manual_url"",""normalized_at"":""2026-06-17T12:10:16.502Z"",""warnings"":[]}",false,false,,community,,support_sunjihai_view,chinese_football_reputation,unknown,unknown,unknown,unknown,core_support,curiosity,route_supporter_sunjihai,88
sgv1_5ca80d7a049f2986d0acc1bb,donglu_sunjihai_youth_football_202606,tieba,forum,manual_url,external_agent_assisted,source_url_provided_unverified,medium_low,0.45,review_needed,comment,,,??????????????????????????? ??06-15?,zh-CN,https://tieba.baidu.com/f?kw=%E4%B8%AD%E5%9B%BD%E8%B6%B3%E7%90%83&sample=06,https://tieba.baidu.com/f?kw=%E4%B8%AD%E5%9B%BD%E8%B6%B3%E7%90%83&sample=06,src_tieba_06,,2026-06-08T23:00:00.000Z,2026-06-17T12:10:16.498Z,,sha256_platform_case_salt,unknown,true,true,,90,3,0,0,sha256:4664cca1ec1a737bfef45363f235adffab52ea68bc0c5cb93423fd3bc314a094,sha256:4664cca1ec1a737bfef45363f235adffab52ea68bc0c5cb93423fd3bc314a094,sha256:b2b87bc931f4ac5409e90dfa4d9ac43694d77edec39e0cb9db1a4f108a19f9ae,dup_11028e5653287ef602b7,1,[],public,public,manual_comment_sample,Selected public sample only. Not full-platform coverage. Not full-web coverage. Not full-thread coverage.,"{""asset_id"":""local-snapshot-src_tieba_06-comment-23-15"",""run_id"":"""",""task_id"":"""",""source_path"":"""",""record_type"":""comment"",""field_score"":0,""keyword"":"""",""entity_ids"":[]}","{""normalized_from"":""opencrawler_local_asset"",""source_record_id"":""local-snapshot-src_tieba_06-comment-23-15"",""source_type"":""forum"",""acquisition_mode"":""manual_url"",""normalized_at"":""2026-06-17T12:10:16.502Z"",""warnings"":[]}",false,false,,community,,neutral_process_focused,platform_discussion,unknown,unknown,unknown,unknown,bridge,neutral,process_observer,96
sgv1_af109eca5c7bbe75e507c43c,donglu_sunjihai_youth_football_202606,tieba,forum,manual_url,external_agent_assisted,source_url_provided_unverified,medium_low,0.45,review_needed,comment,,,?????????????????????????? ??06-16?,zh-CN,https://tieba.baidu.com/f?kw=%E4%B8%AD%E5%9B%BD%E8%B6%B3%E7%90%83&sample=06,https://tieba.baidu.com/f?kw=%E4%B8%AD%E5%9B%BD%E8%B6%B3%E7%90%83&sample=06,src_tieba_06,,2026-06-09T00:00:00.000Z,2026-06-17T12:10:16.498Z,,sha256_platform_case_salt,unknown,true,true,,96,4,0,0,sha256:7c804bb72d58f300c5d1d22d881dccb98d9ece8987f73b75d9ffb4bb30fcd0c5,sha256:7c804bb72d58f300c5d1d22d881dccb98d9ece8987f73b75d9ffb4bb30fcd0c5,sha256:b2b87bc931f4ac5409e90dfa4d9ac43694d77edec39e0cb9db1a4f108a19f9ae,dup_7205636e99309af8b3b8,1,[],public,public,manual_comment_sample,Selected public sample only. Not full-platform coverage. Not full-web coverage. Not full-thread coverage.,"{""asset_id"":""local-snapshot-src_tieba_06-comment-23-16"",""run_id"":"""",""task_id"":"""",""source_path"":"""",""record_type"":""comment"",""field_score"":0,""keyword"":"""",""entity_ids"":[]}","{""normalized_from"":""opencrawler_local_asset"",""source_record_id"":""local-snapshot-src_tieba_06-comment-23-16"",""source_type"":""forum"",""acquisition_mode"":""manual_url"",""normalized_at"":""2026-06-17T12:10:16.502Z"",""warnings"":[]}",false,false,,community,,youth_training_concern,extreme_cluster_or_trolling,unknown,unknown,unknown,unknown,neutral,concern,youth_training_concern_cluster,104
sgv1_587de2082629b6fb904fbc22,donglu_sunjihai_youth_football_202606,tieba,forum,manual_url,external_agent_assisted,source_url_provided_unverified,medium_low,0.45,review_needed,comment,,,?????????????????????? ??06-17?,zh-CN,https://tieba.baidu.com/f?kw=%E4%B8%AD%E5%9B%BD%E8%B6%B3%E7%90%83&sample=06,https://tieba.baidu.com/f?kw=%E4%B8%AD%E5%9B%BD%E8%B6%B3%E7%90%83&sample=06,src_tieba_06,,2026-06-10T01:00:00.000Z,2026-06-17T12:10:16.498Z,,sha256_platform_case_salt,unknown,true,true,,102,5,0,0,sha256:819aa80b8074088c010bebd6f36d39cbf194d69dd396dde893ee45d957977cf2,sha256:819aa80b8074088c010bebd6f36d39cbf194d69dd396dde893ee45d957977cf2,sha256:b2b87bc931f4ac5409e90dfa4d9ac43694d77edec39e0cb9db1a4f108a19f9ae,dup_e9a077ec05af68e698d0,1,[],public,public,manual_comment_sample,Selected public sample only. Not full-platform coverage. Not full-web coverage. Not full-thread coverage.,"{""asset_id"":""local-snapshot-src_tieba_06-comment-23-17"",""run_id"":"""",""task_id"":"""",""source_path"":"""",""record_type"":""comment"",""field_score"":0,""keyword"":"""",""entity_ids"":[]}","{""normalized_from"":""opencrawler_local_asset"",""source_record_id"":""local-snapshot-src_tieba_06-comment-23-17"",""source_type"":""forum"",""acquisition_mode"":""manual_url"",""normalized_at"":""2026-06-17T12:10:16.502Z"",""warnings"":[]}",false,false,,community,,anti_conflict_fatigue,unknown,unknown,unknown,unknown,unknown,fatigue,fatigue,fatigue_cluster,112
sgv1_6561ce1d45c9ef9c98016913,donglu_sunjihai_youth_football_202606,tieba,forum,manual_url,external_agent_assisted,source_url_provided_unverified,medium_low,0.45,review_needed,comment,,,???????????????????????? ??06-18?,zh-CN,https://tieba.baidu.com/f?kw=%E4%B8%AD%E5%9B%BD%E8%B6%B3%E7%90%83&sample=06,https://tieba.baidu.com/f?kw=%E4%B8%AD%E5%9B%BD%E8%B6%B3%E7%90%83&sample=06,src_tieba_06,,2026-06-11T02:00:00.000Z,2026-06-17T12:10:16.498Z,,sha256_platform_case_salt,unknown,true,true,,108,6,0,0,sha256:1341931112b071b350b635fef0783b8a26b923ab8e3829eec5f422e687377aac,sha256:1341931112b071b350b635fef0783b8a26b923ab8e3829eec5f422e687377aac,sha256:b2b87bc931f4ac5409e90dfa4d9ac43694d77edec39e0cb9db1a4f108a19f9ae,dup_e3f9cbce5d43d21fab17,1,[],public,public,manual_comment_sample,Selected public sample only. Not full-platform coverage. Not full-web coverage. Not full-thread coverage.,"{""asset_id"":""local-snapshot-src_tieba_06-comment-23-18"",""run_id"":"""",""task_id"":"""",""source_path"":"""",""record_type"":""comment"",""field_score"":0,""keyword"":"""",""entity_ids"":[]}","{""normalized_from"":""opencrawler_local_asset"",""source_record_id"":""local-snapshot-src_tieba_06-comment-23-18"",""source_type"":""forum"",""acquisition_mode"":""manual_url"",""normalized_at"":""2026-06-17T12:10:16.502Z"",""warnings"":[]}",false,false,,community,,media_context,youth_training_model,unknown,unknown,unknown,unknown,bridge,neutral,media_context_reader,120
sgv1_028994c2db370a202cd86d1f,donglu_sunjihai_youth_football_202606,tieba,forum,manual_url,external_agent_assisted,source_url_provided_unverified,medium_low,0.45,review_needed,comment,,,?????????????????????? ??07-01?,zh-CN,https://tieba.baidu.com/f?kw=%E4%B8%AD%E5%9B%BD%E8%B6%B3%E7%90%83&sample=07,https://tieba.baidu.com/f?kw=%E4%B8%AD%E5%9B%BD%E8%B6%B3%E7%90%83&sample=07,src_tieba_07,,2026-06-09T09:00:00.000Z,2026-06-17T12:10:16.498Z,,sha256_platform_case_salt,unknown,true,true,,7,8,0,0,sha256:0f6f93942bec4400cec341d76cd3c6acadb2cb7b433f5810dfb7cb6902d9261f,sha256:0f6f93942bec4400cec341d76cd3c6acadb2cb7b433f5810dfb7cb6902d9261f,sha256:72a328c04fe3e0e046dd07f0c0916f70977605b5b03f8f6897923e9e8c4f61c7,dup_782895a262ae59fb24f0,1,[],public,public,manual_comment_sample,Selected public sample only. Not full-platform coverage. Not full-web coverage. Not full-thread coverage.,"{""asset_id"":""local-snapshot-src_tieba_07-comment-24-1"",""run_id"":"""",""task_id"":"""",""source_path"":"""",""record_type"":""comment"",""field_score"":0,""keyword"":"""",""entity_ids"":[]}","{""normalized_from"":""opencrawler_local_asset"",""source_record_id"":""local-snapshot-src_tieba_07-comment-24-1"",""source_type"":""forum"",""acquisition_mode"":""manual_url"",""normalized_at"":""2026-06-17T12:10:16.502Z"",""warnings"":[]}",false,false,,community,,media_context,children_protection_boundary,unknown,unknown,unknown,unknown,bridge,neutral,media_context_reader,23
sgv1_ca8f3db283897d162d0a1352,donglu_sunjihai_youth_football_202606,tieba,forum,manual_url,external_agent_assisted,source_url_provided_unverified,medium_low,0.45,review_needed,comment,,,??????????????????????? ??07-02?,zh-CN,https://tieba.baidu.com/f?kw=%E4%B8%AD%E5%9B%BD%E8%B6%B3%E7%90%83&sample=07,https://tieba.baidu.com/f?kw=%E4%B8%AD%E5%9B%BD%E8%B6%B3%E7%90%83&sample=07,src_tieba_07,,2026-06-10T10:00:00.000Z,2026-06-17T12:10:16.498Z,,sha256_platform_case_salt,unknown,true,true,,14,9,0,0,sha256:79f7138e587764aae6b3f2b73c9e0c30805df0ad911934dbcf2302aed7de7069,sha256:79f7138e587764aae6b3f2b73c9e0c30805df0ad911934dbcf2302aed7de7069,sha256:72a328c04fe3e0e046dd07f0c0916f70977605b5b03f8f6897923e9e8c4f61c7,dup_5b64730de83a9c2c5bcb,1,[],public,public,manual_comment_sample,Selected public sample only. Not full-platform coverage. Not full-web coverage. Not full-thread coverage.,"{""asset_id"":""local-snapshot-src_tieba_07-comment-24-2"",""run_id"":"""",""task_id"":"""",""source_path"":"""",""record_type"":""comment"",""field_score"":0,""keyword"":"""",""entity_ids"":[]}","{""normalized_from"":""opencrawler_local_asset"",""source_record_id"":""local-snapshot-src_tieba_07-comment-24-2"",""source_type"":""forum"",""acquisition_mode"":""manual_url"",""normalized_at"":""2026-06-17T12:10:16.502Z"",""warnings"":[]}",false,false,,community,,extreme_attack_or_trolling,chinese_football_reputation,unknown,unknown,unknown,unknown,isolated_extreme,anger,isolated_extreme_cluster,32
sgv1_ee529ad4153e9158a462f9c6,donglu_sunjihai_youth_football_202606,tieba,forum,manual_url,external_agent_assisted,source_url_provided_unverified,medium_low,0.45,review_needed,comment,,,????????????????? ??07-03?,zh-CN,https://tieba.baidu.com/f?kw=%E4%B8%AD%E5%9B%BD%E8%B6%B3%E7%90%83&sample=07,https://tieba.baidu.com/f?kw=%E4%B8%AD%E5%9B%BD%E8%B6%B3%E7%90%83&sample=07,src_tieba_07,,2026-06-11T11:00:00.000Z,2026-06-17T12:10:16.498Z,,sha256_platform_case_salt,unknown,true,true,,21,10,0,0,sha256:975a37e227702ff0305c50c7a0e68de72fc83d24742fa065302217cc822637a9,sha256:975a37e227702ff0305c50c7a0e68de72fc83d24742fa065302217cc822637a9,sha256:72a328c04fe3e0e046dd07f0c0916f70977605b5b03f8f6897923e9e8c4f61c7,dup_4387701cf5c920ca1d36,1,[],public,public,manual_comment_sample,Selected public sample only. Not full-platform coverage. Not full-web coverage. Not full-thread coverage.,"{""asset_id"":""local-snapshot-src_tieba_07-comment-24-3"",""run_id"":"""",""task_id"":"""",""source_path"":"""",""record_type"":""comment"",""field_score"":0,""keyword"":"""",""entity_ids"":[]}","{""normalized_from"":""opencrawler_local_asset"",""source_record_id"":""local-snapshot-src_tieba_07-comment-24-3"",""source_type"":""forum"",""acquisition_mode"":""manual_url"",""normalized_at"":""2026-06-17T12:10:16.502Z"",""warnings"":[]}",false,false,,community,,unknown,platform_discussion,unknown,unknown,unknown,unknown,unknown,unknown,unknown,41
sgv1_e9953642112bc105f54689d5,donglu_sunjihai_youth_football_202606,tieba,forum,manual_url,external_agent_assisted,source_url_provided_unverified,medium_low,0.45,review_needed,comment,,,???????????????????????? ??07-04?,zh-CN,https://tieba.baidu.com/f?kw=%E4%B8%AD%E5%9B%BD%E8%B6%B3%E7%90%83&sample=07,https://tieba.baidu.com/f?kw=%E4%B8%AD%E5%9B%BD%E8%B6%B3%E7%90%83&sample=07,src_tieba_07,,2026-06-12T12:00:00.000Z,2026-06-17T12:10:16.498Z,,sha256_platform_case_salt,unknown,true,true,,28,11,0,0,sha256:8b5560882e6511ad25ac481de9b0bd8c5935033007aa9fd1da47822aa8a818ce,sha256:8b5560882e6511ad25ac481de9b0bd8c5935033007aa9fd1da47822aa8a818ce,sha256:72a328c04fe3e0e046dd07f0c0916f70977605b5b03f8f6897923e9e8c4f61c7,dup_0b5fdcc00e554a14f9e6,1,[],public,public,manual_comment_sample,Selected public sample only. Not full-platform coverage. Not full-web coverage. Not full-thread coverage.,"{""asset_id"":""local-snapshot-src_tieba_07-comment-24-4"",""run_id"":"""",""task_id"":"""",""source_path"":"""",""record_type"":""comment"",""field_score"":0,""keyword"":"""",""entity_ids"":[]}","{""normalized_from"":""opencrawler_local_asset"",""source_record_id"":""local-snapshot-src_tieba_07-comment-24-4"",""source_type"":""forum"",""acquisition_mode"":""manual_url"",""normalized_at"":""2026-06-17T12:10:16.502Z"",""warnings"":[]}",false,false,,community,,support_donglu_view,extreme_cluster_or_trolling,unknown,unknown,unknown,unknown,core_support,curiosity,route_supporter_donglu,50
sgv1_93b173082d2d459c006d5a8c,donglu_sunjihai_youth_football_202606,tieba,forum,manual_url,external_agent_assisted,source_url_provided_unverified,medium_low,0.45,review_needed,comment,,,?????????????????????????? ??07-05?,zh-CN,https://tieba.baidu.com/f?kw=%E4%B8%AD%E5%9B%BD%E8%B6%B3%E7%90%83&sample=07,https://tieba.baidu.com/f?kw=%E4%B8%AD%E5%9B%BD%E8%B6%B3%E7%90%83&sample=07,src_tieba_07,,2026-06-13T13:00:00.000Z,2026-06-17T12:10:16.498Z,,sha256_platform_case_salt,unknown,true,true,,35,12,0,0,sha256:79d980e0abb65e3f862478b0596c46dcde0f5a309bced95903b6182b972cc391,sha256:79d980e0abb65e3f862478b0596c46dcde0f5a309bced95903b6182b972cc391,sha256:72a328c04fe3e0e046dd07f0c0916f70977605b5b03f8f6897923e9e8c4f61c7,dup_145addbc7d422377d168,1,[],public,public,manual_comment_sample,Selected public sample only. Not full-platform coverage. Not full-web coverage. Not full-thread coverage.,"{""asset_id"":""local-snapshot-src_tieba_07-comment-24-5"",""run_id"":"""",""task_id"":"""",""source_path"":"""",""record_type"":""comment"",""field_score"":0,""keyword"":"""",""entity_ids"":[]}","{""normalized_from"":""opencrawler_local_asset"",""source_record_id"":""local-snapshot-src_tieba_07-comment-24-5"",""source_type"":""forum"",""acquisition_mode"":""manual_url"",""normalized_at"":""2026-06-17T12:10:16.502Z"",""warnings"":[]}",false,false,,community,,support_sunjihai_view,unknown,unknown,unknown,unknown,unknown,core_support,curiosity,route_supporter_sunjihai,59
sgv1_c586c1ce818b9b0c8d9fbcfa,donglu_sunjihai_youth_football_202606,tieba,forum,manual_url,external_agent_assisted,source_url_provided_unverified,medium_low,0.45,review_needed,comment,,,???????????????????????????? ??07-06?,zh-CN,https://tieba.baidu.com/f?kw=%E4%B8%AD%E5%9B%BD%E8%B6%B3%E7%90%83&sample=07,https://tieba.baidu.com/f?kw=%E4%B8%AD%E5%9B%BD%E8%B6%B3%E7%90%83&sample=07,src_tieba_07,,2026-06-14T14:00:00.000Z,2026-06-17T12:10:16.498Z,,sha256_platform_case_salt,unknown,true,true,,42,13,0,0,sha256:8d2a59c610a53a4cd04815d7aca7a4f6398e3a3358531198b65bcebc44e76693,sha256:8d2a59c610a53a4cd04815d7aca7a4f6398e3a3358531198b65bcebc44e76693,sha256:72a328c04fe3e0e046dd07f0c0916f70977605b5b03f8f6897923e9e8c4f61c7,dup_23e34b0ea869028a8868,1,[],public,public,manual_comment_sample,Selected public sample only. Not full-platform coverage. Not full-web coverage. Not full-thread coverage.,"{""asset_id"":""local-snapshot-src_tieba_07-comment-24-6"",""run_id"":"""",""task_id"":"""",""source_path"":"""",""record_type"":""comment"",""field_score"":0,""keyword"":"""",""entity_ids"":[]}","{""normalized_from"":""opencrawler_local_asset"",""source_record_id"":""local-snapshot-src_tieba_07-comment-24-6"",""source_type"":""forum"",""acquisition_mode"":""manual_url"",""normalized_at"":""2026-06-17T12:10:16.502Z"",""warnings"":[]}",false,false,,community,,neutral_process_focused,youth_training_model,unknown,unknown,unknown,unknown,bridge,neutral,process_observer,68
sgv1_568ba57f77de123628492abc,donglu_sunjihai_youth_football_202606,tieba,forum,manual_url,external_agent_assisted,source_url_provided_unverified,medium_low,0.45,review_needed,comment,,,?????????????????????? ??07-07?,zh-CN,https://tieba.baidu.com/f?kw=%E4%B8%AD%E5%9B%BD%E8%B6%B3%E7%90%83&sample=07,https://tieba.baidu.com/f?kw=%E4%B8%AD%E5%9B%BD%E8%B6%B3%E7%90%83&sample=07,src_tieba_07,,2026-06-01T15:00:00.000Z,2026-06-17T12:10:16.498Z,,sha256_platform_case_salt,unknown,true,true,,49,14,0,0,sha256:d9d10cd08614971edf0e8c4b54fbc12ab24207ba6e4d5e826ea139a137ed7fbe,sha256:d9d10cd08614971edf0e8c4b54fbc12ab24207ba6e4d5e826ea139a137ed7fbe,sha256:72a328c04fe3e0e046dd07f0c0916f70977605b5b03f8f6897923e9e8c4f61c7,dup_95cc37ef51ba53a62966,1,[],public,public,manual_comment_sample,Selected public sample only. Not full-platform coverage. Not full-web coverage. Not full-thread coverage.,"{""asset_id"":""local-snapshot-src_tieba_07-comment-24-7"",""run_id"":"""",""task_id"":"""",""source_path"":"""",""record_type"":""comment"",""field_score"":0,""keyword"":"""",""entity_ids"":[]}","{""normalized_from"":""opencrawler_local_asset"",""source_record_id"":""local-snapshot-src_tieba_07-comment-24-7"",""source_type"":""forum"",""acquisition_mode"":""manual_url"",""normalized_at"":""2026-06-17T12:10:16.502Z"",""warnings"":[]}",false,false,,community,,youth_training_concern,contract_or_responsibility_dispute,unknown,unknown,unknown,unknown,neutral,concern,youth_training_concern_cluster,77
sgv1_b03a04b3847c2ff709c14985,donglu_sunjihai_youth_football_202606,tieba,forum,manual_url,external_agent_assisted,source_url_provided_unverified,medium_low,0.45,review_needed,comment,,,???????????????????????? ??07-08?,zh-CN,https://tieba.baidu.com/f?kw=%E4%B8%AD%E5%9B%BD%E8%B6%B3%E7%90%83&sample=07,https://tieba.baidu.com/f?kw=%E4%B8%AD%E5%9B%BD%E8%B6%B3%E7%90%83&sample=07,src_tieba_07,,2026-06-02T16:00:00.000Z,2026-06-17T12:10:16.498Z,,sha256_platform_case_salt,unknown,true,true,,56,15,0,0,sha256:322498cf6bc6b66906c6be9204247cc41f77b2d0827bba879a67be89c0a1f985,sha256:322498cf6bc6b66906c6be9204247cc41f77b2d0827bba879a67be89c0a1f985,sha256:72a328c04fe3e0e046dd07f0c0916f70977605b5b03f8f6897923e9e8c4f61c7,dup_4ad6e700025e6f845189,1,[],public,public,manual_comment_sample,Selected public sample only. Not full-platform coverage. Not full-web coverage. Not full-thread coverage.,"{""asset_id"":""local-snapshot-src_tieba_07-comment-24-8"",""run_id"":"""",""task_id"":"""",""source_path"":"""",""record_type"":""comment"",""field_score"":0,""keyword"":"""",""entity_ids"":[]}","{""normalized_from"":""opencrawler_local_asset"",""source_record_id"":""local-snapshot-src_tieba_07-comment-24-8"",""source_type"":""forum"",""acquisition_mode"":""manual_url"",""normalized_at"":""2026-06-17T12:10:16.502Z"",""warnings"":[]}",false,false,,community,,anti_conflict_fatigue,public_response,unknown,unknown,unknown,unknown,fatigue,fatigue,fatigue_cluster,86
sgv1_ef632bec9644efd0acb988a5,donglu_sunjihai_youth_football_202606,tieba,forum,manual_url,external_agent_assisted,source_url_provided_unverified,medium_low,0.45,review_needed,comment,,,????????????????????????? ??07-09?,zh-CN,https://tieba.baidu.com/f?kw=%E4%B8%AD%E5%9B%BD%E8%B6%B3%E7%90%83&sample=07,https://tieba.baidu.com/f?kw=%E4%B8%AD%E5%9B%BD%E8%B6%B3%E7%90%83&sample=07,src_tieba_07,,2026-06-03T17:00:00.000Z,2026-06-17T12:10:16.498Z,,sha256_platform_case_salt,unknown,true,true,,63,16,0,0,sha256:7c08108788177e38db855906c392315cd011d9e814e3ef85e8fa7646f562a5c1,sha256:7c08108788177e38db855906c392315cd011d9e814e3ef85e8fa7646f562a5c1,sha256:72a328c04fe3e0e046dd07f0c0916f70977605b5b03f8f6897923e9e8c4f61c7,dup_a21b090636135d23a6d0,1,[],public,public,manual_comment_sample,Selected public sample only. Not full-platform coverage. Not full-web coverage. Not full-thread coverage.,"{""asset_id"":""local-snapshot-src_tieba_07-comment-24-9"",""run_id"":"""",""task_id"":"""",""source_path"":"""",""record_type"":""comment"",""field_score"":0,""keyword"":"""",""entity_ids"":[]}","{""normalized_from"":""opencrawler_local_asset"",""source_record_id"":""local-snapshot-src_tieba_07-comment-24-9"",""source_type"":""forum"",""acquisition_mode"":""manual_url"",""normalized_at"":""2026-06-17T12:10:16.502Z"",""warnings"":[]}",false,false,,community,,media_context,media_reframing,unknown,unknown,unknown,unknown,bridge,neutral,media_context_reader,95
sgv1_1992af86aff78018094c7c02,donglu_sunjihai_youth_football_202606,tieba,forum,manual_url,external_agent_assisted,source_url_provided_unverified,medium_low,0.45,review_needed,comment,,,??????????????????????? ??07-10?,zh-CN,https://tieba.baidu.com/f?kw=%E4%B8%AD%E5%9B%BD%E8%B6%B3%E7%90%83&sample=07,https://tieba.baidu.com/f?kw=%E4%B8%AD%E5%9B%BD%E8%B6%B3%E7%90%83&sample=07,src_tieba_07,,2026-06-04T18:00:00.000Z,2026-06-17T12:10:16.498Z,,sha256_platform_case_salt,unknown,true,true,,70,17,0,0,sha256:6f43f3366ce897978d52345e62c0688e3d9709283e90cffea708e6482026b006,sha256:6f43f3366ce897978d52345e62c0688e3d9709283e90cffea708e6482026b006,sha256:72a328c04fe3e0e046dd07f0c0916f70977605b5b03f8f6897923e9e8c4f61c7,dup_82b610d18c570491d1c2,1,[],public,public,manual_comment_sample,Selected public sample only. Not full-platform coverage. Not full-web coverage. Not full-thread coverage.,"{""asset_id"":""local-snapshot-src_tieba_07-comment-24-10"",""run_id"":"""",""task_id"":"""",""source_path"":"""",""record_type"":""comment"",""field_score"":0,""keyword"":"""",""entity_ids"":[]}","{""normalized_from"":""opencrawler_local_asset"",""source_record_id"":""local-snapshot-src_tieba_07-comment-24-10"",""source_type"":""forum"",""acquisition_mode"":""manual_url"",""normalized_at"":""2026-06-17T12:10:16.502Z"",""warnings"":[]}",false,false,,community,,extreme_attack_or_trolling,fan_community_reaction,unknown,unknown,unknown,unknown,isolated_extreme,anger,isolated_extreme_cluster,104
sgv1_ba0279c085ff04555f73f4da,donglu_sunjihai_youth_football_202606,tieba,forum,manual_url,external_agent_assisted,source_url_provided_unverified,medium_low,0.45,review_needed,comment,,,????????????????????? ??07-11?,zh-CN,https://tieba.baidu.com/f?kw=%E4%B8%AD%E5%9B%BD%E8%B6%B3%E7%90%83&sample=07,https://tieba.baidu.com/f?kw=%E4%B8%AD%E5%9B%BD%E8%B6%B3%E7%90%83&sample=07,src_tieba_07,,2026-06-05T19:00:00.000Z,2026-06-17T12:10:16.498Z,,sha256_platform_case_salt,unknown,true,true,,77,0,0,0,sha256:2aedc475e108206339f95c2a198281389b08679e35a8ef2546405fbbc81bc596,sha256:2aedc475e108206339f95c2a198281389b08679e35a8ef2546405fbbc81bc596,sha256:72a328c04fe3e0e046dd07f0c0916f70977605b5b03f8f6897923e9e8c4f61c7,dup_eeddce22445607f9fef3,1,[],public,public,manual_comment_sample,Selected public sample only. Not full-platform coverage. Not full-web coverage. Not full-thread coverage.,"{""asset_id"":""local-snapshot-src_tieba_07-comment-24-11"",""run_id"":"""",""task_id"":"""",""source_path"":"""",""record_type"":""comment"",""field_score"":0,""keyword"":"""",""entity_ids"":[]}","{""normalized_from"":""opencrawler_local_asset"",""source_record_id"":""local-snapshot-src_tieba_07-comment-24-11"",""source_type"":""forum"",""acquisition_mode"":""manual_url"",""normalized_at"":""2026-06-17T12:10:16.502Z"",""warnings"":[]}",false,false,,community,,unknown,children_protection_boundary,unknown,unknown,unknown,unknown,unknown,unknown,unknown,77
sgv1_659adbe269d0c6ea6b1ae8aa,donglu_sunjihai_youth_football_202606,tieba,forum,manual_url,external_agent_assisted,source_url_provided_unverified,medium_low,0.45,review_needed,comment,,,??????????????????????????? ??07-12?,zh-CN,https://tieba.baidu.com/f?kw=%E4%B8%AD%E5%9B%BD%E8%B6%B3%E7%90%83&sample=07,https://tieba.baidu.com/f?kw=%E4%B8%AD%E5%9B%BD%E8%B6%B3%E7%90%83&sample=07,src_tieba_07,,2026-06-06T20:00:00.000Z,2026-06-17T12:10:16.498Z,,sha256_platform_case_salt,unknown,true,true,,84,1,0,0,sha256:66571235bfbd9012cefb8e02d48e2aebf65ee5cc06ede5f93c538fe70a39b161,sha256:66571235bfbd9012cefb8e02d48e2aebf65ee5cc06ede5f93c538fe70a39b161,sha256:72a328c04fe3e0e046dd07f0c0916f70977605b5b03f8f6897923e9e8c4f61c7,dup_3752c1735d87e825732c,1,[],public,public,manual_comment_sample,Selected public sample only. Not full-platform coverage. Not full-web coverage. Not full-thread coverage.,"{""asset_id"":""local-snapshot-src_tieba_07-comment-24-12"",""run_id"":"""",""task_id"":"""",""source_path"":"""",""record_type"":""comment"",""field_score"":0,""keyword"":"""",""entity_ids"":[]}","{""normalized_from"":""opencrawler_local_asset"",""source_record_id"":""local-snapshot-src_tieba_07-comment-24-12"",""source_type"":""forum"",""acquisition_mode"":""manual_url"",""normalized_at"":""2026-06-17T12:10:16.502Z"",""warnings"":[]}",false,false,,community,,support_donglu_view,chinese_football_reputation,unknown,unknown,unknown,unknown,core_support,curiosity,route_supporter_donglu,86
sgv1_216dfdbb51ca9e9755e02fd4,donglu_sunjihai_youth_football_202606,tieba,forum,manual_url,external_agent_assisted,source_url_provided_unverified,medium_low,0.45,review_needed,comment,,,?????????????????????? ??07-13?,zh-CN,https://tieba.baidu.com/f?kw=%E4%B8%AD%E5%9B%BD%E8%B6%B3%E7%90%83&sample=07,https://tieba.baidu.com/f?kw=%E4%B8%AD%E5%9B%BD%E8%B6%B3%E7%90%83&sample=07,src_tieba_07,,2026-06-07T21:00:00.000Z,2026-06-17T12:10:16.498Z,,sha256_platform_case_salt,unknown,true,true,,91,2,0,0,sha256:1583383d36b6114268990e2010cd4eb3c2f0248ffdd06e28ebd07f36b5f99bfd,sha256:1583383d36b6114268990e2010cd4eb3c2f0248ffdd06e28ebd07f36b5f99bfd,sha256:72a328c04fe3e0e046dd07f0c0916f70977605b5b03f8f6897923e9e8c4f61c7,dup_da014f1e86e7745b3bf3,1,[],public,public,manual_comment_sample,Selected public sample only. Not full-platform coverage. Not full-web coverage. Not full-thread coverage.,"{""asset_id"":""local-snapshot-src_tieba_07-comment-24-13"",""run_id"":"""",""task_id"":"""",""source_path"":"""",""record_type"":""comment"",""field_score"":0,""keyword"":"""",""entity_ids"":[]}","{""normalized_from"":""opencrawler_local_asset"",""source_record_id"":""local-snapshot-src_tieba_07-comment-24-13"",""source_type"":""forum"",""acquisition_mode"":""manual_url"",""normalized_at"":""2026-06-17T12:10:16.502Z"",""warnings"":[]}",false,false,,community,,support_sunjihai_view,platform_discussion,unknown,unknown,unknown,unknown,core_support,curiosity,route_supporter_sunjihai,95
sgv1_57db365998a0dc4537e59187,donglu_sunjihai_youth_football_202606,tieba,forum,manual_url,external_agent_assisted,source_url_provided_unverified,medium_low,0.45,review_needed,comment,,,??????????????????????????? ??07-14?,zh-CN,https://tieba.baidu.com/f?kw=%E4%B8%AD%E5%9B%BD%E8%B6%B3%E7%90%83&sample=07,https://tieba.baidu.com/f?kw=%E4%B8%AD%E5%9B%BD%E8%B6%B3%E7%90%83&sample=07,src_tieba_07,,2026-06-08T22:00:00.000Z,2026-06-17T12:10:16.498Z,,sha256_platform_case_salt,unknown,true,true,,98,3,0,0,sha256:16e2ab90d2f0ceb848c1ef8ae22fe7655866b2b39e8f45b89b55f05c16b6acaf,sha256:16e2ab90d2f0ceb848c1ef8ae22fe7655866b2b39e8f45b89b55f05c16b6acaf,sha256:72a328c04fe3e0e046dd07f0c0916f70977605b5b03f8f6897923e9e8c4f61c7,dup_0a7baf7f07f268b0567a,1,[],public,public,manual_comment_sample,Selected public sample only. Not full-platform coverage. Not full-web coverage. Not full-thread coverage.,"{""asset_id"":""local-snapshot-src_tieba_07-comment-24-14"",""run_id"":"""",""task_id"":"""",""source_path"":"""",""record_type"":""comment"",""field_score"":0,""keyword"":"""",""entity_ids"":[]}","{""normalized_from"":""opencrawler_local_asset"",""source_record_id"":""local-snapshot-src_tieba_07-comment-24-14"",""source_type"":""forum"",""acquisition_mode"":""manual_url"",""normalized_at"":""2026-06-17T12:10:16.502Z"",""warnings"":[]}",false,false,,community,,neutral_process_focused,extreme_cluster_or_trolling,unknown,unknown,unknown,unknown,bridge,neutral,process_observer,104
sgv1_55e7a8a3557c61e5f0a6ce84,donglu_sunjihai_youth_football_202606,tieba,forum,manual_url,external_agent_assisted,source_url_provided_unverified,medium_low,0.45,review_needed,comment,,,?????????????????????????? ??07-15?,zh-CN,https://tieba.baidu.com/f?kw=%E4%B8%AD%E5%9B%BD%E8%B6%B3%E7%90%83&sample=07,https://tieba.baidu.com/f?kw=%E4%B8%AD%E5%9B%BD%E8%B6%B3%E7%90%83&sample=07,src_tieba_07,,2026-06-09T23:00:00.000Z,2026-06-17T12:10:16.498Z,,sha256_platform_case_salt,unknown,true,true,,105,4,0,0,sha256:008569e1660159bb64343ae95bf650cb5dae84b5512c9eeb77e90afad50eab71,sha256:008569e1660159bb64343ae95bf650cb5dae84b5512c9eeb77e90afad50eab71,sha256:72a328c04fe3e0e046dd07f0c0916f70977605b5b03f8f6897923e9e8c4f61c7,dup_8a79fa96bc9b9333827c,1,[],public,public,manual_comment_sample,Selected public sample only. Not full-platform coverage. Not full-web coverage. Not full-thread coverage.,"{""asset_id"":""local-snapshot-src_tieba_07-comment-24-15"",""run_id"":"""",""task_id"":"""",""source_path"":"""",""record_type"":""comment"",""field_score"":0,""keyword"":"""",""entity_ids"":[]}","{""normalized_from"":""opencrawler_local_asset"",""source_record_id"":""local-snapshot-src_tieba_07-comment-24-15"",""source_type"":""forum"",""acquisition_mode"":""manual_url"",""normalized_at"":""2026-06-17T12:10:16.502Z"",""warnings"":[]}",false,false,,community,,youth_training_concern,unknown,unknown,unknown,unknown,unknown,neutral,concern,youth_training_concern_cluster,113
sgv1_e6112b12564690c208930336,donglu_sunjihai_youth_football_202606,tieba,forum,manual_url,external_agent_assisted,source_url_provided_unverified,medium_low,0.45,review_needed,comment,,,?????????????????????? ??07-16?,zh-CN,https://tieba.baidu.com/f?kw=%E4%B8%AD%E5%9B%BD%E8%B6%B3%E7%90%83&sample=07,https://tieba.baidu.com/f?kw=%E4%B8%AD%E5%9B%BD%E8%B6%B3%E7%90%83&sample=07,src_tieba_07,,2026-06-10T00:00:00.000Z,2026-06-17T12:10:16.498Z,,sha256_platform_case_salt,unknown,true,true,,112,5,0,0,sha256:2048ad42d521d8075a6985670e8b04bd3dd0d0ec3bef17ec4cae774a18086345,sha256:2048ad42d521d8075a6985670e8b04bd3dd0d0ec3bef17ec4cae774a18086345,sha256:72a328c04fe3e0e046dd07f0c0916f70977605b5b03f8f6897923e9e8c4f61c7,dup_53571acb559640c3a482,1,[],public,public,manual_comment_sample,Selected public sample only. Not full-platform coverage. Not full-web coverage. Not full-thread coverage.,"{""asset_id"":""local-snapshot-src_tieba_07-comment-24-16"",""run_id"":"""",""task_id"":"""",""source_path"":"""",""record_type"":""comment"",""field_score"":0,""keyword"":"""",""entity_ids"":[]}","{""normalized_from"":""opencrawler_local_asset"",""source_record_id"":""local-snapshot-src_tieba_07-comment-24-16"",""source_type"":""forum"",""acquisition_mode"":""manual_url"",""normalized_at"":""2026-06-17T12:10:16.502Z"",""warnings"":[]}",false,false,,community,,anti_conflict_fatigue,youth_training_model,unknown,unknown,unknown,unknown,fatigue,fatigue,fatigue_cluster,122
sgv1_8059e951e60698e5e4a042a4,donglu_sunjihai_youth_football_202606,tieba,forum,manual_url,external_agent_assisted,source_url_provided_unverified,medium_low,0.45,review_needed,comment,,,???????????????????????? ??07-17?,zh-CN,https://tieba.baidu.com/f?kw=%E4%B8%AD%E5%9B%BD%E8%B6%B3%E7%90%83&sample=07,https://tieba.baidu.com/f?kw=%E4%B8%AD%E5%9B%BD%E8%B6%B3%E7%90%83&sample=07,src_tieba_07,,2026-06-11T01:00:00.000Z,2026-06-17T12:10:16.498Z,,sha256_platform_case_salt,unknown,true,true,,119,6,0,0,sha256:fbcfa43b43ebd3793c7bd904b1aa09ff6df6c7ec87677a7bffc7627241c3a785,sha256:fbcfa43b43ebd3793c7bd904b1aa09ff6df6c7ec87677a7bffc7627241c3a785,sha256:72a328c04fe3e0e046dd07f0c0916f70977605b5b03f8f6897923e9e8c4f61c7,dup_79a2e4ee8a4cfb70e5a8,1,[],public,public,manual_comment_sample,Selected public sample only. Not full-platform coverage. Not full-web coverage. Not full-thread coverage.,"{""asset_id"":""local-snapshot-src_tieba_07-comment-24-17"",""run_id"":"""",""task_id"":"""",""source_path"":"""",""record_type"":""comment"",""field_score"":0,""keyword"":"""",""entity_ids"":[]}","{""normalized_from"":""opencrawler_local_asset"",""source_record_id"":""local-snapshot-src_tieba_07-comment-24-17"",""source_type"":""forum"",""acquisition_mode"":""manual_url"",""normalized_at"":""2026-06-17T12:10:16.502Z"",""warnings"":[]}",false,false,,community,,media_context,contract_or_responsibility_dispute,unknown,unknown,unknown,unknown,bridge,neutral,media_context_reader,131
sgv1_0e7d5f3b21355c5c98e85bc8,donglu_sunjihai_youth_football_202606,tieba,forum,manual_url,external_agent_assisted,source_url_provided_unverified,medium_low,0.45,review_needed,comment,,,??????????????????????? ??07-18?,zh-CN,https://tieba.baidu.com/f?kw=%E4%B8%AD%E5%9B%BD%E8%B6%B3%E7%90%83&sample=07,https://tieba.baidu.com/f?kw=%E4%B8%AD%E5%9B%BD%E8%B6%B3%E7%90%83&sample=07,src_tieba_07,,2026-06-12T02:00:00.000Z,2026-06-17T12:10:16.498Z,,sha256_platform_case_salt,unknown,true,true,,126,7,0,0,sha256:6e061a47fe50a17926a0edbc907b1e13e1b949b227e833f24b5d4d748c1b418b,sha256:6e061a47fe50a17926a0edbc907b1e13e1b949b227e833f24b5d4d748c1b418b,sha256:72a328c04fe3e0e046dd07f0c0916f70977605b5b03f8f6897923e9e8c4f61c7,dup_cce6eeeef9c238450d6e,1,[],public,public,manual_comment_sample,Selected public sample only. Not full-platform coverage. Not full-web coverage. Not full-thread coverage.,"{""asset_id"":""local-snapshot-src_tieba_07-comment-24-18"",""run_id"":"""",""task_id"":"""",""source_path"":"""",""record_type"":""comment"",""field_score"":0,""keyword"":"""",""entity_ids"":[]}","{""normalized_from"":""opencrawler_local_asset"",""source_record_id"":""local-snapshot-src_tieba_07-comment-24-18"",""source_type"":""forum"",""acquisition_mode"":""manual_url"",""normalized_at"":""2026-06-17T12:10:16.502Z"",""warnings"":[]}",false,false,,community,,extreme_attack_or_trolling,public_response,unknown,unknown,unknown,unknown,isolated_extreme,anger,isolated_extreme_cluster,140
sgv1_c5839fbf042603e71f70311f,donglu_sunjihai_youth_football_202606,hupu,local_collector_record,manual_url,external_agent_assisted,source_url_provided_unverified,medium_low,0.45,review_needed,comment,,,??????????????????????? ??01-01?,zh-CN,https://bbs.hupu.com/search?q=%E8%91%A3%E8%B7%AF%20%E5%AD%99%E7%BB%A7%E6%B5%B7%20%E9%9D%92%E8%AE%AD&sample=01,https://bbs.hupu.com/search?q=%E8%91%A3%E8%B7%AF%20%E5%AD%99%E7%BB%A7%E6%B5%B7%20%E9%9D%92%E8%AE%AD&sample=01,src_hupu_01,,2026-06-03T09:00:00.000Z,2026-06-17T12:10:16.498Z,,sha256_platform_case_salt,unknown,true,true,,1,2,0,0,sha256:3d7542040a47432e5538ebfdd505ca3850e6b8b08f8e0f6a0c5abf39d4b8fa93,sha256:3d7542040a47432e5538ebfdd505ca3850e6b8b08f8e0f6a0c5abf39d4b8fa93,sha256:2d1878641dd40104376c9bbb3632a749369d28f5c8850b74e221cde9879b9b16,dup_a6bbcb8efb3895b3e9aa,1,[],public,public,manual_comment_sample,Selected public sample only. Not full-platform coverage. Not full-web coverage. Not full-thread coverage.,"{""asset_id"":""local-snapshot-src_hupu_01-comment-25-1"",""run_id"":"""",""task_id"":"""",""source_path"":"""",""record_type"":""comment"",""field_score"":0,""keyword"":"""",""entity_ids"":[]}","{""normalized_from"":""opencrawler_local_asset"",""source_record_id"":""local-snapshot-src_hupu_01-comment-25-1"",""source_type"":""local_collector_record"",""acquisition_mode"":""manual_url"",""normalized_at"":""2026-06-17T12:10:16.502Z"",""warnings"":[]}",false,false,,unknown,,extreme_attack_or_trolling,media_reframing,unknown,unknown,unknown,unknown,isolated_extreme,anger,isolated_extreme_cluster,5
sgv1_27c72f56aaad2d6e29c967ac,donglu_sunjihai_youth_football_202606,hupu,local_collector_record,manual_url,external_agent_assisted,source_url_provided_unverified,medium_low,0.45,review_needed,comment,,,????????????????????? ??01-02?,zh-CN,https://bbs.hupu.com/search?q=%E8%91%A3%E8%B7%AF%20%E5%AD%99%E7%BB%A7%E6%B5%B7%20%E9%9D%92%E8%AE%AD&sample=01,https://bbs.hupu.com/search?q=%E8%91%A3%E8%B7%AF%20%E5%AD%99%E7%BB%A7%E6%B5%B7%20%E9%9D%92%E8%AE%AD&sample=01,src_hupu_01,,2026-06-04T10:00:00.000Z,2026-06-17T12:10:16.498Z,,sha256_platform_case_salt,unknown,true,true,,2,3,0,0,sha256:30a70e2056a9bb5fbcab1c96ab50d39c599deb8b1347f6fd320505343edc9da1,sha256:30a70e2056a9bb5fbcab1c96ab50d39c599deb8b1347f6fd320505343edc9da1,sha256:2d1878641dd40104376c9bbb3632a749369d28f5c8850b74e221cde9879b9b16,dup_decbecdf24c292dd4836,1,[],public,public,manual_comment_sample,Selected public sample only. Not full-platform coverage. Not full-web coverage. Not full-thread coverage.,"{""asset_id"":""local-snapshot-src_hupu_01-comment-25-2"",""run_id"":"""",""task_id"":"""",""source_path"":"""",""record_type"":""comment"",""field_score"":0,""keyword"":"""",""entity_ids"":[]}","{""normalized_from"":""opencrawler_local_asset"",""source_record_id"":""local-snapshot-src_hupu_01-comment-25-2"",""source_type"":""local_collector_record"",""acquisition_mode"":""manual_url"",""normalized_at"":""2026-06-17T12:10:16.502Z"",""warnings"":[]}",false,false,,unknown,,unknown,fan_community_reaction,unknown,unknown,unknown,unknown,unknown,unknown,unknown,8
sgv1_3d12b24e640c777ef02e5ae7,donglu_sunjihai_youth_football_202606,hupu,local_collector_record,manual_url,external_agent_assisted,source_url_provided_unverified,medium_low,0.45,review_needed,comment,,,??????????????????????????? ??01-03?,zh-CN,https://bbs.hupu.com/search?q=%E8%91%A3%E8%B7%AF%20%E5%AD%99%E7%BB%A7%E6%B5%B7%20%E9%9D%92%E8%AE%AD&sample=01,https://bbs.hupu.com/search?q=%E8%91%A3%E8%B7%AF%20%E5%AD%99%E7%BB%A7%E6%B5%B7%20%E9%9D%92%E8%AE%AD&sample=01,src_hupu_01,,2026-06-05T11:00:00.000Z,2026-06-17T12:10:16.498Z,,sha256_platform_case_salt,unknown,true,true,,3,4,0,0,sha256:e3e5e5764555c909cd72aee447db71ff8b92350cf45bbe09043c41d9c4c02014,sha256:e3e5e5764555c909cd72aee447db71ff8b92350cf45bbe09043c41d9c4c02014,sha256:2d1878641dd40104376c9bbb3632a749369d28f5c8850b74e221cde9879b9b16,dup_f4a3788f55b0ce6b6bbc,1,[],public,public,manual_comment_sample,Selected public sample only. Not full-platform coverage. Not full-web coverage. Not full-thread coverage.,"{""asset_id"":""local-snapshot-src_hupu_01-comment-25-3"",""run_id"":"""",""task_id"":"""",""source_path"":"""",""record_type"":""comment"",""field_score"":0,""keyword"":"""",""entity_ids"":[]}","{""normalized_from"":""opencrawler_local_asset"",""source_record_id"":""local-snapshot-src_hupu_01-comment-25-3"",""source_type"":""local_collector_record"",""acquisition_mode"":""manual_url"",""normalized_at"":""2026-06-17T12:10:16.502Z"",""warnings"":[]}",false,false,,unknown,,support_donglu_view,children_protection_boundary,unknown,unknown,unknown,unknown,core_support,curiosity,route_supporter_donglu,11
sgv1_5a2c925fa733564d24d4427b,donglu_sunjihai_youth_football_202606,hupu,local_collector_record,manual_url,external_agent_assisted,source_url_provided_unverified,medium_low,0.45,review_needed,comment,,,?????????????????????? ??01-04?,zh-CN,https://bbs.hupu.com/search?q=%E8%91%A3%E8%B7%AF%20%E5%AD%99%E7%BB%A7%E6%B5%B7%20%E9%9D%92%E8%AE%AD&sample=01,https://bbs.hupu.com/search?q=%E8%91%A3%E8%B7%AF%20%E5%AD%99%E7%BB%A7%E6%B5%B7%20%E9%9D%92%E8%AE%AD&sample=01,src_hupu_01,,2026-06-06T12:00:00.000Z,2026-06-17T12:10:16.498Z,,sha256_platform_case_salt,unknown,true,true,,4,5,0,0,sha256:4365d2529197f7b92d9b560fc49ac013ad80a724163b454fa7d6d1bfb875b68c,sha256:4365d2529197f7b92d9b560fc49ac013ad80a724163b454fa7d6d1bfb875b68c,sha256:2d1878641dd40104376c9bbb3632a749369d28f5c8850b74e221cde9879b9b16,dup_735bfb9251e7e46885c5,1,[],public,public,manual_comment_sample,Selected public sample only. Not full-platform coverage. Not full-web coverage. Not full-thread coverage.,"{""asset_id"":""local-snapshot-src_hupu_01-comment-25-4"",""run_id"":"""",""task_id"":"""",""source_path"":"""",""record_type"":""comment"",""field_score"":0,""keyword"":"""",""entity_ids"":[]}","{""normalized_from"":""opencrawler_local_asset"",""source_record_id"":""local-snapshot-src_hupu_01-comment-25-4"",""source_type"":""local_collector_record"",""acquisition_mode"":""manual_url"",""normalized_at"":""2026-06-17T12:10:16.502Z"",""warnings"":[]}",false,false,,unknown,,support_sunjihai_view,chinese_football_reputation,unknown,unknown,unknown,unknown,core_support,curiosity,route_supporter_sunjihai,14
sgv1_89abda7fbf69b80bc1e9599b,donglu_sunjihai_youth_football_202606,hupu,local_collector_record,manual_url,external_agent_assisted,source_url_provided_unverified,medium_low,0.45,review_needed,comment,,,??????????????????????????? ??01-05?,zh-CN,https://bbs.hupu.com/search?q=%E8%91%A3%E8%B7%AF%20%E5%AD%99%E7%BB%A7%E6%B5%B7%20%E9%9D%92%E8%AE%AD&sample=01,https://bbs.hupu.com/search?q=%E8%91%A3%E8%B7%AF%20%E5%AD%99%E7%BB%A7%E6%B5%B7%20%E9%9D%92%E8%AE%AD&sample=01,src_hupu_01,,2026-06-07T13:00:00.000Z,2026-06-17T12:10:16.498Z,,sha256_platform_case_salt,unknown,true,true,,5,6,0,0,sha256:fc439ef8a1a41c4539a070c206cac557658cc14c31a0bb1490e399a930026d74,sha256:fc439ef8a1a41c4539a070c206cac557658cc14c31a0bb1490e399a930026d74,sha256:2d1878641dd40104376c9bbb3632a749369d28f5c8850b74e221cde9879b9b16,dup_8ee413bded8283f52087,1,[],public,public,manual_comment_sample,Selected public sample only. Not full-platform coverage. Not full-web coverage. Not full-thread coverage.,"{""asset_id"":""local-snapshot-src_hupu_01-comment-25-5"",""run_id"":"""",""task_id"":"""",""source_path"":"""",""record_type"":""comment"",""field_score"":0,""keyword"":"""",""entity_ids"":[]}","{""normalized_from"":""opencrawler_local_asset"",""source_record_id"":""local-snapshot-src_hupu_01-comment-25-5"",""source_type"":""local_collector_record"",""acquisition_mode"":""manual_url"",""normalized_at"":""2026-06-17T12:10:16.502Z"",""warnings"":[]}",false,false,,unknown,,neutral_process_focused,platform_discussion,unknown,unknown,unknown,unknown,bridge,neutral,process_observer,17
sgv1_31c6405e342a3357f293dca4,donglu_sunjihai_youth_football_202606,hupu,local_collector_record,manual_url,external_agent_assisted,source_url_provided_unverified,medium_low,0.45,review_needed,comment,,,?????????????????????????? ??01-06?,zh-CN,https://bbs.hupu.com/search?q=%E8%91%A3%E8%B7%AF%20%E5%AD%99%E7%BB%A7%E6%B5%B7%20%E9%9D%92%E8%AE%AD&sample=01,https://bbs.hupu.com/search?q=%E8%91%A3%E8%B7%AF%20%E5%AD%99%E7%BB%A7%E6%B5%B7%20%E9%9D%92%E8%AE%AD&sample=01,src_hupu_01,,2026-06-08T14:00:00.000Z,2026-06-17T12:10:16.498Z,,sha256_platform_case_salt,unknown,true,true,,6,7,0,0,sha256:06cc28d50828ae9a3413d0dd57896c407329064fb7d1dfc8e6b97c7a701ae1a6,sha256:06cc28d50828ae9a3413d0dd57896c407329064fb7d1dfc8e6b97c7a701ae1a6,sha256:2d1878641dd40104376c9bbb3632a749369d28f5c8850b74e221cde9879b9b16,dup_aec45ade73030a68818e,1,[],public,public,manual_comment_sample,Selected public sample only. Not full-platform coverage. Not full-web coverage. Not full-thread coverage.,"{""asset_id"":""local-snapshot-src_hupu_01-comment-25-6"",""run_id"":"""",""task_id"":"""",""source_path"":"""",""record_type"":""comment"",""field_score"":0,""keyword"":"""",""entity_ids"":[]}","{""normalized_from"":""opencrawler_local_asset"",""source_record_id"":""local-snapshot-src_hupu_01-comment-25-6"",""source_type"":""local_collector_record"",""acquisition_mode"":""manual_url"",""normalized_at"":""2026-06-17T12:10:16.502Z"",""warnings"":[]}",false,false,,unknown,,youth_training_concern,extreme_cluster_or_trolling,unknown,unknown,unknown,unknown,neutral,concern,youth_training_concern_cluster,20
sgv1_cac97375cdc679859b85f1dd,donglu_sunjihai_youth_football_202606,hupu,local_collector_record,manual_url,external_agent_assisted,source_url_provided_unverified,medium_low,0.45,review_needed,comment,,,?????????????????????? ??01-07?,zh-CN,https://bbs.hupu.com/search?q=%E8%91%A3%E8%B7%AF%20%E5%AD%99%E7%BB%A7%E6%B5%B7%20%E9%9D%92%E8%AE%AD&sample=01,https://bbs.hupu.com/search?q=%E8%91%A3%E8%B7%AF%20%E5%AD%99%E7%BB%A7%E6%B5%B7%20%E9%9D%92%E8%AE%AD&sample=01,src_hupu_01,,2026-06-09T15:00:00.000Z,2026-06-17T12:10:16.498Z,,sha256_platform_case_salt,unknown,true,true,,7,8,0,0,sha256:b7953dbe00f3e408d574d7897de4f5b3a949b50c9582f81eecc981f5fb727de3,sha256:b7953dbe00f3e408d574d7897de4f5b3a949b50c9582f81eecc981f5fb727de3,sha256:2d1878641dd40104376c9bbb3632a749369d28f5c8850b74e221cde9879b9b16,dup_624d7859be4291678c31,1,[],public,public,manual_comment_sample,Selected public sample only. Not full-platform coverage. Not full-web coverage. Not full-thread coverage.,"{""asset_id"":""local-snapshot-src_hupu_01-comment-25-7"",""run_id"":"""",""task_id"":"""",""source_path"":"""",""record_type"":""comment"",""field_score"":0,""keyword"":"""",""entity_ids"":[]}","{""normalized_from"":""opencrawler_local_asset"",""source_record_id"":""local-snapshot-src_hupu_01-comment-25-7"",""source_type"":""local_collector_record"",""acquisition_mode"":""manual_url"",""normalized_at"":""2026-06-17T12:10:16.502Z"",""warnings"":[]}",false,false,,unknown,,anti_conflict_fatigue,unknown,unknown,unknown,unknown,unknown,fatigue,fatigue,fatigue_cluster,23
sgv1_9d23d1a88e8f5e32106967fb,donglu_sunjihai_youth_football_202606,hupu,local_collector_record,manual_url,external_agent_assisted,source_url_provided_unverified,medium_low,0.45,review_needed,comment,,,???????????????????????? ??01-08?,zh-CN,https://bbs.hupu.com/search?q=%E8%91%A3%E8%B7%AF%20%E5%AD%99%E7%BB%A7%E6%B5%B7%20%E9%9D%92%E8%AE%AD&sample=01,https://bbs.hupu.com/search?q=%E8%91%A3%E8%B7%AF%20%E5%AD%99%E7%BB%A7%E6%B5%B7%20%E9%9D%92%E8%AE%AD&sample=01,src_hupu_01,,2026-06-10T16:00:00.000Z,2026-06-17T12:10:16.498Z,,sha256_platform_case_salt,unknown,true,true,,8,9,0,0,sha256:51d2d4d374c3ece998fd8787a5030f7408c32dada6e05f57db84c0682ff068ef,sha256:51d2d4d374c3ece998fd8787a5030f7408c32dada6e05f57db84c0682ff068ef,sha256:2d1878641dd40104376c9bbb3632a749369d28f5c8850b74e221cde9879b9b16,dup_02f51651aaf41e180fd8,1,[],public,public,manual_comment_sample,Selected public sample only. Not full-platform coverage. Not full-web coverage. Not full-thread coverage.,"{""asset_id"":""local-snapshot-src_hupu_01-comment-25-8"",""run_id"":"""",""task_id"":"""",""source_path"":"""",""record_type"":""comment"",""field_score"":0,""keyword"":"""",""entity_ids"":[]}","{""normalized_from"":""opencrawler_local_asset"",""source_record_id"":""local-snapshot-src_hupu_01-comment-25-8"",""source_type"":""local_collector_record"",""acquisition_mode"":""manual_url"",""normalized_at"":""2026-06-17T12:10:16.502Z"",""warnings"":[]}",false,false,,unknown,,media_context,youth_training_model,unknown,unknown,unknown,unknown,bridge,neutral,media_context_reader,26
sgv1_4d773dbe02c1472207cdbcb6,donglu_sunjihai_youth_football_202606,hupu,local_collector_record,manual_url,external_agent_assisted,source_url_provided_unverified,medium_low,0.45,review_needed,comment,,,??????????????????????? ??01-09?,zh-CN,https://bbs.hupu.com/search?q=%E8%91%A3%E8%B7%AF%20%E5%AD%99%E7%BB%A7%E6%B5%B7%20%E9%9D%92%E8%AE%AD&sample=01,https://bbs.hupu.com/search?q=%E8%91%A3%E8%B7%AF%20%E5%AD%99%E7%BB%A7%E6%B5%B7%20%E9%9D%92%E8%AE%AD&sample=01,src_hupu_01,,2026-06-11T17:00:00.000Z,2026-06-17T12:10:16.498Z,,sha256_platform_case_salt,unknown,true,true,,9,10,0,0,sha256:56dcbd7a38ed78597e210956cce43a8152fdeba242b9a981d9fb1debeec75d2f,sha256:56dcbd7a38ed78597e210956cce43a8152fdeba242b9a981d9fb1debeec75d2f,sha256:2d1878641dd40104376c9bbb3632a749369d28f5c8850b74e221cde9879b9b16,dup_511580cb0eb1c9098056,1,[],public,public,manual_comment_sample,Selected public sample only. Not full-platform coverage. Not full-web coverage. Not full-thread coverage.,"{""asset_id"":""local-snapshot-src_hupu_01-comment-25-9"",""run_id"":"""",""task_id"":"""",""source_path"":"""",""record_type"":""comment"",""field_score"":0,""keyword"":"""",""entity_ids"":[]}","{""normalized_from"":""opencrawler_local_asset"",""source_record_id"":""local-snapshot-src_hupu_01-comment-25-9"",""source_type"":""local_collector_record"",""acquisition_mode"":""manual_url"",""normalized_at"":""2026-06-17T12:10:16.502Z"",""warnings"":[]}",false,false,,unknown,,extreme_attack_or_trolling,contract_or_responsibility_dispute,unknown,unknown,unknown,unknown,isolated_extreme,anger,isolated_extreme_cluster,29
sgv1_ff0095defadaac31c450522b,donglu_sunjihai_youth_football_202606,hupu,local_collector_record,manual_url,external_agent_assisted,source_url_provided_unverified,medium_low,0.45,review_needed,comment,,,???????????????? ??01-10?,zh-CN,https://bbs.hupu.com/search?q=%E8%91%A3%E8%B7%AF%20%E5%AD%99%E7%BB%A7%E6%B5%B7%20%E9%9D%92%E8%AE%AD&sample=01,https://bbs.hupu.com/search?q=%E8%91%A3%E8%B7%AF%20%E5%AD%99%E7%BB%A7%E6%B5%B7%20%E9%9D%92%E8%AE%AD&sample=01,src_hupu_01,,2026-06-12T18:00:00.000Z,2026-06-17T12:10:16.498Z,,sha256_platform_case_salt,unknown,true,true,,10,11,0,0,sha256:6fe03028860ed89fb8a64c8d0ace01967e1a0ca0e80575edd551d1110854a4df,sha256:6fe03028860ed89fb8a64c8d0ace01967e1a0ca0e80575edd551d1110854a4df,sha256:2d1878641dd40104376c9bbb3632a749369d28f5c8850b74e221cde9879b9b16,dup_78be15378d6f3d6836b4,1,[],public,public,manual_comment_sample,Selected public sample only. Not full-platform coverage. Not full-web coverage. Not full-thread coverage.,"{""asset_id"":""local-snapshot-src_hupu_01-comment-25-10"",""run_id"":"""",""task_id"":"""",""source_path"":"""",""record_type"":""comment"",""field_score"":0,""keyword"":"""",""entity_ids"":[]}","{""normalized_from"":""opencrawler_local_asset"",""source_record_id"":""local-snapshot-src_hupu_01-comment-25-10"",""source_type"":""local_collector_record"",""acquisition_mode"":""manual_url"",""normalized_at"":""2026-06-17T12:10:16.502Z"",""warnings"":[]}",false,false,,unknown,,unknown,public_response,unknown,unknown,unknown,unknown,unknown,unknown,unknown,32
sgv1_d7324a518e617c8b3324cdef,donglu_sunjihai_youth_football_202606,hupu,local_collector_record,manual_url,external_agent_assisted,source_url_provided_unverified,medium_low,0.45,review_needed,comment,,,???????????????????????? ??01-11?,zh-CN,https://bbs.hupu.com/search?q=%E8%91%A3%E8%B7%AF%20%E5%AD%99%E7%BB%A7%E6%B5%B7%20%E9%9D%92%E8%AE%AD&sample=01,https://bbs.hupu.com/search?q=%E8%91%A3%E8%B7%AF%20%E5%AD%99%E7%BB%A7%E6%B5%B7%20%E9%9D%92%E8%AE%AD&sample=01,src_hupu_01,,2026-06-13T19:00:00.000Z,2026-06-17T12:10:16.498Z,,sha256_platform_case_salt,unknown,true,true,,11,12,0,0,sha256:ed5cd85169d8ece0c7d2772fe3d9e2f9bc5b02e61241e4869eb68144c3322e8c,sha256:ed5cd85169d8ece0c7d2772fe3d9e2f9bc5b02e61241e4869eb68144c3322e8c,sha256:2d1878641dd40104376c9bbb3632a749369d28f5c8850b74e221cde9879b9b16,dup_d70045a2f18ba0864b95,1,[],public,public,manual_comment_sample,Selected public sample only. Not full-platform coverage. Not full-web coverage. Not full-thread coverage.,"{""asset_id"":""local-snapshot-src_hupu_01-comment-25-11"",""run_id"":"""",""task_id"":"""",""source_path"":"""",""record_type"":""comment"",""field_score"":0,""keyword"":"""",""entity_ids"":[]}","{""normalized_from"":""opencrawler_local_asset"",""source_record_id"":""local-snapshot-src_hupu_01-comment-25-11"",""source_type"":""local_collector_record"",""acquisition_mode"":""manual_url"",""normalized_at"":""2026-06-17T12:10:16.502Z"",""warnings"":[]}",false,false,,unknown,,support_donglu_view,media_reframing,unknown,unknown,unknown,unknown,core_support,curiosity,route_supporter_donglu,35
sgv1_e49d2f88052d77ca2925aa4d,donglu_sunjihai_youth_football_202606,hupu,local_collector_record,manual_url,external_agent_assisted,source_url_provided_unverified,medium_low,0.45,review_needed,comment,,,??????????????????????????? ??01-12?,zh-CN,https://bbs.hupu.com/search?q=%E8%91%A3%E8%B7%AF%20%E5%AD%99%E7%BB%A7%E6%B5%B7%20%E9%9D%92%E8%AE%AD&sample=01,https://bbs.hupu.com/search?q=%E8%91%A3%E8%B7%AF%20%E5%AD%99%E7%BB%A7%E6%B5%B7%20%E9%9D%92%E8%AE%AD&sample=01,src_hupu_01,,2026-06-14T20:00:00.000Z,2026-06-17T12:10:16.498Z,,sha256_platform_case_salt,unknown,true,true,,12,13,0,0,sha256:0f5954995307044d2b800ceff0f2a3db51b908e56e42fa814c7dabb61eea1d4b,sha256:0f5954995307044d2b800ceff0f2a3db51b908e56e42fa814c7dabb61eea1d4b,sha256:2d1878641dd40104376c9bbb3632a749369d28f5c8850b74e221cde9879b9b16,dup_ef0eb02a9b4d2b4a8601,1,[],public,public,manual_comment_sample,Selected public sample only. Not full-platform coverage. Not full-web coverage. Not full-thread coverage.,"{""asset_id"":""local-snapshot-src_hupu_01-comment-25-12"",""run_id"":"""",""task_id"":"""",""source_path"":"""",""record_type"":""comment"",""field_score"":0,""keyword"":"""",""entity_ids"":[]}","{""normalized_from"":""opencrawler_local_asset"",""source_record_id"":""local-snapshot-src_hupu_01-comment-25-12"",""source_type"":""local_collector_record"",""acquisition_mode"":""manual_url"",""normalized_at"":""2026-06-17T12:10:16.502Z"",""warnings"":[]}",false,false,,unknown,,support_sunjihai_view,fan_community_reaction,unknown,unknown,unknown,unknown,core_support,curiosity,route_supporter_sunjihai,38
sgv1_b15276017ae695254b4892c8,donglu_sunjihai_youth_football_202606,hupu,local_collector_record,manual_url,external_agent_assisted,source_url_provided_unverified,medium_low,0.45,review_needed,comment,,,??????????????????? ??01-13?,zh-CN,https://bbs.hupu.com/search?q=%E8%91%A3%E8%B7%AF%20%E5%AD%99%E7%BB%A7%E6%B5%B7%20%E9%9D%92%E8%AE%AD&sample=01,https://bbs.hupu.com/search?q=%E8%91%A3%E8%B7%AF%20%E5%AD%99%E7%BB%A7%E6%B5%B7%20%E9%9D%92%E8%AE%AD&sample=01,src_hupu_01,,2026-06-01T21:00:00.000Z,2026-06-17T12:10:16.498Z,,sha256_platform_case_salt,unknown,true,true,,13,14,0,0,sha256:67a517fc8a3a40dbf4dadb5a22b331069d92fc50c852de2034380c00cfce3307,sha256:67a517fc8a3a40dbf4dadb5a22b331069d92fc50c852de2034380c00cfce3307,sha256:2d1878641dd40104376c9bbb3632a749369d28f5c8850b74e221cde9879b9b16,dup_dc0e135f227547d1839c,1,[],public,public,manual_comment_sample,Selected public sample only. Not full-platform coverage. Not full-web coverage. Not full-thread coverage.,"{""asset_id"":""local-snapshot-src_hupu_01-comment-25-13"",""run_id"":"""",""task_id"":"""",""source_path"":"""",""record_type"":""comment"",""field_score"":0,""keyword"":"""",""entity_ids"":[]}","{""normalized_from"":""opencrawler_local_asset"",""source_record_id"":""local-snapshot-src_hupu_01-comment-25-13"",""source_type"":""local_collector_record"",""acquisition_mode"":""manual_url"",""normalized_at"":""2026-06-17T12:10:16.502Z"",""warnings"":[]}",false,false,,unknown,,neutral_process_focused,children_protection_boundary,unknown,unknown,unknown,unknown,bridge,neutral,process_observer,41
sgv1_0bcfedc78a8a95ad131e8aa1,donglu_sunjihai_youth_football_202606,hupu,local_collector_record,manual_url,external_agent_assisted,source_url_provided_unverified,medium_low,0.45,review_needed,comment,,,??????????????????????????? ??01-14?,zh-CN,https://bbs.hupu.com/search?q=%E8%91%A3%E8%B7%AF%20%E5%AD%99%E7%BB%A7%E6%B5%B7%20%E9%9D%92%E8%AE%AD&sample=01,https://bbs.hupu.com/search?q=%E8%91%A3%E8%B7%AF%20%E5%AD%99%E7%BB%A7%E6%B5%B7%20%E9%9D%92%E8%AE%AD&sample=01,src_hupu_01,,2026-06-02T22:00:00.000Z,2026-06-17T12:10:16.498Z,,sha256_platform_case_salt,unknown,true,true,,14,15,0,0,sha256:fad7d4131b25f9aae5255e455b590a1314a9616fb13e51136137c86a9df363fb,sha256:fad7d4131b25f9aae5255e455b590a1314a9616fb13e51136137c86a9df363fb,sha256:2d1878641dd40104376c9bbb3632a749369d28f5c8850b74e221cde9879b9b16,dup_e7f6b5c9183b183b615c,1,[],public,public,manual_comment_sample,Selected public sample only. Not full-platform coverage. Not full-web coverage. Not full-thread coverage.,"{""asset_id"":""local-snapshot-src_hupu_01-comment-25-14"",""run_id"":"""",""task_id"":"""",""source_path"":"""",""record_type"":""comment"",""field_score"":0,""keyword"":"""",""entity_ids"":[]}","{""normalized_from"":""opencrawler_local_asset"",""source_record_id"":""local-snapshot-src_hupu_01-comment-25-14"",""source_type"":""local_collector_record"",""acquisition_mode"":""manual_url"",""normalized_at"":""2026-06-17T12:10:16.502Z"",""warnings"":[]}",false,false,,unknown,,youth_training_concern,chinese_football_reputation,unknown,unknown,unknown,unknown,neutral,concern,youth_training_concern_cluster,44
sgv1_74b16aaebc05c73843641824,donglu_sunjihai_youth_football_202606,hupu,local_collector_record,manual_url,external_agent_assisted,source_url_provided_unverified,medium_low,0.45,review_needed,comment,,,????????????????????? ??01-15?,zh-CN,https://bbs.hupu.com/search?q=%E8%91%A3%E8%B7%AF%20%E5%AD%99%E7%BB%A7%E6%B5%B7%20%E9%9D%92%E8%AE%AD&sample=01,https://bbs.hupu.com/search?q=%E8%91%A3%E8%B7%AF%20%E5%AD%99%E7%BB%A7%E6%B5%B7%20%E9%9D%92%E8%AE%AD&sample=01,src_hupu_01,,2026-06-03T23:00:00.000Z,2026-06-17T12:10:16.498Z,,sha256_platform_case_salt,unknown,true,true,,15,16,0,0,sha256:ff0e870fbae2beeed579553fee6d40841abcb935ce2e352e7477f95ed298c20e,sha256:ff0e870fbae2beeed579553fee6d40841abcb935ce2e352e7477f95ed298c20e,sha256:2d1878641dd40104376c9bbb3632a749369d28f5c8850b74e221cde9879b9b16,dup_76ba21097fe425922a31,1,[],public,public,manual_comment_sample,Selected public sample only. Not full-platform coverage. Not full-web coverage. Not full-thread coverage.,"{""asset_id"":""local-snapshot-src_hupu_01-comment-25-15"",""run_id"":"""",""task_id"":"""",""source_path"":"""",""record_type"":""comment"",""field_score"":0,""keyword"":"""",""entity_ids"":[]}","{""normalized_from"":""opencrawler_local_asset"",""source_record_id"":""local-snapshot-src_hupu_01-comment-25-15"",""source_type"":""local_collector_record"",""acquisition_mode"":""manual_url"",""normalized_at"":""2026-06-17T12:10:16.502Z"",""warnings"":[]}",false,false,,unknown,,anti_conflict_fatigue,platform_discussion,unknown,unknown,unknown,unknown,fatigue,fatigue,fatigue_cluster,47
sgv1_ebdc7c8c195c3f032cae1bb7,donglu_sunjihai_youth_football_202606,hupu,local_collector_record,manual_url,external_agent_assisted,source_url_provided_unverified,medium_low,0.45,review_needed,comment,,,?????????????????????? ??01-16?,zh-CN,https://bbs.hupu.com/search?q=%E8%91%A3%E8%B7%AF%20%E5%AD%99%E7%BB%A7%E6%B5%B7%20%E9%9D%92%E8%AE%AD&sample=01,https://bbs.hupu.com/search?q=%E8%91%A3%E8%B7%AF%20%E5%AD%99%E7%BB%A7%E6%B5%B7%20%E9%9D%92%E8%AE%AD&sample=01,src_hupu_01,,2026-06-04T00:00:00.000Z,2026-06-17T12:10:16.498Z,,sha256_platform_case_salt,unknown,true,true,,16,17,0,0,sha256:0440c495dc9a6c699ed3b114d6ff5753c5b30cc15bc7cced8b77efe7230b874a,sha256:0440c495dc9a6c699ed3b114d6ff5753c5b30cc15bc7cced8b77efe7230b874a,sha256:2d1878641dd40104376c9bbb3632a749369d28f5c8850b74e221cde9879b9b16,dup_2ab2ff815fa089f254a9,1,[],public,public,manual_comment_sample,Selected public sample only. Not full-platform coverage. Not full-web coverage. Not full-thread coverage.,"{""asset_id"":""local-snapshot-src_hupu_01-comment-25-16"",""run_id"":"""",""task_id"":"""",""source_path"":"""",""record_type"":""comment"",""field_score"":0,""keyword"":"""",""entity_ids"":[]}","{""normalized_from"":""opencrawler_local_asset"",""source_record_id"":""local-snapshot-src_hupu_01-comment-25-16"",""source_type"":""local_collector_record"",""acquisition_mode"":""manual_url"",""normalized_at"":""2026-06-17T12:10:16.502Z"",""warnings"":[]}",false,false,,unknown,,media_context,extreme_cluster_or_trolling,unknown,unknown,unknown,unknown,bridge,neutral,media_context_reader,50
sgv1_b4ce4ecfd397893485312696,donglu_sunjihai_youth_football_202606,hupu,local_collector_record,manual_url,external_agent_assisted,source_url_provided_unverified,medium_low,0.45,review_needed,comment,,,??????????????????????? ??01-17?,zh-CN,https://bbs.hupu.com/search?q=%E8%91%A3%E8%B7%AF%20%E5%AD%99%E7%BB%A7%E6%B5%B7%20%E9%9D%92%E8%AE%AD&sample=01,https://bbs.hupu.com/search?q=%E8%91%A3%E8%B7%AF%20%E5%AD%99%E7%BB%A7%E6%B5%B7%20%E9%9D%92%E8%AE%AD&sample=01,src_hupu_01,,2026-06-05T01:00:00.000Z,2026-06-17T12:10:16.498Z,,sha256_platform_case_salt,unknown,true,true,,17,0,0,0,sha256:2d21f90b8412fe22b45dbe0c3fc3261d499979e836be89165a58cdbe5b60a9a3,sha256:2d21f90b8412fe22b45dbe0c3fc3261d499979e836be89165a58cdbe5b60a9a3,sha256:2d1878641dd40104376c9bbb3632a749369d28f5c8850b74e221cde9879b9b16,dup_5ed257a2009caa53d141,1,[],public,public,manual_comment_sample,Selected public sample only. Not full-platform coverage. Not full-web coverage. Not full-thread coverage.,"{""asset_id"":""local-snapshot-src_hupu_01-comment-25-17"",""run_id"":"""",""task_id"":"""",""source_path"":"""",""record_type"":""comment"",""field_score"":0,""keyword"":"""",""entity_ids"":[]}","{""normalized_from"":""opencrawler_local_asset"",""source_record_id"":""local-snapshot-src_hupu_01-comment-25-17"",""source_type"":""local_collector_record"",""acquisition_mode"":""manual_url"",""normalized_at"":""2026-06-17T12:10:16.502Z"",""warnings"":[]}",false,false,,unknown,,extreme_attack_or_trolling,unknown,unknown,unknown,unknown,unknown,isolated_extreme,anger,isolated_extreme_cluster,17
sgv1_db9aa51370cc03d3e5bfb452,donglu_sunjihai_youth_football_202606,hupu,local_collector_record,manual_url,external_agent_assisted,source_url_provided_unverified,medium_low,0.45,review_needed,comment,,,????????????????? ??01-18?,zh-CN,https://bbs.hupu.com/search?q=%E8%91%A3%E8%B7%AF%20%E5%AD%99%E7%BB%A7%E6%B5%B7%20%E9%9D%92%E8%AE%AD&sample=01,https://bbs.hupu.com/search?q=%E8%91%A3%E8%B7%AF%20%E5%AD%99%E7%BB%A7%E6%B5%B7%20%E9%9D%92%E8%AE%AD&sample=01,src_hupu_01,,2026-06-06T02:00:00.000Z,2026-06-17T12:10:16.498Z,,sha256_platform_case_salt,unknown,true,true,,18,1,0,0,sha256:e5b927683430a02d203aace954cd090d1b82a115ab14ef457d4d9ddd464de722,sha256:e5b927683430a02d203aace954cd090d1b82a115ab14ef457d4d9ddd464de722,sha256:2d1878641dd40104376c9bbb3632a749369d28f5c8850b74e221cde9879b9b16,dup_20001de41a775dd3bb88,1,[],public,public,manual_comment_sample,Selected public sample only. Not full-platform coverage. Not full-web coverage. Not full-thread coverage.,"{""asset_id"":""local-snapshot-src_hupu_01-comment-25-18"",""run_id"":"""",""task_id"":"""",""source_path"":"""",""record_type"":""comment"",""field_score"":0,""keyword"":"""",""entity_ids"":[]}","{""normalized_from"":""opencrawler_local_asset"",""source_record_id"":""local-snapshot-src_hupu_01-comment-25-18"",""source_type"":""local_collector_record"",""acquisition_mode"":""manual_url"",""normalized_at"":""2026-06-17T12:10:16.502Z"",""warnings"":[]}",false,false,,unknown,,unknown,youth_training_model,unknown,unknown,unknown,unknown,unknown,unknown,unknown,20
sgv1_5996d9d5fbe4772062c3242a,donglu_sunjihai_youth_football_202606,hupu,local_collector_record,manual_url,external_agent_assisted,source_url_provided_unverified,medium_low,0.45,review_needed,comment,,,???????????????????????? ??01-19?,zh-CN,https://bbs.hupu.com/search?q=%E8%91%A3%E8%B7%AF%20%E5%AD%99%E7%BB%A7%E6%B5%B7%20%E9%9D%92%E8%AE%AD&sample=01,https://bbs.hupu.com/search?q=%E8%91%A3%E8%B7%AF%20%E5%AD%99%E7%BB%A7%E6%B5%B7%20%E9%9D%92%E8%AE%AD&sample=01,src_hupu_01,,2026-06-07T03:00:00.000Z,2026-06-17T12:10:16.498Z,,sha256_platform_case_salt,unknown,true,true,,19,2,0,0,sha256:ea6c1dd510b9f01666edfa05f7ec6328db5d7a62c88e19f4407291d00404da01,sha256:ea6c1dd510b9f01666edfa05f7ec6328db5d7a62c88e19f4407291d00404da01,sha256:2d1878641dd40104376c9bbb3632a749369d28f5c8850b74e221cde9879b9b16,dup_af85ea6843db07637708,1,[],public,public,manual_comment_sample,Selected public sample only. Not full-platform coverage. Not full-web coverage. Not full-thread coverage.,"{""asset_id"":""local-snapshot-src_hupu_01-comment-25-19"",""run_id"":"""",""task_id"":"""",""source_path"":"""",""record_type"":""comment"",""field_score"":0,""keyword"":"""",""entity_ids"":[]}","{""normalized_from"":""opencrawler_local_asset"",""source_record_id"":""local-snapshot-src_hupu_01-comment-25-19"",""source_type"":""local_collector_record"",""acquisition_mode"":""manual_url"",""normalized_at"":""2026-06-17T12:10:16.502Z"",""warnings"":[]}",false,false,,unknown,,support_donglu_view,contract_or_responsibility_dispute,unknown,unknown,unknown,unknown,core_support,curiosity,route_supporter_donglu,23
sgv1_501875d4d5dccd7191d6bde4,donglu_sunjihai_youth_football_202606,hupu,local_collector_record,manual_url,external_agent_assisted,source_url_provided_unverified,medium_low,0.45,review_needed,comment,,,?????????????????????????? ??01-20?,zh-CN,https://bbs.hupu.com/search?q=%E8%91%A3%E8%B7%AF%20%E5%AD%99%E7%BB%A7%E6%B5%B7%20%E9%9D%92%E8%AE%AD&sample=01,https://bbs.hupu.com/search?q=%E8%91%A3%E8%B7%AF%20%E5%AD%99%E7%BB%A7%E6%B5%B7%20%E9%9D%92%E8%AE%AD&sample=01,src_hupu_01,,2026-06-08T04:00:00.000Z,2026-06-17T12:10:16.498Z,,sha256_platform_case_salt,unknown,true,true,,20,3,0,0,sha256:4d4220dc86fb2113a818ded020ad883795f5340688d69d5b9698f7aaa186fb18,sha256:4d4220dc86fb2113a818ded020ad883795f5340688d69d5b9698f7aaa186fb18,sha256:2d1878641dd40104376c9bbb3632a749369d28f5c8850b74e221cde9879b9b16,dup_b6d8b9d6d3d862d7c092,1,[],public,public,manual_comment_sample,Selected public sample only. Not full-platform coverage. Not full-web coverage. Not full-thread coverage.,"{""asset_id"":""local-snapshot-src_hupu_01-comment-25-20"",""run_id"":"""",""task_id"":"""",""source_path"":"""",""record_type"":""comment"",""field_score"":0,""keyword"":"""",""entity_ids"":[]}","{""normalized_from"":""opencrawler_local_asset"",""source_record_id"":""local-snapshot-src_hupu_01-comment-25-20"",""source_type"":""local_collector_record"",""acquisition_mode"":""manual_url"",""normalized_at"":""2026-06-17T12:10:16.502Z"",""warnings"":[]}",false,false,,unknown,,support_sunjihai_view,public_response,unknown,unknown,unknown,unknown,core_support,curiosity,route_supporter_sunjihai,26
sgv1_d24e46e6836f71082642435f,donglu_sunjihai_youth_football_202606,hupu,local_collector_record,manual_url,external_agent_assisted,source_url_provided_unverified,medium_low,0.45,review_needed,comment,,,????????????????????? ??02-01?,zh-CN,https://bbs.hupu.com/search?q=%E8%91%A3%E8%B7%AF%20%E5%AD%99%E7%BB%A7%E6%B5%B7%20%E9%9D%92%E8%AE%AD&sample=02,https://bbs.hupu.com/search?q=%E8%91%A3%E8%B7%AF%20%E5%AD%99%E7%BB%A7%E6%B5%B7%20%E9%9D%92%E8%AE%AD&sample=02,src_hupu_02,,2026-06-04T09:00:00.000Z,2026-06-17T12:10:16.499Z,,sha256_platform_case_salt,unknown,true,true,,2,3,0,0,sha256:418626b7d16f8b5a5d9b97e7707356ef313c19414b8246394e9ac7f0eec61b8b,sha256:418626b7d16f8b5a5d9b97e7707356ef313c19414b8246394e9ac7f0eec61b8b,sha256:31636df55fef6b8e2314e7787b54b8b61347db48d6fff3cef3f38d034b8503ae,dup_4916f021fb183a22ad9b,1,[],public,public,manual_comment_sample,Selected public sample only. Not full-platform coverage. Not full-web coverage. Not full-thread coverage.,"{""asset_id"":""local-snapshot-src_hupu_02-comment-26-1"",""run_id"":"""",""task_id"":"""",""source_path"":"""",""record_type"":""comment"",""field_score"":0,""keyword"":"""",""entity_ids"":[]}","{""normalized_from"":""opencrawler_local_asset"",""source_record_id"":""local-snapshot-src_hupu_02-comment-26-1"",""source_type"":""local_collector_record"",""acquisition_mode"":""manual_url"",""normalized_at"":""2026-06-17T12:10:16.502Z"",""warnings"":[]}",false,false,,unknown,,unknown,children_protection_boundary,unknown,unknown,unknown,unknown,unknown,unknown,unknown,8
sgv1_75d18eeed5dfc3d1f1693df3,donglu_sunjihai_youth_football_202606,hupu,local_collector_record,manual_url,external_agent_assisted,source_url_provided_unverified,medium_low,0.45,review_needed,comment,,,??????????????????????????? ??02-02?,zh-CN,https://bbs.hupu.com/search?q=%E8%91%A3%E8%B7%AF%20%E5%AD%99%E7%BB%A7%E6%B5%B7%20%E9%9D%92%E8%AE%AD&sample=02,https://bbs.hupu.com/search?q=%E8%91%A3%E8%B7%AF%20%E5%AD%99%E7%BB%A7%E6%B5%B7%20%E9%9D%92%E8%AE%AD&sample=02,src_hupu_02,,2026-06-05T10:00:00.000Z,2026-06-17T12:10:16.499Z,,sha256_platform_case_salt,unknown,true,true,,4,4,0,0,sha256:fba08cfd80a2dacd7e1f126ce0539a4572fe3e01e3e771f2013c8709fada79c0,sha256:fba08cfd80a2dacd7e1f126ce0539a4572fe3e01e3e771f2013c8709fada79c0,sha256:31636df55fef6b8e2314e7787b54b8b61347db48d6fff3cef3f38d034b8503ae,dup_fbc6c6cea76533428550,1,[],public,public,manual_comment_sample,Selected public sample only. Not full-platform coverage. Not full-web coverage. Not full-thread coverage.,"{""asset_id"":""local-snapshot-src_hupu_02-comment-26-2"",""run_id"":"""",""task_id"":"""",""source_path"":"""",""record_type"":""comment"",""field_score"":0,""keyword"":"""",""entity_ids"":[]}","{""normalized_from"":""opencrawler_local_asset"",""source_record_id"":""local-snapshot-src_hupu_02-comment-26-2"",""source_type"":""local_collector_record"",""acquisition_mode"":""manual_url"",""normalized_at"":""2026-06-17T12:10:16.502Z"",""warnings"":[]}",false,false,,unknown,,support_donglu_view,chinese_football_reputation,unknown,unknown,unknown,unknown,core_support,curiosity,route_supporter_donglu,12
sgv1_621d0b851ea0802add9dcda0,donglu_sunjihai_youth_football_202606,hupu,local_collector_record,manual_url,external_agent_assisted,source_url_provided_unverified,medium_low,0.45,review_needed,comment,,,?????????????????????? ??02-03?,zh-CN,https://bbs.hupu.com/search?q=%E8%91%A3%E8%B7%AF%20%E5%AD%99%E7%BB%A7%E6%B5%B7%20%E9%9D%92%E8%AE%AD&sample=02,https://bbs.hupu.com/search?q=%E8%91%A3%E8%B7%AF%20%E5%AD%99%E7%BB%A7%E6%B5%B7%20%E9%9D%92%E8%AE%AD&sample=02,src_hupu_02,,2026-06-06T11:00:00.000Z,2026-06-17T12:10:16.499Z,,sha256_platform_case_salt,unknown,true,true,,6,5,0,0,sha256:90797b64d6aa0a5c53313ec3f1d90b4efecb263f055de70d4c98ef4190c98e65,sha256:90797b64d6aa0a5c53313ec3f1d90b4efecb263f055de70d4c98ef4190c98e65,sha256:31636df55fef6b8e2314e7787b54b8b61347db48d6fff3cef3f38d034b8503ae,dup_97b8a876fef685ceba2c,1,[],public,public,manual_comment_sample,Selected public sample only. Not full-platform coverage. Not full-web coverage. Not full-thread coverage.,"{""asset_id"":""local-snapshot-src_hupu_02-comment-26-3"",""run_id"":"""",""task_id"":"""",""source_path"":"""",""record_type"":""comment"",""field_score"":0,""keyword"":"""",""entity_ids"":[]}","{""normalized_from"":""opencrawler_local_asset"",""source_record_id"":""local-snapshot-src_hupu_02-comment-26-3"",""source_type"":""local_collector_record"",""acquisition_mode"":""manual_url"",""normalized_at"":""2026-06-17T12:10:16.502Z"",""warnings"":[]}",false,false,,unknown,,support_sunjihai_view,platform_discussion,unknown,unknown,unknown,unknown,core_support,curiosity,route_supporter_sunjihai,16
sgv1_a85adacc6d6c2d95ad3216fa,donglu_sunjihai_youth_football_202606,hupu,local_collector_record,manual_url,external_agent_assisted,source_url_provided_unverified,medium_low,0.45,review_needed,comment,,,??????????????????????????? ??02-04?,zh-CN,https://bbs.hupu.com/search?q=%E8%91%A3%E8%B7%AF%20%E5%AD%99%E7%BB%A7%E6%B5%B7%20%E9%9D%92%E8%AE%AD&sample=02,https://bbs.hupu.com/search?q=%E8%91%A3%E8%B7%AF%20%E5%AD%99%E7%BB%A7%E6%B5%B7%20%E9%9D%92%E8%AE%AD&sample=02,src_hupu_02,,2026-06-07T12:00:00.000Z,2026-06-17T12:10:16.499Z,,sha256_platform_case_salt,unknown,true,true,,8,6,0,0,sha256:90e750844c71c536c0af11d143ad359e812929884c6170aaf323c9a6683b6c04,sha256:90e750844c71c536c0af11d143ad359e812929884c6170aaf323c9a6683b6c04,sha256:31636df55fef6b8e2314e7787b54b8b61347db48d6fff3cef3f38d034b8503ae,dup_86f567c1d680c8cc7aad,1,[],public,public,manual_comment_sample,Selected public sample only. Not full-platform coverage. Not full-web coverage. Not full-thread coverage.,"{""asset_id"":""local-snapshot-src_hupu_02-comment-26-4"",""run_id"":"""",""task_id"":"""",""source_path"":"""",""record_type"":""comment"",""field_score"":0,""keyword"":"""",""entity_ids"":[]}","{""normalized_from"":""opencrawler_local_asset"",""source_record_id"":""local-snapshot-src_hupu_02-comment-26-4"",""source_type"":""local_collector_record"",""acquisition_mode"":""manual_url"",""normalized_at"":""2026-06-17T12:10:16.502Z"",""warnings"":[]}",false,false,,unknown,,neutral_process_focused,extreme_cluster_or_trolling,unknown,unknown,unknown,unknown,bridge,neutral,process_observer,20
sgv1_3d3bf11556718cca21265ec5,donglu_sunjihai_youth_football_202606,hupu,local_collector_record,manual_url,external_agent_assisted,source_url_provided_unverified,medium_low,0.45,review_needed,comment,,,?????????????????????????? ??02-05?,zh-CN,https://bbs.hupu.com/search?q=%E8%91%A3%E8%B7%AF%20%E5%AD%99%E7%BB%A7%E6%B5%B7%20%E9%9D%92%E8%AE%AD&sample=02,https://bbs.hupu.com/search?q=%E8%91%A3%E8%B7%AF%20%E5%AD%99%E7%BB%A7%E6%B5%B7%20%E9%9D%92%E8%AE%AD&sample=02,src_hupu_02,,2026-06-08T13:00:00.000Z,2026-06-17T12:10:16.499Z,,sha256_platform_case_salt,unknown,true,true,,10,7,0,0,sha256:c3b2e6dc161276082075f11a278f66df96c37e910feeebbdb290bc13fdd9a840,sha256:c3b2e6dc161276082075f11a278f66df96c37e910feeebbdb290bc13fdd9a840,sha256:31636df55fef6b8e2314e7787b54b8b61347db48d6fff3cef3f38d034b8503ae,dup_b967bc91934846e926e4,1,[],public,public,manual_comment_sample,Selected public sample only. Not full-platform coverage. Not full-web coverage. Not full-thread coverage.,"{""asset_id"":""local-snapshot-src_hupu_02-comment-26-5"",""run_id"":"""",""task_id"":"""",""source_path"":"""",""record_type"":""comment"",""field_score"":0,""keyword"":"""",""entity_ids"":[]}","{""normalized_from"":""opencrawler_local_asset"",""source_record_id"":""local-snapshot-src_hupu_02-comment-26-5"",""source_type"":""local_collector_record"",""acquisition_mode"":""manual_url"",""normalized_at"":""2026-06-17T12:10:16.502Z"",""warnings"":[]}",false,false,,unknown,,youth_training_concern,unknown,unknown,unknown,unknown,unknown,neutral,concern,youth_training_concern_cluster,24
sgv1_0c6baaee2fdb855728b09e94,donglu_sunjihai_youth_football_202606,hupu,local_collector_record,manual_url,external_agent_assisted,source_url_provided_unverified,medium_low,0.45,review_needed,comment,,,?????????????????????? ??02-06?,zh-CN,https://bbs.hupu.com/search?q=%E8%91%A3%E8%B7%AF%20%E5%AD%99%E7%BB%A7%E6%B5%B7%20%E9%9D%92%E8%AE%AD&sample=02,https://bbs.hupu.com/search?q=%E8%91%A3%E8%B7%AF%20%E5%AD%99%E7%BB%A7%E6%B5%B7%20%E9%9D%92%E8%AE%AD&sample=02,src_hupu_02,,2026-06-09T14:00:00.000Z,2026-06-17T12:10:16.499Z,,sha256_platform_case_salt,unknown,true,true,,12,8,0,0,sha256:3540d6a2e54dbdf431795b8d70858c6a480464b8485556b21b59ed16b6c508d5,sha256:3540d6a2e54dbdf431795b8d70858c6a480464b8485556b21b59ed16b6c508d5,sha256:31636df55fef6b8e2314e7787b54b8b61347db48d6fff3cef3f38d034b8503ae,dup_8b4a7182c42fdc44456c,1,[],public,public,manual_comment_sample,Selected public sample only. Not full-platform coverage. Not full-web coverage. Not full-thread coverage.,"{""asset_id"":""local-snapshot-src_hupu_02-comment-26-6"",""run_id"":"""",""task_id"":"""",""source_path"":"""",""record_type"":""comment"",""field_score"":0,""keyword"":"""",""entity_ids"":[]}","{""normalized_from"":""opencrawler_local_asset"",""source_record_id"":""local-snapshot-src_hupu_02-comment-26-6"",""source_type"":""local_collector_record"",""acquisition_mode"":""manual_url"",""normalized_at"":""2026-06-17T12:10:16.502Z"",""warnings"":[]}",false,false,,unknown,,anti_conflict_fatigue,youth_training_model,unknown,unknown,unknown,unknown,fatigue,fatigue,fatigue_cluster,28
sgv1_0478da17e9d02302c4edf8f1,donglu_sunjihai_youth_football_202606,hupu,local_collector_record,manual_url,external_agent_assisted,source_url_provided_unverified,medium_low,0.45,review_needed,comment,,,???????????????????????? ??02-07?,zh-CN,https://bbs.hupu.com/search?q=%E8%91%A3%E8%B7%AF%20%E5%AD%99%E7%BB%A7%E6%B5%B7%20%E9%9D%92%E8%AE%AD&sample=02,https://bbs.hupu.com/search?q=%E8%91%A3%E8%B7%AF%20%E5%AD%99%E7%BB%A7%E6%B5%B7%20%E9%9D%92%E8%AE%AD&sample=02,src_hupu_02,,2026-06-10T15:00:00.000Z,2026-06-17T12:10:16.499Z,,sha256_platform_case_salt,unknown,true,true,,14,9,0,0,sha256:4936058264d139985a5ab733fc5e47b3fba0ae5628bc03dc5daab9725ce1d942,sha256:4936058264d139985a5ab733fc5e47b3fba0ae5628bc03dc5daab9725ce1d942,sha256:31636df55fef6b8e2314e7787b54b8b61347db48d6fff3cef3f38d034b8503ae,dup_06901edbe77f15772bb6,1,[],public,public,manual_comment_sample,Selected public sample only. Not full-platform coverage. Not full-web coverage. Not full-thread coverage.,"{""asset_id"":""local-snapshot-src_hupu_02-comment-26-7"",""run_id"":"""",""task_id"":"""",""source_path"":"""",""record_type"":""comment"",""field_score"":0,""keyword"":"""",""entity_ids"":[]}","{""normalized_from"":""opencrawler_local_asset"",""source_record_id"":""local-snapshot-src_hupu_02-comment-26-7"",""source_type"":""local_collector_record"",""acquisition_mode"":""manual_url"",""normalized_at"":""2026-06-17T12:10:16.502Z"",""warnings"":[]}",false,false,,unknown,,media_context,contract_or_responsibility_dispute,unknown,unknown,unknown,unknown,bridge,neutral,media_context_reader,32
sgv1_bae3c1d9a44dff0a61f37408,donglu_sunjihai_youth_football_202606,hupu,local_collector_record,manual_url,external_agent_assisted,source_url_provided_unverified,medium_low,0.45,review_needed,comment,,,??????????????????????? ??02-08?,zh-CN,https://bbs.hupu.com/search?q=%E8%91%A3%E8%B7%AF%20%E5%AD%99%E7%BB%A7%E6%B5%B7%20%E9%9D%92%E8%AE%AD&sample=02,https://bbs.hupu.com/search?q=%E8%91%A3%E8%B7%AF%20%E5%AD%99%E7%BB%A7%E6%B5%B7%20%E9%9D%92%E8%AE%AD&sample=02,src_hupu_02,,2026-06-11T16:00:00.000Z,2026-06-17T12:10:16.499Z,,sha256_platform_case_salt,unknown,true,true,,16,10,0,0,sha256:42f6acf6cb90123da2ed0d4047578cc2fac9ed6e738b13c7ebbbe7139aaae6e2,sha256:42f6acf6cb90123da2ed0d4047578cc2fac9ed6e738b13c7ebbbe7139aaae6e2,sha256:31636df55fef6b8e2314e7787b54b8b61347db48d6fff3cef3f38d034b8503ae,dup_1af7e95624e5a6ace8e2,1,[],public,public,manual_comment_sample,Selected public sample only. Not full-platform coverage. Not full-web coverage. Not full-thread coverage.,"{""asset_id"":""local-snapshot-src_hupu_02-comment-26-8"",""run_id"":"""",""task_id"":"""",""source_path"":"""",""record_type"":""comment"",""field_score"":0,""keyword"":"""",""entity_ids"":[]}","{""normalized_from"":""opencrawler_local_asset"",""source_record_id"":""local-snapshot-src_hupu_02-comment-26-8"",""source_type"":""local_collector_record"",""acquisition_mode"":""manual_url"",""normalized_at"":""2026-06-17T12:10:16.502Z"",""warnings"":[]}",false,false,,unknown,,extreme_attack_or_trolling,public_response,unknown,unknown,unknown,unknown,isolated_extreme,anger,isolated_extreme_cluster,36
sgv1_626ecf902012545f25340bc8,donglu_sunjihai_youth_football_202606,hupu,local_collector_record,manual_url,external_agent_assisted,source_url_provided_unverified,medium_low,0.45,review_needed,comment,,,???????????????? ??02-09?,zh-CN,https://bbs.hupu.com/search?q=%E8%91%A3%E8%B7%AF%20%E5%AD%99%E7%BB%A7%E6%B5%B7%20%E9%9D%92%E8%AE%AD&sample=02,https://bbs.hupu.com/search?q=%E8%91%A3%E8%B7%AF%20%E5%AD%99%E7%BB%A7%E6%B5%B7%20%E9%9D%92%E8%AE%AD&sample=02,src_hupu_02,,2026-06-12T17:00:00.000Z,2026-06-17T12:10:16.499Z,,sha256_platform_case_salt,unknown,true,true,,18,11,0,0,sha256:c3737c95677e44812e0ce88bdc6adfc3f8a2be8a4469f22d55d603a72adca98e,sha256:c3737c95677e44812e0ce88bdc6adfc3f8a2be8a4469f22d55d603a72adca98e,sha256:31636df55fef6b8e2314e7787b54b8b61347db48d6fff3cef3f38d034b8503ae,dup_6c7249aa7e3c3aff3d8b,1,[],public,public,manual_comment_sample,Selected public sample only. Not full-platform coverage. Not full-web coverage. Not full-thread coverage.,"{""asset_id"":""local-snapshot-src_hupu_02-comment-26-9"",""run_id"":"""",""task_id"":"""",""source_path"":"""",""record_type"":""comment"",""field_score"":0,""keyword"":"""",""entity_ids"":[]}","{""normalized_from"":""opencrawler_local_asset"",""source_record_id"":""local-snapshot-src_hupu_02-comment-26-9"",""source_type"":""local_collector_record"",""acquisition_mode"":""manual_url"",""normalized_at"":""2026-06-17T12:10:16.502Z"",""warnings"":[]}",false,false,,unknown,,unknown,media_reframing,unknown,unknown,unknown,unknown,unknown,unknown,unknown,40
sgv1_4b0ea2040e05c62b7bd46d24,donglu_sunjihai_youth_football_202606,hupu,local_collector_record,manual_url,external_agent_assisted,source_url_provided_unverified,medium_low,0.45,review_needed,comment,,,???????????????????????? ??02-10?,zh-CN,https://bbs.hupu.com/search?q=%E8%91%A3%E8%B7%AF%20%E5%AD%99%E7%BB%A7%E6%B5%B7%20%E9%9D%92%E8%AE%AD&sample=02,https://bbs.hupu.com/search?q=%E8%91%A3%E8%B7%AF%20%E5%AD%99%E7%BB%A7%E6%B5%B7%20%E9%9D%92%E8%AE%AD&sample=02,src_hupu_02,,2026-06-13T18:00:00.000Z,2026-06-17T12:10:16.499Z,,sha256_platform_case_salt,unknown,true,true,,20,12,0,0,sha256:51a16c0d6b5bf73599218f766b3695b795e37d5295a5ce3e4c1746c03580e2b2,sha256:51a16c0d6b5bf73599218f766b3695b795e37d5295a5ce3e4c1746c03580e2b2,sha256:31636df55fef6b8e2314e7787b54b8b61347db48d6fff3cef3f38d034b8503ae,dup_9f63cce7358fec6f7a2c,1,[],public,public,manual_comment_sample,Selected public sample only. Not full-platform coverage. Not full-web coverage. Not full-thread coverage.,"{""asset_id"":""local-snapshot-src_hupu_02-comment-26-10"",""run_id"":"""",""task_id"":"""",""source_path"":"""",""record_type"":""comment"",""field_score"":0,""keyword"":"""",""entity_ids"":[]}","{""normalized_from"":""opencrawler_local_asset"",""source_record_id"":""local-snapshot-src_hupu_02-comment-26-10"",""source_type"":""local_collector_record"",""acquisition_mode"":""manual_url"",""normalized_at"":""2026-06-17T12:10:16.502Z"",""warnings"":[]}",false,false,,unknown,,support_donglu_view,fan_community_reaction,unknown,unknown,unknown,unknown,core_support,curiosity,route_supporter_donglu,44
sgv1_f513957f3d90ccf54cb3e8b4,donglu_sunjihai_youth_football_202606,hupu,local_collector_record,manual_url,external_agent_assisted,source_url_provided_unverified,medium_low,0.45,review_needed,comment,,,??????????????????????????? ??02-11?,zh-CN,https://bbs.hupu.com/search?q=%E8%91%A3%E8%B7%AF%20%E5%AD%99%E7%BB%A7%E6%B5%B7%20%E9%9D%92%E8%AE%AD&sample=02,https://bbs.hupu.com/search?q=%E8%91%A3%E8%B7%AF%20%E5%AD%99%E7%BB%A7%E6%B5%B7%20%E9%9D%92%E8%AE%AD&sample=02,src_hupu_02,,2026-06-14T19:00:00.000Z,2026-06-17T12:10:16.499Z,,sha256_platform_case_salt,unknown,true,true,,22,13,0,0,sha256:46ca9dbe430534ba8f4521c3faf5cb703bafaf05ad9492425f17085292095010,sha256:46ca9dbe430534ba8f4521c3faf5cb703bafaf05ad9492425f17085292095010,sha256:31636df55fef6b8e2314e7787b54b8b61347db48d6fff3cef3f38d034b8503ae,dup_cfee569e0c1f22c7f1e2,1,[],public,public,manual_comment_sample,Selected public sample only. Not full-platform coverage. Not full-web coverage. Not full-thread coverage.,"{""asset_id"":""local-snapshot-src_hupu_02-comment-26-11"",""run_id"":"""",""task_id"":"""",""source_path"":"""",""record_type"":""comment"",""field_score"":0,""keyword"":"""",""entity_ids"":[]}","{""normalized_from"":""opencrawler_local_asset"",""source_record_id"":""local-snapshot-src_hupu_02-comment-26-11"",""source_type"":""local_collector_record"",""acquisition_mode"":""manual_url"",""normalized_at"":""2026-06-17T12:10:16.502Z"",""warnings"":[]}",false,false,,unknown,,support_sunjihai_view,children_protection_boundary,unknown,unknown,unknown,unknown,core_support,curiosity,route_supporter_sunjihai,48
sgv1_0213ca9ffc35ffb5c6572a4e,donglu_sunjihai_youth_football_202606,hupu,local_collector_record,manual_url,external_agent_assisted,source_url_provided_unverified,medium_low,0.45,review_needed,comment,,,??????????????????? ??02-12?,zh-CN,https://bbs.hupu.com/search?q=%E8%91%A3%E8%B7%AF%20%E5%AD%99%E7%BB%A7%E6%B5%B7%20%E9%9D%92%E8%AE%AD&sample=02,https://bbs.hupu.com/search?q=%E8%91%A3%E8%B7%AF%20%E5%AD%99%E7%BB%A7%E6%B5%B7%20%E9%9D%92%E8%AE%AD&sample=02,src_hupu_02,,2026-06-01T20:00:00.000Z,2026-06-17T12:10:16.499Z,,sha256_platform_case_salt,unknown,true,true,,24,14,0,0,sha256:ef0ce4e6455298ac301d7d50217e750f8553550c9be5b12aa9fa89fbba76d05e,sha256:ef0ce4e6455298ac301d7d50217e750f8553550c9be5b12aa9fa89fbba76d05e,sha256:31636df55fef6b8e2314e7787b54b8b61347db48d6fff3cef3f38d034b8503ae,dup_6d1a9d0fe4cbf6fccc79,1,[],public,public,manual_comment_sample,Selected public sample only. Not full-platform coverage. Not full-web coverage. Not full-thread coverage.,"{""asset_id"":""local-snapshot-src_hupu_02-comment-26-12"",""run_id"":"""",""task_id"":"""",""source_path"":"""",""record_type"":""comment"",""field_score"":0,""keyword"":"""",""entity_ids"":[]}","{""normalized_from"":""opencrawler_local_asset"",""source_record_id"":""local-snapshot-src_hupu_02-comment-26-12"",""source_type"":""local_collector_record"",""acquisition_mode"":""manual_url"",""normalized_at"":""2026-06-17T12:10:16.502Z"",""warnings"":[]}",false,false,,unknown,,neutral_process_focused,chinese_football_reputation,unknown,unknown,unknown,unknown,bridge,neutral,process_observer,52
sgv1_9864de5f9b9ee2814b4f963d,donglu_sunjihai_youth_football_202606,hupu,local_collector_record,manual_url,external_agent_assisted,source_url_provided_unverified,medium_low,0.45,review_needed,comment,,,??????????????????????????? ??02-13?,zh-CN,https://bbs.hupu.com/search?q=%E8%91%A3%E8%B7%AF%20%E5%AD%99%E7%BB%A7%E6%B5%B7%20%E9%9D%92%E8%AE%AD&sample=02,https://bbs.hupu.com/search?q=%E8%91%A3%E8%B7%AF%20%E5%AD%99%E7%BB%A7%E6%B5%B7%20%E9%9D%92%E8%AE%AD&sample=02,src_hupu_02,,2026-06-02T21:00:00.000Z,2026-06-17T12:10:16.499Z,,sha256_platform_case_salt,unknown,true,true,,26,15,0,0,sha256:99bf65aa207954691a75709e149a0977cf7c8d3230804aad8c292cf54d9568a3,sha256:99bf65aa207954691a75709e149a0977cf7c8d3230804aad8c292cf54d9568a3,sha256:31636df55fef6b8e2314e7787b54b8b61347db48d6fff3cef3f38d034b8503ae,dup_d15c934eb4d0b3e93fa1,1,[],public,public,manual_comment_sample,Selected public sample only. Not full-platform coverage. Not full-web coverage. Not full-thread coverage.,"{""asset_id"":""local-snapshot-src_hupu_02-comment-26-13"",""run_id"":"""",""task_id"":"""",""source_path"":"""",""record_type"":""comment"",""field_score"":0,""keyword"":"""",""entity_ids"":[]}","{""normalized_from"":""opencrawler_local_asset"",""source_record_id"":""local-snapshot-src_hupu_02-comment-26-13"",""source_type"":""local_collector_record"",""acquisition_mode"":""manual_url"",""normalized_at"":""2026-06-17T12:10:16.502Z"",""warnings"":[]}",false,false,,unknown,,youth_training_concern,platform_discussion,unknown,unknown,unknown,unknown,neutral,concern,youth_training_concern_cluster,56
sgv1_c71e3675759c0708dd69150f,donglu_sunjihai_youth_football_202606,hupu,local_collector_record,manual_url,external_agent_assisted,source_url_provided_unverified,medium_low,0.45,review_needed,comment,,,????????????????????? ??02-14?,zh-CN,https://bbs.hupu.com/search?q=%E8%91%A3%E8%B7%AF%20%E5%AD%99%E7%BB%A7%E6%B5%B7%20%E9%9D%92%E8%AE%AD&sample=02,https://bbs.hupu.com/search?q=%E8%91%A3%E8%B7%AF%20%E5%AD%99%E7%BB%A7%E6%B5%B7%20%E9%9D%92%E8%AE%AD&sample=02,src_hupu_02,,2026-06-03T22:00:00.000Z,2026-06-17T12:10:16.499Z,,sha256_platform_case_salt,unknown,true,true,,28,16,0,0,sha256:20575f2c220b8728c9cb83b1083a7a483861eb9e6fd945b3c517748a82d7958e,sha256:20575f2c220b8728c9cb83b1083a7a483861eb9e6fd945b3c517748a82d7958e,sha256:31636df55fef6b8e2314e7787b54b8b61347db48d6fff3cef3f38d034b8503ae,dup_4776dc3c9a41b4bbb814,1,[],public,public,manual_comment_sample,Selected public sample only. Not full-platform coverage. Not full-web coverage. Not full-thread coverage.,"{""asset_id"":""local-snapshot-src_hupu_02-comment-26-14"",""run_id"":"""",""task_id"":"""",""source_path"":"""",""record_type"":""comment"",""field_score"":0,""keyword"":"""",""entity_ids"":[]}","{""normalized_from"":""opencrawler_local_asset"",""source_record_id"":""local-snapshot-src_hupu_02-comment-26-14"",""source_type"":""local_collector_record"",""acquisition_mode"":""manual_url"",""normalized_at"":""2026-06-17T12:10:16.502Z"",""warnings"":[]}",false,false,,unknown,,anti_conflict_fatigue,extreme_cluster_or_trolling,unknown,unknown,unknown,unknown,fatigue,fatigue,fatigue_cluster,60
sgv1_7d86955acc47f52e1766cc24,donglu_sunjihai_youth_football_202606,hupu,local_collector_record,manual_url,external_agent_assisted,source_url_provided_unverified,medium_low,0.45,review_needed,comment,,,?????????????????????? ??02-15?,zh-CN,https://bbs.hupu.com/search?q=%E8%91%A3%E8%B7%AF%20%E5%AD%99%E7%BB%A7%E6%B5%B7%20%E9%9D%92%E8%AE%AD&sample=02,https://bbs.hupu.com/search?q=%E8%91%A3%E8%B7%AF%20%E5%AD%99%E7%BB%A7%E6%B5%B7%20%E9%9D%92%E8%AE%AD&sample=02,src_hupu_02,,2026-06-04T23:00:00.000Z,2026-06-17T12:10:16.499Z,,sha256_platform_case_salt,unknown,true,true,,30,17,0,0,sha256:198929fbb9a9ef2bf11147dba7c552da04efbf152d6e696db334d597291a6dc7,sha256:198929fbb9a9ef2bf11147dba7c552da04efbf152d6e696db334d597291a6dc7,sha256:31636df55fef6b8e2314e7787b54b8b61347db48d6fff3cef3f38d034b8503ae,dup_e844a5d3ef5ff95bf643,1,[],public,public,manual_comment_sample,Selected public sample only. Not full-platform coverage. Not full-web coverage. Not full-thread coverage.,"{""asset_id"":""local-snapshot-src_hupu_02-comment-26-15"",""run_id"":"""",""task_id"":"""",""source_path"":"""",""record_type"":""comment"",""field_score"":0,""keyword"":"""",""entity_ids"":[]}","{""normalized_from"":""opencrawler_local_asset"",""source_record_id"":""local-snapshot-src_hupu_02-comment-26-15"",""source_type"":""local_collector_record"",""acquisition_mode"":""manual_url"",""normalized_at"":""2026-06-17T12:10:16.502Z"",""warnings"":[]}",false,false,,unknown,,media_context,unknown,unknown,unknown,unknown,unknown,bridge,neutral,media_context_reader,64
sgv1_5d733a8447eb89d0ce524d4f,donglu_sunjihai_youth_football_202606,hupu,local_collector_record,manual_url,external_agent_assisted,source_url_provided_unverified,medium_low,0.45,review_needed,comment,,,??????????????????????? ??02-16?,zh-CN,https://bbs.hupu.com/search?q=%E8%91%A3%E8%B7%AF%20%E5%AD%99%E7%BB%A7%E6%B5%B7%20%E9%9D%92%E8%AE%AD&sample=02,https://bbs.hupu.com/search?q=%E8%91%A3%E8%B7%AF%20%E5%AD%99%E7%BB%A7%E6%B5%B7%20%E9%9D%92%E8%AE%AD&sample=02,src_hupu_02,,2026-06-05T00:00:00.000Z,2026-06-17T12:10:16.499Z,,sha256_platform_case_salt,unknown,true,true,,32,0,0,0,sha256:5056ad2a0f12f82ebc60805b2b0e54a7c5bacda11c7741a8110d380e519081a9,sha256:5056ad2a0f12f82ebc60805b2b0e54a7c5bacda11c7741a8110d380e519081a9,sha256:31636df55fef6b8e2314e7787b54b8b61347db48d6fff3cef3f38d034b8503ae,dup_6fe99d9f9138761883a0,1,[],public,public,manual_comment_sample,Selected public sample only. Not full-platform coverage. Not full-web coverage. Not full-thread coverage.,"{""asset_id"":""local-snapshot-src_hupu_02-comment-26-16"",""run_id"":"""",""task_id"":"""",""source_path"":"""",""record_type"":""comment"",""field_score"":0,""keyword"":"""",""entity_ids"":[]}","{""normalized_from"":""opencrawler_local_asset"",""source_record_id"":""local-snapshot-src_hupu_02-comment-26-16"",""source_type"":""local_collector_record"",""acquisition_mode"":""manual_url"",""normalized_at"":""2026-06-17T12:10:16.502Z"",""warnings"":[]}",false,false,,unknown,,extreme_attack_or_trolling,youth_training_model,unknown,unknown,unknown,unknown,isolated_extreme,anger,isolated_extreme_cluster,32
sgv1_3bad03ff344a74a47fc83aa3,donglu_sunjihai_youth_football_202606,hupu,local_collector_record,manual_url,external_agent_assisted,source_url_provided_unverified,medium_low,0.45,review_needed,comment,,,????????????????? ??02-17?,zh-CN,https://bbs.hupu.com/search?q=%E8%91%A3%E8%B7%AF%20%E5%AD%99%E7%BB%A7%E6%B5%B7%20%E9%9D%92%E8%AE%AD&sample=02,https://bbs.hupu.com/search?q=%E8%91%A3%E8%B7%AF%20%E5%AD%99%E7%BB%A7%E6%B5%B7%20%E9%9D%92%E8%AE%AD&sample=02,src_hupu_02,,2026-06-06T01:00:00.000Z,2026-06-17T12:10:16.499Z,,sha256_platform_case_salt,unknown,true,true,,34,1,0,0,sha256:2ffce843ba9103bb707a024060506193ffed2ebd639813f8292fb96de4518e41,sha256:2ffce843ba9103bb707a024060506193ffed2ebd639813f8292fb96de4518e41,sha256:31636df55fef6b8e2314e7787b54b8b61347db48d6fff3cef3f38d034b8503ae,dup_7c4c2cb583620e6b13d2,1,[],public,public,manual_comment_sample,Selected public sample only. Not full-platform coverage. Not full-web coverage. Not full-thread coverage.,"{""asset_id"":""local-snapshot-src_hupu_02-comment-26-17"",""run_id"":"""",""task_id"":"""",""source_path"":"""",""record_type"":""comment"",""field_score"":0,""keyword"":"""",""entity_ids"":[]}","{""normalized_from"":""opencrawler_local_asset"",""source_record_id"":""local-snapshot-src_hupu_02-comment-26-17"",""source_type"":""local_collector_record"",""acquisition_mode"":""manual_url"",""normalized_at"":""2026-06-17T12:10:16.502Z"",""warnings"":[]}",false,false,,unknown,,unknown,contract_or_responsibility_dispute,unknown,unknown,unknown,unknown,unknown,unknown,unknown,36
sgv1_67d721b0e2b89ab48efeb645,donglu_sunjihai_youth_football_202606,hupu,local_collector_record,manual_url,external_agent_assisted,source_url_provided_unverified,medium_low,0.45,review_needed,comment,,,???????????????????????? ??02-18?,zh-CN,https://bbs.hupu.com/search?q=%E8%91%A3%E8%B7%AF%20%E5%AD%99%E7%BB%A7%E6%B5%B7%20%E9%9D%92%E8%AE%AD&sample=02,https://bbs.hupu.com/search?q=%E8%91%A3%E8%B7%AF%20%E5%AD%99%E7%BB%A7%E6%B5%B7%20%E9%9D%92%E8%AE%AD&sample=02,src_hupu_02,,2026-06-07T02:00:00.000Z,2026-06-17T12:10:16.499Z,,sha256_platform_case_salt,unknown,true,true,,36,2,0,0,sha256:0943a9a43eed3bf2f3469622c01598892dfaa27c2720b34954c5cb4855b7475e,sha256:0943a9a43eed3bf2f3469622c01598892dfaa27c2720b34954c5cb4855b7475e,sha256:31636df55fef6b8e2314e7787b54b8b61347db48d6fff3cef3f38d034b8503ae,dup_9f2c0e328ca8291d40e4,1,[],public,public,manual_comment_sample,Selected public sample only. Not full-platform coverage. Not full-web coverage. Not full-thread coverage.,"{""asset_id"":""local-snapshot-src_hupu_02-comment-26-18"",""run_id"":"""",""task_id"":"""",""source_path"":"""",""record_type"":""comment"",""field_score"":0,""keyword"":"""",""entity_ids"":[]}","{""normalized_from"":""opencrawler_local_asset"",""source_record_id"":""local-snapshot-src_hupu_02-comment-26-18"",""source_type"":""local_collector_record"",""acquisition_mode"":""manual_url"",""normalized_at"":""2026-06-17T12:10:16.502Z"",""warnings"":[]}",false,false,,unknown,,support_donglu_view,public_response,unknown,unknown,unknown,unknown,core_support,curiosity,route_supporter_donglu,40
sgv1_9a15f0832a2711175c1198e1,donglu_sunjihai_youth_football_202606,hupu,local_collector_record,manual_url,external_agent_assisted,source_url_provided_unverified,medium_low,0.45,review_needed,comment,,,?????????????????????????? ??02-19?,zh-CN,https://bbs.hupu.com/search?q=%E8%91%A3%E8%B7%AF%20%E5%AD%99%E7%BB%A7%E6%B5%B7%20%E9%9D%92%E8%AE%AD&sample=02,https://bbs.hupu.com/search?q=%E8%91%A3%E8%B7%AF%20%E5%AD%99%E7%BB%A7%E6%B5%B7%20%E9%9D%92%E8%AE%AD&sample=02,src_hupu_02,,2026-06-08T03:00:00.000Z,2026-06-17T12:10:16.499Z,,sha256_platform_case_salt,unknown,true,true,,38,3,0,0,sha256:c1313f5b1ed17b640337c522abd99bf43d346e490e1d1f5018a2ec2b794e7414,sha256:c1313f5b1ed17b640337c522abd99bf43d346e490e1d1f5018a2ec2b794e7414,sha256:31636df55fef6b8e2314e7787b54b8b61347db48d6fff3cef3f38d034b8503ae,dup_f2cdb99af0a513393752,1,[],public,public,manual_comment_sample,Selected public sample only. Not full-platform coverage. Not full-web coverage. Not full-thread coverage.,"{""asset_id"":""local-snapshot-src_hupu_02-comment-26-19"",""run_id"":"""",""task_id"":"""",""source_path"":"""",""record_type"":""comment"",""field_score"":0,""keyword"":"""",""entity_ids"":[]}","{""normalized_from"":""opencrawler_local_asset"",""source_record_id"":""local-snapshot-src_hupu_02-comment-26-19"",""source_type"":""local_collector_record"",""acquisition_mode"":""manual_url"",""normalized_at"":""2026-06-17T12:10:16.502Z"",""warnings"":[]}",false,false,,unknown,,support_sunjihai_view,media_reframing,unknown,unknown,unknown,unknown,core_support,curiosity,route_supporter_sunjihai,44
sgv1_e5820aceb236eafe9fde71dc,donglu_sunjihai_youth_football_202606,hupu,local_collector_record,manual_url,external_agent_assisted,source_url_provided_unverified,medium_low,0.45,review_needed,comment,,,???????????????????????????? ??02-20?,zh-CN,https://bbs.hupu.com/search?q=%E8%91%A3%E8%B7%AF%20%E5%AD%99%E7%BB%A7%E6%B5%B7%20%E9%9D%92%E8%AE%AD&sample=02,https://bbs.hupu.com/search?q=%E8%91%A3%E8%B7%AF%20%E5%AD%99%E7%BB%A7%E6%B5%B7%20%E9%9D%92%E8%AE%AD&sample=02,src_hupu_02,,2026-06-09T04:00:00.000Z,2026-06-17T12:10:16.499Z,,sha256_platform_case_salt,unknown,true,true,,40,4,0,0,sha256:3bbcbb44d4c1d268e35081cf60babc0b39faf5ef9c39d139a30a6464958b8036,sha256:3bbcbb44d4c1d268e35081cf60babc0b39faf5ef9c39d139a30a6464958b8036,sha256:31636df55fef6b8e2314e7787b54b8b61347db48d6fff3cef3f38d034b8503ae,dup_ed182405fc38a82855f0,1,[],public,public,manual_comment_sample,Selected public sample only. Not full-platform coverage. Not full-web coverage. Not full-thread coverage.,"{""asset_id"":""local-snapshot-src_hupu_02-comment-26-20"",""run_id"":"""",""task_id"":"""",""source_path"":"""",""record_type"":""comment"",""field_score"":0,""keyword"":"""",""entity_ids"":[]}","{""normalized_from"":""opencrawler_local_asset"",""source_record_id"":""local-snapshot-src_hupu_02-comment-26-20"",""source_type"":""local_collector_record"",""acquisition_mode"":""manual_url"",""normalized_at"":""2026-06-17T12:10:16.502Z"",""warnings"":[]}",false,false,,unknown,,neutral_process_focused,fan_community_reaction,unknown,unknown,unknown,unknown,bridge,neutral,process_observer,48
sgv1_2a25a682f895bfc13d6e7753,donglu_sunjihai_youth_football_202606,hupu,local_collector_record,manual_url,external_agent_assisted,source_url_provided_unverified,medium_low,0.45,review_needed,comment,,,??????????????????????????? ??03-01?,zh-CN,https://bbs.hupu.com/search?q=%E8%91%A3%E8%B7%AF%20%E5%AD%99%E7%BB%A7%E6%B5%B7%20%E9%9D%92%E8%AE%AD&sample=03,https://bbs.hupu.com/search?q=%E8%91%A3%E8%B7%AF%20%E5%AD%99%E7%BB%A7%E6%B5%B7%20%E9%9D%92%E8%AE%AD&sample=03,src_hupu_03,,2026-06-05T09:00:00.000Z,2026-06-17T12:10:16.499Z,,sha256_platform_case_salt,unknown,true,true,,3,4,0,0,sha256:38d2803db1b99baab4cc2cf10a845285650a51efee123f4037ea9b406e2d79e0,sha256:38d2803db1b99baab4cc2cf10a845285650a51efee123f4037ea9b406e2d79e0,sha256:da98092cad1cbd2909ccda6ba707a2ec8e6676ed46c7f6209865a48ac5db91ce,dup_2a8cdcd4d8f23f61d107,1,[],public,public,manual_comment_sample,Selected public sample only. Not full-platform coverage. Not full-web coverage. Not full-thread coverage.,"{""asset_id"":""local-snapshot-src_hupu_03-comment-27-1"",""run_id"":"""",""task_id"":"""",""source_path"":"""",""record_type"":""comment"",""field_score"":0,""keyword"":"""",""entity_ids"":[]}","{""normalized_from"":""opencrawler_local_asset"",""source_record_id"":""local-snapshot-src_hupu_03-comment-27-1"",""source_type"":""local_collector_record"",""acquisition_mode"":""manual_url"",""normalized_at"":""2026-06-17T12:10:16.502Z"",""warnings"":[]}",false,false,,unknown,,support_donglu_view,platform_discussion,unknown,unknown,unknown,unknown,core_support,curiosity,route_supporter_donglu,11
sgv1_bb36163869aff5fd0f5cf886,donglu_sunjihai_youth_football_202606,hupu,local_collector_record,manual_url,external_agent_assisted,source_url_provided_unverified,medium_low,0.45,review_needed,comment,,,?????????????????????? ??03-02?,zh-CN,https://bbs.hupu.com/search?q=%E8%91%A3%E8%B7%AF%20%E5%AD%99%E7%BB%A7%E6%B5%B7%20%E9%9D%92%E8%AE%AD&sample=03,https://bbs.hupu.com/search?q=%E8%91%A3%E8%B7%AF%20%E5%AD%99%E7%BB%A7%E6%B5%B7%20%E9%9D%92%E8%AE%AD&sample=03,src_hupu_03,,2026-06-06T10:00:00.000Z,2026-06-17T12:10:16.499Z,,sha256_platform_case_salt,unknown,true,true,,6,5,0,0,sha256:7425eba06010eaa1bad900c6be38aecea148704a783b2fc4c16b4661434d657a,sha256:7425eba06010eaa1bad900c6be38aecea148704a783b2fc4c16b4661434d657a,sha256:da98092cad1cbd2909ccda6ba707a2ec8e6676ed46c7f6209865a48ac5db91ce,dup_222138a1f44ebc244aa5,1,[],public,public,manual_comment_sample,Selected public sample only. Not full-platform coverage. Not full-web coverage. Not full-thread coverage.,"{""asset_id"":""local-snapshot-src_hupu_03-comment-27-2"",""run_id"":"""",""task_id"":"""",""source_path"":"""",""record_type"":""comment"",""field_score"":0,""keyword"":"""",""entity_ids"":[]}","{""normalized_from"":""opencrawler_local_asset"",""source_record_id"":""local-snapshot-src_hupu_03-comment-27-2"",""source_type"":""local_collector_record"",""acquisition_mode"":""manual_url"",""normalized_at"":""2026-06-17T12:10:16.502Z"",""warnings"":[]}",false,false,,unknown,,support_sunjihai_view,extreme_cluster_or_trolling,unknown,unknown,unknown,unknown,core_support,curiosity,route_supporter_sunjihai,16
sgv1_1368d6ccbdbe101e8150b270,donglu_sunjihai_youth_football_202606,hupu,local_collector_record,manual_url,external_agent_assisted,source_url_provided_unverified,medium_low,0.45,review_needed,comment,,,??????????????????????????? ??03-03?,zh-CN,https://bbs.hupu.com/search?q=%E8%91%A3%E8%B7%AF%20%E5%AD%99%E7%BB%A7%E6%B5%B7%20%E9%9D%92%E8%AE%AD&sample=03,https://bbs.hupu.com/search?q=%E8%91%A3%E8%B7%AF%20%E5%AD%99%E7%BB%A7%E6%B5%B7%20%E9%9D%92%E8%AE%AD&sample=03,src_hupu_03,,2026-06-07T11:00:00.000Z,2026-06-17T12:10:16.499Z,,sha256_platform_case_salt,unknown,true,true,,9,6,0,0,sha256:d60294410ea4e69b31ac9427f3cfaef1363b0082a7b94e9eae5490b16feb9cee,sha256:d60294410ea4e69b31ac9427f3cfaef1363b0082a7b94e9eae5490b16feb9cee,sha256:da98092cad1cbd2909ccda6ba707a2ec8e6676ed46c7f6209865a48ac5db91ce,dup_315a84984973ad712677,1,[],public,public,manual_comment_sample,Selected public sample only. Not full-platform coverage. Not full-web coverage. Not full-thread coverage.,"{""asset_id"":""local-snapshot-src_hupu_03-comment-27-3"",""run_id"":"""",""task_id"":"""",""source_path"":"""",""record_type"":""comment"",""field_score"":0,""keyword"":"""",""entity_ids"":[]}","{""normalized_from"":""opencrawler_local_asset"",""source_record_id"":""local-snapshot-src_hupu_03-comment-27-3"",""source_type"":""local_collector_record"",""acquisition_mode"":""manual_url"",""normalized_at"":""2026-06-17T12:10:16.502Z"",""warnings"":[]}",false,false,,unknown,,neutral_process_focused,unknown,unknown,unknown,unknown,unknown,bridge,neutral,process_observer,21
sgv1_ab654134abbe903001e4ae24,donglu_sunjihai_youth_football_202606,hupu,local_collector_record,manual_url,external_agent_assisted,source_url_provided_unverified,medium_low,0.45,review_needed,comment,,,?????????????????????????? ??03-04?,zh-CN,https://bbs.hupu.com/search?q=%E8%91%A3%E8%B7%AF%20%E5%AD%99%E7%BB%A7%E6%B5%B7%20%E9%9D%92%E8%AE%AD&sample=03,https://bbs.hupu.com/search?q=%E8%91%A3%E8%B7%AF%20%E5%AD%99%E7%BB%A7%E6%B5%B7%20%E9%9D%92%E8%AE%AD&sample=03,src_hupu_03,,2026-06-08T12:00:00.000Z,2026-06-17T12:10:16.499Z,,sha256_platform_case_salt,unknown,true,true,,12,7,0,0,sha256:573239e10a71c2c4ea01423e11e4afade5fc884cf3adba35a027cdc04fb99ced,sha256:573239e10a71c2c4ea01423e11e4afade5fc884cf3adba35a027cdc04fb99ced,sha256:da98092cad1cbd2909ccda6ba707a2ec8e6676ed46c7f6209865a48ac5db91ce,dup_f765a37cf6b30c4a6462,1,[],public,public,manual_comment_sample,Selected public sample only. Not full-platform coverage. Not full-web coverage. Not full-thread coverage.,"{""asset_id"":""local-snapshot-src_hupu_03-comment-27-4"",""run_id"":"""",""task_id"":"""",""source_path"":"""",""record_type"":""comment"",""field_score"":0,""keyword"":"""",""entity_ids"":[]}","{""normalized_from"":""opencrawler_local_asset"",""source_record_id"":""local-snapshot-src_hupu_03-comment-27-4"",""source_type"":""local_collector_record"",""acquisition_mode"":""manual_url"",""normalized_at"":""2026-06-17T12:10:16.502Z"",""warnings"":[]}",false,false,,unknown,,youth_training_concern,youth_training_model,unknown,unknown,unknown,unknown,neutral,concern,youth_training_concern_cluster,26
sgv1_a7f4daef1b3fd90b2830501a,donglu_sunjihai_youth_football_202606,hupu,local_collector_record,manual_url,external_agent_assisted,source_url_provided_unverified,medium_low,0.45,review_needed,comment,,,?????????????????????? ??03-05?,zh-CN,https://bbs.hupu.com/search?q=%E8%91%A3%E8%B7%AF%20%E5%AD%99%E7%BB%A7%E6%B5%B7%20%E9%9D%92%E8%AE%AD&sample=03,https://bbs.hupu.com/search?q=%E8%91%A3%E8%B7%AF%20%E5%AD%99%E7%BB%A7%E6%B5%B7%20%E9%9D%92%E8%AE%AD&sample=03,src_hupu_03,,2026-06-09T13:00:00.000Z,2026-06-17T12:10:16.499Z,,sha256_platform_case_salt,unknown,true,true,,15,8,0,0,sha256:0df6c744619e290f2bbef0cdd6d0e29732d92c1a4c0a38b6cf952353b220f7bb,sha256:0df6c744619e290f2bbef0cdd6d0e29732d92c1a4c0a38b6cf952353b220f7bb,sha256:da98092cad1cbd2909ccda6ba707a2ec8e6676ed46c7f6209865a48ac5db91ce,dup_a1aa35c1a14d586d7062,1,[],public,public,manual_comment_sample,Selected public sample only. Not full-platform coverage. Not full-web coverage. Not full-thread coverage.,"{""asset_id"":""local-snapshot-src_hupu_03-comment-27-5"",""run_id"":"""",""task_id"":"""",""source_path"":"""",""record_type"":""comment"",""field_score"":0,""keyword"":"""",""entity_ids"":[]}","{""normalized_from"":""opencrawler_local_asset"",""source_record_id"":""local-snapshot-src_hupu_03-comment-27-5"",""source_type"":""local_collector_record"",""acquisition_mode"":""manual_url"",""normalized_at"":""2026-06-17T12:10:16.502Z"",""warnings"":[]}",false,false,,unknown,,anti_conflict_fatigue,contract_or_responsibility_dispute,unknown,unknown,unknown,unknown,fatigue,fatigue,fatigue_cluster,31
sgv1_b2c4a93a3bfc36b3174b5beb,donglu_sunjihai_youth_football_202606,hupu,local_collector_record,manual_url,external_agent_assisted,source_url_provided_unverified,medium_low,0.45,review_needed,comment,,,???????????????????????? ??03-06?,zh-CN,https://bbs.hupu.com/search?q=%E8%91%A3%E8%B7%AF%20%E5%AD%99%E7%BB%A7%E6%B5%B7%20%E9%9D%92%E8%AE%AD&sample=03,https://bbs.hupu.com/search?q=%E8%91%A3%E8%B7%AF%20%E5%AD%99%E7%BB%A7%E6%B5%B7%20%E9%9D%92%E8%AE%AD&sample=03,src_hupu_03,,2026-06-10T14:00:00.000Z,2026-06-17T12:10:16.499Z,,sha256_platform_case_salt,unknown,true,true,,18,9,0,0,sha256:c2d7c6aa3555b2de2450523be34b20afa5894cf71ca272642f50de5a8910a1ef,sha256:c2d7c6aa3555b2de2450523be34b20afa5894cf71ca272642f50de5a8910a1ef,sha256:da98092cad1cbd2909ccda6ba707a2ec8e6676ed46c7f6209865a48ac5db91ce,dup_89a933790554e0f3e2d4,1,[],public,public,manual_comment_sample,Selected public sample only. Not full-platform coverage. Not full-web coverage. Not full-thread coverage.,"{""asset_id"":""local-snapshot-src_hupu_03-comment-27-6"",""run_id"":"""",""task_id"":"""",""source_path"":"""",""record_type"":""comment"",""field_score"":0,""keyword"":"""",""entity_ids"":[]}","{""normalized_from"":""opencrawler_local_asset"",""source_record_id"":""local-snapshot-src_hupu_03-comment-27-6"",""source_type"":""local_collector_record"",""acquisition_mode"":""manual_url"",""normalized_at"":""2026-06-17T12:10:16.502Z"",""warnings"":[]}",false,false,,unknown,,media_context,public_response,unknown,unknown,unknown,unknown,bridge,neutral,media_context_reader,36
sgv1_111f89517b567439a6a8efce,donglu_sunjihai_youth_football_202606,hupu,local_collector_record,manual_url,external_agent_assisted,source_url_provided_unverified,medium_low,0.45,review_needed,comment,,,??????????????????????? ??03-07?,zh-CN,https://bbs.hupu.com/search?q=%E8%91%A3%E8%B7%AF%20%E5%AD%99%E7%BB%A7%E6%B5%B7%20%E9%9D%92%E8%AE%AD&sample=03,https://bbs.hupu.com/search?q=%E8%91%A3%E8%B7%AF%20%E5%AD%99%E7%BB%A7%E6%B5%B7%20%E9%9D%92%E8%AE%AD&sample=03,src_hupu_03,,2026-06-11T15:00:00.000Z,2026-06-17T12:10:16.499Z,,sha256_platform_case_salt,unknown,true,true,,21,10,0,0,sha256:7e25eefbc8d5d8f5f4868474e9a3df4d41d4a1156a61d8a94aff08577a124f7d,sha256:7e25eefbc8d5d8f5f4868474e9a3df4d41d4a1156a61d8a94aff08577a124f7d,sha256:da98092cad1cbd2909ccda6ba707a2ec8e6676ed46c7f6209865a48ac5db91ce,dup_b8031fbeb1fa7268c3d0,1,[],public,public,manual_comment_sample,Selected public sample only. Not full-platform coverage. Not full-web coverage. Not full-thread coverage.,"{""asset_id"":""local-snapshot-src_hupu_03-comment-27-7"",""run_id"":"""",""task_id"":"""",""source_path"":"""",""record_type"":""comment"",""field_score"":0,""keyword"":"""",""entity_ids"":[]}","{""normalized_from"":""opencrawler_local_asset"",""source_record_id"":""local-snapshot-src_hupu_03-comment-27-7"",""source_type"":""local_collector_record"",""acquisition_mode"":""manual_url"",""normalized_at"":""2026-06-17T12:10:16.502Z"",""warnings"":[]}",false,false,,unknown,,extreme_attack_or_trolling,media_reframing,unknown,unknown,unknown,unknown,isolated_extreme,anger,isolated_extreme_cluster,41
sgv1_fb828f060f23d7b70792b59d,donglu_sunjihai_youth_football_202606,hupu,local_collector_record,manual_url,external_agent_assisted,source_url_provided_unverified,medium_low,0.45,review_needed,comment,,,???????????????? ??03-08?,zh-CN,https://bbs.hupu.com/search?q=%E8%91%A3%E8%B7%AF%20%E5%AD%99%E7%BB%A7%E6%B5%B7%20%E9%9D%92%E8%AE%AD&sample=03,https://bbs.hupu.com/search?q=%E8%91%A3%E8%B7%AF%20%E5%AD%99%E7%BB%A7%E6%B5%B7%20%E9%9D%92%E8%AE%AD&sample=03,src_hupu_03,,2026-06-12T16:00:00.000Z,2026-06-17T12:10:16.499Z,,sha256_platform_case_salt,unknown,true,true,,24,11,0,0,sha256:d185ce1a3aa62a55e2796ba1d89cda5a989886bd30b85c9742aedb54f20d25d6,sha256:d185ce1a3aa62a55e2796ba1d89cda5a989886bd30b85c9742aedb54f20d25d6,sha256:da98092cad1cbd2909ccda6ba707a2ec8e6676ed46c7f6209865a48ac5db91ce,dup_96de887151d8f69679e1,1,[],public,public,manual_comment_sample,Selected public sample only. Not full-platform coverage. Not full-web coverage. Not full-thread coverage.,"{""asset_id"":""local-snapshot-src_hupu_03-comment-27-8"",""run_id"":"""",""task_id"":"""",""source_path"":"""",""record_type"":""comment"",""field_score"":0,""keyword"":"""",""entity_ids"":[]}","{""normalized_from"":""opencrawler_local_asset"",""source_record_id"":""local-snapshot-src_hupu_03-comment-27-8"",""source_type"":""local_collector_record"",""acquisition_mode"":""manual_url"",""normalized_at"":""2026-06-17T12:10:16.502Z"",""warnings"":[]}",false,false,,unknown,,unknown,fan_community_reaction,unknown,unknown,unknown,unknown,unknown,unknown,unknown,46
sgv1_a297c092d1a03def0283caca,donglu_sunjihai_youth_football_202606,hupu,local_collector_record,manual_url,external_agent_assisted,source_url_provided_unverified,medium_low,0.45,review_needed,comment,,,???????????????????????? ??03-09?,zh-CN,https://bbs.hupu.com/search?q=%E8%91%A3%E8%B7%AF%20%E5%AD%99%E7%BB%A7%E6%B5%B7%20%E9%9D%92%E8%AE%AD&sample=03,https://bbs.hupu.com/search?q=%E8%91%A3%E8%B7%AF%20%E5%AD%99%E7%BB%A7%E6%B5%B7%20%E9%9D%92%E8%AE%AD&sample=03,src_hupu_03,,2026-06-13T17:00:00.000Z,2026-06-17T12:10:16.499Z,,sha256_platform_case_salt,unknown,true,true,,27,12,0,0,sha256:952c71eb14b1f87689b6c62f4ad0d315b94f4e1f14e7797748e1500f13fcf02e,sha256:952c71eb14b1f87689b6c62f4ad0d315b94f4e1f14e7797748e1500f13fcf02e,sha256:da98092cad1cbd2909ccda6ba707a2ec8e6676ed46c7f6209865a48ac5db91ce,dup_e2e19faa8f825141d24a,1,[],public,public,manual_comment_sample,Selected public sample only. Not full-platform coverage. Not full-web coverage. Not full-thread coverage.,"{""asset_id"":""local-snapshot-src_hupu_03-comment-27-9"",""run_id"":"""",""task_id"":"""",""source_path"":"""",""record_type"":""comment"",""field_score"":0,""keyword"":"""",""entity_ids"":[]}","{""normalized_from"":""opencrawler_local_asset"",""source_record_id"":""local-snapshot-src_hupu_03-comment-27-9"",""source_type"":""local_collector_record"",""acquisition_mode"":""manual_url"",""normalized_at"":""2026-06-17T12:10:16.502Z"",""warnings"":[]}",false,false,,unknown,,support_donglu_view,children_protection_boundary,unknown,unknown,unknown,unknown,core_support,curiosity,route_supporter_donglu,51
sgv1_9e2a67ec2e142f22ca17a2aa,donglu_sunjihai_youth_football_202606,hupu,local_collector_record,manual_url,external_agent_assisted,source_url_provided_unverified,medium_low,0.45,review_needed,comment,,,??????????????????????????? ??03-10?,zh-CN,https://bbs.hupu.com/search?q=%E8%91%A3%E8%B7%AF%20%E5%AD%99%E7%BB%A7%E6%B5%B7%20%E9%9D%92%E8%AE%AD&sample=03,https://bbs.hupu.com/search?q=%E8%91%A3%E8%B7%AF%20%E5%AD%99%E7%BB%A7%E6%B5%B7%20%E9%9D%92%E8%AE%AD&sample=03,src_hupu_03,,2026-06-14T18:00:00.000Z,2026-06-17T12:10:16.499Z,,sha256_platform_case_salt,unknown,true,true,,30,13,0,0,sha256:4ff78cad404be7be44851e39c0c9c12391fd1effd68b41448a7fb459d2851b63,sha256:4ff78cad404be7be44851e39c0c9c12391fd1effd68b41448a7fb459d2851b63,sha256:da98092cad1cbd2909ccda6ba707a2ec8e6676ed46c7f6209865a48ac5db91ce,dup_65dfa27698a40a7d7e43,1,[],public,public,manual_comment_sample,Selected public sample only. Not full-platform coverage. Not full-web coverage. Not full-thread coverage.,"{""asset_id"":""local-snapshot-src_hupu_03-comment-27-10"",""run_id"":"""",""task_id"":"""",""source_path"":"""",""record_type"":""comment"",""field_score"":0,""keyword"":"""",""entity_ids"":[]}","{""normalized_from"":""opencrawler_local_asset"",""source_record_id"":""local-snapshot-src_hupu_03-comment-27-10"",""source_type"":""local_collector_record"",""acquisition_mode"":""manual_url"",""normalized_at"":""2026-06-17T12:10:16.502Z"",""warnings"":[]}",false,false,,unknown,,support_sunjihai_view,chinese_football_reputation,unknown,unknown,unknown,unknown,core_support,curiosity,route_supporter_sunjihai,56
sgv1_f85753b75ec399b6ebe27ec5,donglu_sunjihai_youth_football_202606,hupu,local_collector_record,manual_url,external_agent_assisted,source_url_provided_unverified,medium_low,0.45,review_needed,comment,,,??????????????????? ??03-11?,zh-CN,https://bbs.hupu.com/search?q=%E8%91%A3%E8%B7%AF%20%E5%AD%99%E7%BB%A7%E6%B5%B7%20%E9%9D%92%E8%AE%AD&sample=03,https://bbs.hupu.com/search?q=%E8%91%A3%E8%B7%AF%20%E5%AD%99%E7%BB%A7%E6%B5%B7%20%E9%9D%92%E8%AE%AD&sample=03,src_hupu_03,,2026-06-01T19:00:00.000Z,2026-06-17T12:10:16.499Z,,sha256_platform_case_salt,unknown,true,true,,33,14,0,0,sha256:bf74e92431e45ec8cf0aa5d7144cf0150de6fb40c4f6372be0cfdbd3f419c51d,sha256:bf74e92431e45ec8cf0aa5d7144cf0150de6fb40c4f6372be0cfdbd3f419c51d,sha256:da98092cad1cbd2909ccda6ba707a2ec8e6676ed46c7f6209865a48ac5db91ce,dup_50f8a9fb19b12f74ecb1,1,[],public,public,manual_comment_sample,Selected public sample only. Not full-platform coverage. Not full-web coverage. Not full-thread coverage.,"{""asset_id"":""local-snapshot-src_hupu_03-comment-27-11"",""run_id"":"""",""task_id"":"""",""source_path"":"""",""record_type"":""comment"",""field_score"":0,""keyword"":"""",""entity_ids"":[]}","{""normalized_from"":""opencrawler_local_asset"",""source_record_id"":""local-snapshot-src_hupu_03-comment-27-11"",""source_type"":""local_collector_record"",""acquisition_mode"":""manual_url"",""normalized_at"":""2026-06-17T12:10:16.502Z"",""warnings"":[]}",false,false,,unknown,,neutral_process_focused,platform_discussion,unknown,unknown,unknown,unknown,bridge,neutral,process_observer,61
sgv1_cd69eb389a790c42db137a85,donglu_sunjihai_youth_football_202606,hupu,local_collector_record,manual_url,external_agent_assisted,source_url_provided_unverified,medium_low,0.45,review_needed,comment,,,??????????????????????????? ??03-12?,zh-CN,https://bbs.hupu.com/search?q=%E8%91%A3%E8%B7%AF%20%E5%AD%99%E7%BB%A7%E6%B5%B7%20%E9%9D%92%E8%AE%AD&sample=03,https://bbs.hupu.com/search?q=%E8%91%A3%E8%B7%AF%20%E5%AD%99%E7%BB%A7%E6%B5%B7%20%E9%9D%92%E8%AE%AD&sample=03,src_hupu_03,,2026-06-02T20:00:00.000Z,2026-06-17T12:10:16.499Z,,sha256_platform_case_salt,unknown,true,true,,36,15,0,0,sha256:a8c9641e61d5435c90328637ca46209c4045eb2efa1e272e7b492aab1fdbd7df,sha256:a8c9641e61d5435c90328637ca46209c4045eb2efa1e272e7b492aab1fdbd7df,sha256:da98092cad1cbd2909ccda6ba707a2ec8e6676ed46c7f6209865a48ac5db91ce,dup_dad833280746c23e6d89,1,[],public,public,manual_comment_sample,Selected public sample only. Not full-platform coverage. Not full-web coverage. Not full-thread coverage.,"{""asset_id"":""local-snapshot-src_hupu_03-comment-27-12"",""run_id"":"""",""task_id"":"""",""source_path"":"""",""record_type"":""comment"",""field_score"":0,""keyword"":"""",""entity_ids"":[]}","{""normalized_from"":""opencrawler_local_asset"",""source_record_id"":""local-snapshot-src_hupu_03-comment-27-12"",""source_type"":""local_collector_record"",""acquisition_mode"":""manual_url"",""normalized_at"":""2026-06-17T12:10:16.502Z"",""warnings"":[]}",false,false,,unknown,,youth_training_concern,extreme_cluster_or_trolling,unknown,unknown,unknown,unknown,neutral,concern,youth_training_concern_cluster,66
sgv1_c74a8e190f9796c95f0f7f3c,donglu_sunjihai_youth_football_202606,hupu,local_collector_record,manual_url,external_agent_assisted,source_url_provided_unverified,medium_low,0.45,review_needed,comment,,,????????????????????? ??03-13?,zh-CN,https://bbs.hupu.com/search?q=%E8%91%A3%E8%B7%AF%20%E5%AD%99%E7%BB%A7%E6%B5%B7%20%E9%9D%92%E8%AE%AD&sample=03,https://bbs.hupu.com/search?q=%E8%91%A3%E8%B7%AF%20%E5%AD%99%E7%BB%A7%E6%B5%B7%20%E9%9D%92%E8%AE%AD&sample=03,src_hupu_03,,2026-06-03T21:00:00.000Z,2026-06-17T12:10:16.499Z,,sha256_platform_case_salt,unknown,true,true,,39,16,0,0,sha256:3e0f82ce119a1e0f64867295b23bcbfbb52e680b0d7bbbbd9150539f579ab117,sha256:3e0f82ce119a1e0f64867295b23bcbfbb52e680b0d7bbbbd9150539f579ab117,sha256:da98092cad1cbd2909ccda6ba707a2ec8e6676ed46c7f6209865a48ac5db91ce,dup_6b8e25871069450b9d31,1,[],public,public,manual_comment_sample,Selected public sample only. Not full-platform coverage. Not full-web coverage. Not full-thread coverage.,"{""asset_id"":""local-snapshot-src_hupu_03-comment-27-13"",""run_id"":"""",""task_id"":"""",""source_path"":"""",""record_type"":""comment"",""field_score"":0,""keyword"":"""",""entity_ids"":[]}","{""normalized_from"":""opencrawler_local_asset"",""source_record_id"":""local-snapshot-src_hupu_03-comment-27-13"",""source_type"":""local_collector_record"",""acquisition_mode"":""manual_url"",""normalized_at"":""2026-06-17T12:10:16.502Z"",""warnings"":[]}",false,false,,unknown,,anti_conflict_fatigue,unknown,unknown,unknown,unknown,unknown,fatigue,fatigue,fatigue_cluster,71
sgv1_abf6b82526cee872034e0b94,donglu_sunjihai_youth_football_202606,hupu,local_collector_record,manual_url,external_agent_assisted,source_url_provided_unverified,medium_low,0.45,review_needed,comment,,,?????????????????????? ??03-14?,zh-CN,https://bbs.hupu.com/search?q=%E8%91%A3%E8%B7%AF%20%E5%AD%99%E7%BB%A7%E6%B5%B7%20%E9%9D%92%E8%AE%AD&sample=03,https://bbs.hupu.com/search?q=%E8%91%A3%E8%B7%AF%20%E5%AD%99%E7%BB%A7%E6%B5%B7%20%E9%9D%92%E8%AE%AD&sample=03,src_hupu_03,,2026-06-04T22:00:00.000Z,2026-06-17T12:10:16.499Z,,sha256_platform_case_salt,unknown,true,true,,42,17,0,0,sha256:0e24426e0dbb05f0dd47cf928d2df969c1854385eca4d8f3829013057f6fd37f,sha256:0e24426e0dbb05f0dd47cf928d2df969c1854385eca4d8f3829013057f6fd37f,sha256:da98092cad1cbd2909ccda6ba707a2ec8e6676ed46c7f6209865a48ac5db91ce,dup_7430235b79ad6e978f2a,1,[],public,public,manual_comment_sample,Selected public sample only. Not full-platform coverage. Not full-web coverage. Not full-thread coverage.,"{""asset_id"":""local-snapshot-src_hupu_03-comment-27-14"",""run_id"":"""",""task_id"":"""",""source_path"":"""",""record_type"":""comment"",""field_score"":0,""keyword"":"""",""entity_ids"":[]}","{""normalized_from"":""opencrawler_local_asset"",""source_record_id"":""local-snapshot-src_hupu_03-comment-27-14"",""source_type"":""local_collector_record"",""acquisition_mode"":""manual_url"",""normalized_at"":""2026-06-17T12:10:16.502Z"",""warnings"":[]}",false,false,,unknown,,media_context,youth_training_model,unknown,unknown,unknown,unknown,bridge,neutral,media_context_reader,76
sgv1_78de05e47b5b9bf567728f0b,donglu_sunjihai_youth_football_202606,hupu,local_collector_record,manual_url,external_agent_assisted,source_url_provided_unverified,medium_low,0.45,review_needed,comment,,,??????????????????????? ??03-15?,zh-CN,https://bbs.hupu.com/search?q=%E8%91%A3%E8%B7%AF%20%E5%AD%99%E7%BB%A7%E6%B5%B7%20%E9%9D%92%E8%AE%AD&sample=03,https://bbs.hupu.com/search?q=%E8%91%A3%E8%B7%AF%20%E5%AD%99%E7%BB%A7%E6%B5%B7%20%E9%9D%92%E8%AE%AD&sample=03,src_hupu_03,,2026-06-05T23:00:00.000Z,2026-06-17T12:10:16.499Z,,sha256_platform_case_salt,unknown,true,true,,45,0,0,0,sha256:364bd3830c8cc91c67e70b7a10da379c0241b1642cf979ff890dc2cd45eb654e,sha256:364bd3830c8cc91c67e70b7a10da379c0241b1642cf979ff890dc2cd45eb654e,sha256:da98092cad1cbd2909ccda6ba707a2ec8e6676ed46c7f6209865a48ac5db91ce,dup_98e6d16bac9eac7f6154,1,[],public,public,manual_comment_sample,Selected public sample only. Not full-platform coverage. Not full-web coverage. Not full-thread coverage.,"{""asset_id"":""local-snapshot-src_hupu_03-comment-27-15"",""run_id"":"""",""task_id"":"""",""source_path"":"""",""record_type"":""comment"",""field_score"":0,""keyword"":"""",""entity_ids"":[]}","{""normalized_from"":""opencrawler_local_asset"",""source_record_id"":""local-snapshot-src_hupu_03-comment-27-15"",""source_type"":""local_collector_record"",""acquisition_mode"":""manual_url"",""normalized_at"":""2026-06-17T12:10:16.502Z"",""warnings"":[]}",false,false,,unknown,,extreme_attack_or_trolling,contract_or_responsibility_dispute,unknown,unknown,unknown,unknown,isolated_extreme,anger,isolated_extreme_cluster,45
sgv1_a47feb7dc1cf531a5f90f4e0,donglu_sunjihai_youth_football_202606,hupu,local_collector_record,manual_url,external_agent_assisted,source_url_provided_unverified,medium_low,0.45,review_needed,comment,,,????????????????? ??03-16?,zh-CN,https://bbs.hupu.com/search?q=%E8%91%A3%E8%B7%AF%20%E5%AD%99%E7%BB%A7%E6%B5%B7%20%E9%9D%92%E8%AE%AD&sample=03,https://bbs.hupu.com/search?q=%E8%91%A3%E8%B7%AF%20%E5%AD%99%E7%BB%A7%E6%B5%B7%20%E9%9D%92%E8%AE%AD&sample=03,src_hupu_03,,2026-06-06T00:00:00.000Z,2026-06-17T12:10:16.499Z,,sha256_platform_case_salt,unknown,true,true,,48,1,0,0,sha256:e3ddb8719d72abc6ef70d31634fa3bbbdd6872ed51c934b9ead8523a31d39183,sha256:e3ddb8719d72abc6ef70d31634fa3bbbdd6872ed51c934b9ead8523a31d39183,sha256:da98092cad1cbd2909ccda6ba707a2ec8e6676ed46c7f6209865a48ac5db91ce,dup_04e2f3ab4c2ea485232e,1,[],public,public,manual_comment_sample,Selected public sample only. Not full-platform coverage. Not full-web coverage. Not full-thread coverage.,"{""asset_id"":""local-snapshot-src_hupu_03-comment-27-16"",""run_id"":"""",""task_id"":"""",""source_path"":"""",""record_type"":""comment"",""field_score"":0,""keyword"":"""",""entity_ids"":[]}","{""normalized_from"":""opencrawler_local_asset"",""source_record_id"":""local-snapshot-src_hupu_03-comment-27-16"",""source_type"":""local_collector_record"",""acquisition_mode"":""manual_url"",""normalized_at"":""2026-06-17T12:10:16.502Z"",""warnings"":[]}",false,false,,unknown,,unknown,public_response,unknown,unknown,unknown,unknown,unknown,unknown,unknown,50
sgv1_e069a53040cbb5bed6f79aee,donglu_sunjihai_youth_football_202606,hupu,local_collector_record,manual_url,external_agent_assisted,source_url_provided_unverified,medium_low,0.45,review_needed,comment,,,???????????????????????? ??03-17?,zh-CN,https://bbs.hupu.com/search?q=%E8%91%A3%E8%B7%AF%20%E5%AD%99%E7%BB%A7%E6%B5%B7%20%E9%9D%92%E8%AE%AD&sample=03,https://bbs.hupu.com/search?q=%E8%91%A3%E8%B7%AF%20%E5%AD%99%E7%BB%A7%E6%B5%B7%20%E9%9D%92%E8%AE%AD&sample=03,src_hupu_03,,2026-06-07T01:00:00.000Z,2026-06-17T12:10:16.499Z,,sha256_platform_case_salt,unknown,true,true,,51,2,0,0,sha256:a3c123d874861d68878459271788fdf4732c7ec98c81962bea7c4406cfe8f6b3,sha256:a3c123d874861d68878459271788fdf4732c7ec98c81962bea7c4406cfe8f6b3,sha256:da98092cad1cbd2909ccda6ba707a2ec8e6676ed46c7f6209865a48ac5db91ce,dup_37d10056aacbcb7730e3,1,[],public,public,manual_comment_sample,Selected public sample only. Not full-platform coverage. Not full-web coverage. Not full-thread coverage.,"{""asset_id"":""local-snapshot-src_hupu_03-comment-27-17"",""run_id"":"""",""task_id"":"""",""source_path"":"""",""record_type"":""comment"",""field_score"":0,""keyword"":"""",""entity_ids"":[]}","{""normalized_from"":""opencrawler_local_asset"",""source_record_id"":""local-snapshot-src_hupu_03-comment-27-17"",""source_type"":""local_collector_record"",""acquisition_mode"":""manual_url"",""normalized_at"":""2026-06-17T12:10:16.502Z"",""warnings"":[]}",false,false,,unknown,,support_donglu_view,media_reframing,unknown,unknown,unknown,unknown,core_support,curiosity,route_supporter_donglu,55
sgv1_8527d6d76146c206bc7362c3,donglu_sunjihai_youth_football_202606,hupu,local_collector_record,manual_url,external_agent_assisted,source_url_provided_unverified,medium_low,0.45,review_needed,comment,,,?????????????????????????? ??03-18?,zh-CN,https://bbs.hupu.com/search?q=%E8%91%A3%E8%B7%AF%20%E5%AD%99%E7%BB%A7%E6%B5%B7%20%E9%9D%92%E8%AE%AD&sample=03,https://bbs.hupu.com/search?q=%E8%91%A3%E8%B7%AF%20%E5%AD%99%E7%BB%A7%E6%B5%B7%20%E9%9D%92%E8%AE%AD&sample=03,src_hupu_03,,2026-06-08T02:00:00.000Z,2026-06-17T12:10:16.499Z,,sha256_platform_case_salt,unknown,true,true,,54,3,0,0,sha256:5189bfe9bf682ae5e9292c0390a49975d6c724335be889a4e2b0a3a2dae4f1cf,sha256:5189bfe9bf682ae5e9292c0390a49975d6c724335be889a4e2b0a3a2dae4f1cf,sha256:da98092cad1cbd2909ccda6ba707a2ec8e6676ed46c7f6209865a48ac5db91ce,dup_d3d6f8bbd7f9032bb63c,1,[],public,public,manual_comment_sample,Selected public sample only. Not full-platform coverage. Not full-web coverage. Not full-thread coverage.,"{""asset_id"":""local-snapshot-src_hupu_03-comment-27-18"",""run_id"":"""",""task_id"":"""",""source_path"":"""",""record_type"":""comment"",""field_score"":0,""keyword"":"""",""entity_ids"":[]}","{""normalized_from"":""opencrawler_local_asset"",""source_record_id"":""local-snapshot-src_hupu_03-comment-27-18"",""source_type"":""local_collector_record"",""acquisition_mode"":""manual_url"",""normalized_at"":""2026-06-17T12:10:16.502Z"",""warnings"":[]}",false,false,,unknown,,support_sunjihai_view,fan_community_reaction,unknown,unknown,unknown,unknown,core_support,curiosity,route_supporter_sunjihai,60
sgv1_186ab011b4461df65204fbfa,donglu_sunjihai_youth_football_202606,hupu,local_collector_record,manual_url,external_agent_assisted,source_url_provided_unverified,medium_low,0.45,review_needed,comment,,,???????????????????????????? ??03-19?,zh-CN,https://bbs.hupu.com/search?q=%E8%91%A3%E8%B7%AF%20%E5%AD%99%E7%BB%A7%E6%B5%B7%20%E9%9D%92%E8%AE%AD&sample=03,https://bbs.hupu.com/search?q=%E8%91%A3%E8%B7%AF%20%E5%AD%99%E7%BB%A7%E6%B5%B7%20%E9%9D%92%E8%AE%AD&sample=03,src_hupu_03,,2026-06-09T03:00:00.000Z,2026-06-17T12:10:16.499Z,,sha256_platform_case_salt,unknown,true,true,,57,4,0,0,sha256:9bdb7c25670d7904f23293f259905ed99ef558296fce1451bf9dcaf4031558c4,sha256:9bdb7c25670d7904f23293f259905ed99ef558296fce1451bf9dcaf4031558c4,sha256:da98092cad1cbd2909ccda6ba707a2ec8e6676ed46c7f6209865a48ac5db91ce,dup_2df52315a258e5468939,1,[],public,public,manual_comment_sample,Selected public sample only. Not full-platform coverage. Not full-web coverage. Not full-thread coverage.,"{""asset_id"":""local-snapshot-src_hupu_03-comment-27-19"",""run_id"":"""",""task_id"":"""",""source_path"":"""",""record_type"":""comment"",""field_score"":0,""keyword"":"""",""entity_ids"":[]}","{""normalized_from"":""opencrawler_local_asset"",""source_record_id"":""local-snapshot-src_hupu_03-comment-27-19"",""source_type"":""local_collector_record"",""acquisition_mode"":""manual_url"",""normalized_at"":""2026-06-17T12:10:16.502Z"",""warnings"":[]}",false,false,,unknown,,neutral_process_focused,children_protection_boundary,unknown,unknown,unknown,unknown,bridge,neutral,process_observer,65
sgv1_4a36725e57876c177601d70b,donglu_sunjihai_youth_football_202606,hupu,local_collector_record,manual_url,external_agent_assisted,source_url_provided_unverified,medium_low,0.45,review_needed,comment,,,?????????????????????? ??03-20?,zh-CN,https://bbs.hupu.com/search?q=%E8%91%A3%E8%B7%AF%20%E5%AD%99%E7%BB%A7%E6%B5%B7%20%E9%9D%92%E8%AE%AD&sample=03,https://bbs.hupu.com/search?q=%E8%91%A3%E8%B7%AF%20%E5%AD%99%E7%BB%A7%E6%B5%B7%20%E9%9D%92%E8%AE%AD&sample=03,src_hupu_03,,2026-06-10T04:00:00.000Z,2026-06-17T12:10:16.499Z,,sha256_platform_case_salt,unknown,true,true,,60,5,0,0,sha256:06fd262a6f12677766fc5aa6c62bbeacc4fd7c288ae27198e1f8673a5f04a4c0,sha256:06fd262a6f12677766fc5aa6c62bbeacc4fd7c288ae27198e1f8673a5f04a4c0,sha256:da98092cad1cbd2909ccda6ba707a2ec8e6676ed46c7f6209865a48ac5db91ce,dup_d7a8a9b792c00cff9c61,1,[],public,public,manual_comment_sample,Selected public sample only. Not full-platform coverage. Not full-web coverage. Not full-thread coverage.,"{""asset_id"":""local-snapshot-src_hupu_03-comment-27-20"",""run_id"":"""",""task_id"":"""",""source_path"":"""",""record_type"":""comment"",""field_score"":0,""keyword"":"""",""entity_ids"":[]}","{""normalized_from"":""opencrawler_local_asset"",""source_record_id"":""local-snapshot-src_hupu_03-comment-27-20"",""source_type"":""local_collector_record"",""acquisition_mode"":""manual_url"",""normalized_at"":""2026-06-17T12:10:16.502Z"",""warnings"":[]}",false,false,,unknown,,youth_training_concern,chinese_football_reputation,unknown,unknown,unknown,unknown,neutral,concern,youth_training_concern_cluster,70
sgv1_23f16ea1d624d7e2f8bb3747,donglu_sunjihai_youth_football_202606,hupu,local_collector_record,manual_url,external_agent_assisted,source_url_provided_unverified,medium_low,0.45,review_needed,comment,,,?????????????????????? ??04-01?,zh-CN,https://bbs.hupu.com/search?q=%E8%91%A3%E8%B7%AF%20%E5%AD%99%E7%BB%A7%E6%B5%B7%20%E9%9D%92%E8%AE%AD&sample=04,https://bbs.hupu.com/search?q=%E8%91%A3%E8%B7%AF%20%E5%AD%99%E7%BB%A7%E6%B5%B7%20%E9%9D%92%E8%AE%AD&sample=04,src_hupu_04,,2026-06-06T09:00:00.000Z,2026-06-17T12:10:16.500Z,,sha256_platform_case_salt,unknown,true,true,,4,5,0,0,sha256:1c34b60093b01a27d62cc4acc65a0ac578fb68a40aa052009e7318cfab51db1a,sha256:1c34b60093b01a27d62cc4acc65a0ac578fb68a40aa052009e7318cfab51db1a,sha256:957d6e0a2bfe01d1a984d508bc24a0b65ada3095d26ee0aab5aeb8f61ff759c1,dup_7a81248a0575f092ba69,1,[],public,public,manual_comment_sample,Selected public sample only. Not full-platform coverage. Not full-web coverage. Not full-thread coverage.,"{""asset_id"":""local-snapshot-src_hupu_04-comment-28-1"",""run_id"":"""",""task_id"":"""",""source_path"":"""",""record_type"":""comment"",""field_score"":0,""keyword"":"""",""entity_ids"":[]}","{""normalized_from"":""opencrawler_local_asset"",""source_record_id"":""local-snapshot-src_hupu_04-comment-28-1"",""source_type"":""local_collector_record"",""acquisition_mode"":""manual_url"",""normalized_at"":""2026-06-17T12:10:16.502Z"",""warnings"":[]}",false,false,,unknown,,support_sunjihai_view,unknown,unknown,unknown,unknown,unknown,core_support,curiosity,route_supporter_sunjihai,14
sgv1_09a26459d20e548b13498b25,donglu_sunjihai_youth_football_202606,hupu,local_collector_record,manual_url,external_agent_assisted,source_url_provided_unverified,medium_low,0.45,review_needed,comment,,,??????????????????????????? ??04-02?,zh-CN,https://bbs.hupu.com/search?q=%E8%91%A3%E8%B7%AF%20%E5%AD%99%E7%BB%A7%E6%B5%B7%20%E9%9D%92%E8%AE%AD&sample=04,https://bbs.hupu.com/search?q=%E8%91%A3%E8%B7%AF%20%E5%AD%99%E7%BB%A7%E6%B5%B7%20%E9%9D%92%E8%AE%AD&sample=04,src_hupu_04,,2026-06-07T10:00:00.000Z,2026-06-17T12:10:16.500Z,,sha256_platform_case_salt,unknown,true,true,,8,6,0,0,sha256:bd5725a5e5516ed94df224cc79f24db056444da29bc262769f36c4259a18b3bc,sha256:bd5725a5e5516ed94df224cc79f24db056444da29bc262769f36c4259a18b3bc,sha256:957d6e0a2bfe01d1a984d508bc24a0b65ada3095d26ee0aab5aeb8f61ff759c1,dup_d5cecf873f242b69a52c,1,[],public,public,manual_comment_sample,Selected public sample only. Not full-platform coverage. Not full-web coverage. Not full-thread coverage.,"{""asset_id"":""local-snapshot-src_hupu_04-comment-28-2"",""run_id"":"""",""task_id"":"""",""source_path"":"""",""record_type"":""comment"",""field_score"":0,""keyword"":"""",""entity_ids"":[]}","{""normalized_from"":""opencrawler_local_asset"",""source_record_id"":""local-snapshot-src_hupu_04-comment-28-2"",""source_type"":""local_collector_record"",""acquisition_mode"":""manual_url"",""normalized_at"":""2026-06-17T12:10:16.502Z"",""warnings"":[]}",false,false,,unknown,,neutral_process_focused,youth_training_model,unknown,unknown,unknown,unknown,bridge,neutral,process_observer,20
sgv1_615de9f2ef450ff1f9460381,donglu_sunjihai_youth_football_202606,hupu,local_collector_record,manual_url,external_agent_assisted,source_url_provided_unverified,medium_low,0.45,review_needed,comment,,,?????????????????????????? ??04-03?,zh-CN,https://bbs.hupu.com/search?q=%E8%91%A3%E8%B7%AF%20%E5%AD%99%E7%BB%A7%E6%B5%B7%20%E9%9D%92%E8%AE%AD&sample=04,https://bbs.hupu.com/search?q=%E8%91%A3%E8%B7%AF%20%E5%AD%99%E7%BB%A7%E6%B5%B7%20%E9%9D%92%E8%AE%AD&sample=04,src_hupu_04,,2026-06-08T11:00:00.000Z,2026-06-17T12:10:16.500Z,,sha256_platform_case_salt,unknown,true,true,,12,7,0,0,sha256:93dfa39a31dd07ddfa8597d87cfd978f482888bfc5fd5b3d563ff59cb2694da3,sha256:93dfa39a31dd07ddfa8597d87cfd978f482888bfc5fd5b3d563ff59cb2694da3,sha256:957d6e0a2bfe01d1a984d508bc24a0b65ada3095d26ee0aab5aeb8f61ff759c1,dup_f6e867502724c50ef2c3,1,[],public,public,manual_comment_sample,Selected public sample only. Not full-platform coverage. Not full-web coverage. Not full-thread coverage.,"{""asset_id"":""local-snapshot-src_hupu_04-comment-28-3"",""run_id"":"""",""task_id"":"""",""source_path"":"""",""record_type"":""comment"",""field_score"":0,""keyword"":"""",""entity_ids"":[]}","{""normalized_from"":""opencrawler_local_asset"",""source_record_id"":""local-snapshot-src_hupu_04-comment-28-3"",""source_type"":""local_collector_record"",""acquisition_mode"":""manual_url"",""normalized_at"":""2026-06-17T12:10:16.502Z"",""warnings"":[]}",false,false,,unknown,,youth_training_concern,contract_or_responsibility_dispute,unknown,unknown,unknown,unknown,neutral,concern,youth_training_concern_cluster,26
sgv1_b0a8d3efcac3aa32caef2206,donglu_sunjihai_youth_football_202606,hupu,local_collector_record,manual_url,external_agent_assisted,source_url_provided_unverified,medium_low,0.45,review_needed,comment,,,?????????????????????? ??04-04?,zh-CN,https://bbs.hupu.com/search?q=%E8%91%A3%E8%B7%AF%20%E5%AD%99%E7%BB%A7%E6%B5%B7%20%E9%9D%92%E8%AE%AD&sample=04,https://bbs.hupu.com/search?q=%E8%91%A3%E8%B7%AF%20%E5%AD%99%E7%BB%A7%E6%B5%B7%20%E9%9D%92%E8%AE%AD&sample=04,src_hupu_04,,2026-06-09T12:00:00.000Z,2026-06-17T12:10:16.500Z,,sha256_platform_case_salt,unknown,true,true,,16,8,0,0,sha256:0122a11ed91bcea2198ba63b0565a867336065eb1efa14c2e75ef4387d917c1b,sha256:0122a11ed91bcea2198ba63b0565a867336065eb1efa14c2e75ef4387d917c1b,sha256:957d6e0a2bfe01d1a984d508bc24a0b65ada3095d26ee0aab5aeb8f61ff759c1,dup_8ecf3372a70a6ef65754,1,[],public,public,manual_comment_sample,Selected public sample only. Not full-platform coverage. Not full-web coverage. Not full-thread coverage.,"{""asset_id"":""local-snapshot-src_hupu_04-comment-28-4"",""run_id"":"""",""task_id"":"""",""source_path"":"""",""record_type"":""comment"",""field_score"":0,""keyword"":"""",""entity_ids"":[]}","{""normalized_from"":""opencrawler_local_asset"",""source_record_id"":""local-snapshot-src_hupu_04-comment-28-4"",""source_type"":""local_collector_record"",""acquisition_mode"":""manual_url"",""normalized_at"":""2026-06-17T12:10:16.502Z"",""warnings"":[]}",false,false,,unknown,,anti_conflict_fatigue,public_response,unknown,unknown,unknown,unknown,fatigue,fatigue,fatigue_cluster,32
sgv1_b41c14f9d3567834e3760a0d,donglu_sunjihai_youth_football_202606,hupu,local_collector_record,manual_url,external_agent_assisted,source_url_provided_unverified,medium_low,0.45,review_needed,comment,,,???????????????????????? ??04-05?,zh-CN,https://bbs.hupu.com/search?q=%E8%91%A3%E8%B7%AF%20%E5%AD%99%E7%BB%A7%E6%B5%B7%20%E9%9D%92%E8%AE%AD&sample=04,https://bbs.hupu.com/search?q=%E8%91%A3%E8%B7%AF%20%E5%AD%99%E7%BB%A7%E6%B5%B7%20%E9%9D%92%E8%AE%AD&sample=04,src_hupu_04,,2026-06-10T13:00:00.000Z,2026-06-17T12:10:16.500Z,,sha256_platform_case_salt,unknown,true,true,,20,9,0,0,sha256:00c66fb26365fc37702bc3cd92b99c2a29169a97546588abfd56e86bfbdf973b,sha256:00c66fb26365fc37702bc3cd92b99c2a29169a97546588abfd56e86bfbdf973b,sha256:957d6e0a2bfe01d1a984d508bc24a0b65ada3095d26ee0aab5aeb8f61ff759c1,dup_ce12897c38055365621e,1,[],public,public,manual_comment_sample,Selected public sample only. Not full-platform coverage. Not full-web coverage. Not full-thread coverage.,"{""asset_id"":""local-snapshot-src_hupu_04-comment-28-5"",""run_id"":"""",""task_id"":"""",""source_path"":"""",""record_type"":""comment"",""field_score"":0,""keyword"":"""",""entity_ids"":[]}","{""normalized_from"":""opencrawler_local_asset"",""source_record_id"":""local-snapshot-src_hupu_04-comment-28-5"",""source_type"":""local_collector_record"",""acquisition_mode"":""manual_url"",""normalized_at"":""2026-06-17T12:10:16.502Z"",""warnings"":[]}",false,false,,unknown,,media_context,media_reframing,unknown,unknown,unknown,unknown,bridge,neutral,media_context_reader,38
sgv1_7fccd07dc4056a44cdf65075,donglu_sunjihai_youth_football_202606,hupu,local_collector_record,manual_url,external_agent_assisted,source_url_provided_unverified,medium_low,0.45,review_needed,comment,,,??????????????????????? ??04-06?,zh-CN,https://bbs.hupu.com/search?q=%E8%91%A3%E8%B7%AF%20%E5%AD%99%E7%BB%A7%E6%B5%B7%20%E9%9D%92%E8%AE%AD&sample=04,https://bbs.hupu.com/search?q=%E8%91%A3%E8%B7%AF%20%E5%AD%99%E7%BB%A7%E6%B5%B7%20%E9%9D%92%E8%AE%AD&sample=04,src_hupu_04,,2026-06-11T14:00:00.000Z,2026-06-17T12:10:16.500Z,,sha256_platform_case_salt,unknown,true,true,,24,10,0,0,sha256:106fa6c6bd6a1457d03a9f3274c59bbc641f834c32cf9122d1aeca98d8589a5e,sha256:106fa6c6bd6a1457d03a9f3274c59bbc641f834c32cf9122d1aeca98d8589a5e,sha256:957d6e0a2bfe01d1a984d508bc24a0b65ada3095d26ee0aab5aeb8f61ff759c1,dup_bd4c3ae65d36245b6b73,1,[],public,public,manual_comment_sample,Selected public sample only. Not full-platform coverage. Not full-web coverage. Not full-thread coverage.,"{""asset_id"":""local-snapshot-src_hupu_04-comment-28-6"",""run_id"":"""",""task_id"":"""",""source_path"":"""",""record_type"":""comment"",""field_score"":0,""keyword"":"""",""entity_ids"":[]}","{""normalized_from"":""opencrawler_local_asset"",""source_record_id"":""local-snapshot-src_hupu_04-comment-28-6"",""source_type"":""local_collector_record"",""acquisition_mode"":""manual_url"",""normalized_at"":""2026-06-17T12:10:16.502Z"",""warnings"":[]}",false,false,,unknown,,extreme_attack_or_trolling,fan_community_reaction,unknown,unknown,unknown,unknown,isolated_extreme,anger,isolated_extreme_cluster,44
sgv1_a6be8407f3323be4e15a3247,donglu_sunjihai_youth_football_202606,hupu,local_collector_record,manual_url,external_agent_assisted,source_url_provided_unverified,medium_low,0.45,review_needed,comment,,,???????????????? ??04-07?,zh-CN,https://bbs.hupu.com/search?q=%E8%91%A3%E8%B7%AF%20%E5%AD%99%E7%BB%A7%E6%B5%B7%20%E9%9D%92%E8%AE%AD&sample=04,https://bbs.hupu.com/search?q=%E8%91%A3%E8%B7%AF%20%E5%AD%99%E7%BB%A7%E6%B5%B7%20%E9%9D%92%E8%AE%AD&sample=04,src_hupu_04,,2026-06-12T15:00:00.000Z,2026-06-17T12:10:16.500Z,,sha256_platform_case_salt,unknown,true,true,,28,11,0,0,sha256:48a1e1ec2d06d4e68d0fe7304dbf7798603dd2e8e98468674d3533a3d2105de3,sha256:48a1e1ec2d06d4e68d0fe7304dbf7798603dd2e8e98468674d3533a3d2105de3,sha256:957d6e0a2bfe01d1a984d508bc24a0b65ada3095d26ee0aab5aeb8f61ff759c1,dup_2f39b4352ec3c3940030,1,[],public,public,manual_comment_sample,Selected public sample only. Not full-platform coverage. Not full-web coverage. Not full-thread coverage.,"{""asset_id"":""local-snapshot-src_hupu_04-comment-28-7"",""run_id"":"""",""task_id"":"""",""source_path"":"""",""record_type"":""comment"",""field_score"":0,""keyword"":"""",""entity_ids"":[]}","{""normalized_from"":""opencrawler_local_asset"",""source_record_id"":""local-snapshot-src_hupu_04-comment-28-7"",""source_type"":""local_collector_record"",""acquisition_mode"":""manual_url"",""normalized_at"":""2026-06-17T12:10:16.502Z"",""warnings"":[]}",false,false,,unknown,,unknown,children_protection_boundary,unknown,unknown,unknown,unknown,unknown,unknown,unknown,50
sgv1_068a9b57229b5a06d6f339fa,donglu_sunjihai_youth_football_202606,hupu,local_collector_record,manual_url,external_agent_assisted,source_url_provided_unverified,medium_low,0.45,review_needed,comment,,,???????????????????????? ??04-08?,zh-CN,https://bbs.hupu.com/search?q=%E8%91%A3%E8%B7%AF%20%E5%AD%99%E7%BB%A7%E6%B5%B7%20%E9%9D%92%E8%AE%AD&sample=04,https://bbs.hupu.com/search?q=%E8%91%A3%E8%B7%AF%20%E5%AD%99%E7%BB%A7%E6%B5%B7%20%E9%9D%92%E8%AE%AD&sample=04,src_hupu_04,,2026-06-13T16:00:00.000Z,2026-06-17T12:10:16.500Z,,sha256_platform_case_salt,unknown,true,true,,32,12,0,0,sha256:726cc38aed2330632c5df8dcff4112a9e9b641d1db731d31e470b466fa7ca64a,sha256:726cc38aed2330632c5df8dcff4112a9e9b641d1db731d31e470b466fa7ca64a,sha256:957d6e0a2bfe01d1a984d508bc24a0b65ada3095d26ee0aab5aeb8f61ff759c1,dup_466e07a5824f4d08eb44,1,[],public,public,manual_comment_sample,Selected public sample only. Not full-platform coverage. Not full-web coverage. Not full-thread coverage.,"{""asset_id"":""local-snapshot-src_hupu_04-comment-28-8"",""run_id"":"""",""task_id"":"""",""source_path"":"""",""record_type"":""comment"",""field_score"":0,""keyword"":"""",""entity_ids"":[]}","{""normalized_from"":""opencrawler_local_asset"",""source_record_id"":""local-snapshot-src_hupu_04-comment-28-8"",""source_type"":""local_collector_record"",""acquisition_mode"":""manual_url"",""normalized_at"":""2026-06-17T12:10:16.502Z"",""warnings"":[]}",false,false,,unknown,,support_donglu_view,chinese_football_reputation,unknown,unknown,unknown,unknown,core_support,curiosity,route_supporter_donglu,56
sgv1_bd23400ab866b148ebd36f56,donglu_sunjihai_youth_football_202606,hupu,local_collector_record,manual_url,external_agent_assisted,source_url_provided_unverified,medium_low,0.45,review_needed,comment,,,??????????????????????????? ??04-09?,zh-CN,https://bbs.hupu.com/search?q=%E8%91%A3%E8%B7%AF%20%E5%AD%99%E7%BB%A7%E6%B5%B7%20%E9%9D%92%E8%AE%AD&sample=04,https://bbs.hupu.com/search?q=%E8%91%A3%E8%B7%AF%20%E5%AD%99%E7%BB%A7%E6%B5%B7%20%E9%9D%92%E8%AE%AD&sample=04,src_hupu_04,,2026-06-14T17:00:00.000Z,2026-06-17T12:10:16.500Z,,sha256_platform_case_salt,unknown,true,true,,36,13,0,0,sha256:1584d52c644d99e9e1bfa0b3a0fbab95b8a26cb6d90a1c03817487d79cb84548,sha256:1584d52c644d99e9e1bfa0b3a0fbab95b8a26cb6d90a1c03817487d79cb84548,sha256:957d6e0a2bfe01d1a984d508bc24a0b65ada3095d26ee0aab5aeb8f61ff759c1,dup_dd0bca994970bba94269,1,[],public,public,manual_comment_sample,Selected public sample only. Not full-platform coverage. Not full-web coverage. Not full-thread coverage.,"{""asset_id"":""local-snapshot-src_hupu_04-comment-28-9"",""run_id"":"""",""task_id"":"""",""source_path"":"""",""record_type"":""comment"",""field_score"":0,""keyword"":"""",""entity_ids"":[]}","{""normalized_from"":""opencrawler_local_asset"",""source_record_id"":""local-snapshot-src_hupu_04-comment-28-9"",""source_type"":""local_collector_record"",""acquisition_mode"":""manual_url"",""normalized_at"":""2026-06-17T12:10:16.502Z"",""warnings"":[]}",false,false,,unknown,,support_sunjihai_view,platform_discussion,unknown,unknown,unknown,unknown,core_support,curiosity,route_supporter_sunjihai,62
sgv1_39fab4560ee071ac814365e7,donglu_sunjihai_youth_football_202606,hupu,local_collector_record,manual_url,external_agent_assisted,source_url_provided_unverified,medium_low,0.45,review_needed,comment,,,??????????????????? ??04-10?,zh-CN,https://bbs.hupu.com/search?q=%E8%91%A3%E8%B7%AF%20%E5%AD%99%E7%BB%A7%E6%B5%B7%20%E9%9D%92%E8%AE%AD&sample=04,https://bbs.hupu.com/search?q=%E8%91%A3%E8%B7%AF%20%E5%AD%99%E7%BB%A7%E6%B5%B7%20%E9%9D%92%E8%AE%AD&sample=04,src_hupu_04,,2026-06-01T18:00:00.000Z,2026-06-17T12:10:16.500Z,,sha256_platform_case_salt,unknown,true,true,,40,14,0,0,sha256:a741bfac37ac669d8b01cf6e6991212bf576914537db9aeebbb6b1b4c5d9359b,sha256:a741bfac37ac669d8b01cf6e6991212bf576914537db9aeebbb6b1b4c5d9359b,sha256:957d6e0a2bfe01d1a984d508bc24a0b65ada3095d26ee0aab5aeb8f61ff759c1,dup_e5ad04e2352f98c4c933,1,[],public,public,manual_comment_sample,Selected public sample only. Not full-platform coverage. Not full-web coverage. Not full-thread coverage.,"{""asset_id"":""local-snapshot-src_hupu_04-comment-28-10"",""run_id"":"""",""task_id"":"""",""source_path"":"""",""record_type"":""comment"",""field_score"":0,""keyword"":"""",""entity_ids"":[]}","{""normalized_from"":""opencrawler_local_asset"",""source_record_id"":""local-snapshot-src_hupu_04-comment-28-10"",""source_type"":""local_collector_record"",""acquisition_mode"":""manual_url"",""normalized_at"":""2026-06-17T12:10:16.502Z"",""warnings"":[]}",false,false,,unknown,,neutral_process_focused,extreme_cluster_or_trolling,unknown,unknown,unknown,unknown,bridge,neutral,process_observer,68
sgv1_14bea70f404914b46eebd828,donglu_sunjihai_youth_football_202606,hupu,local_collector_record,manual_url,external_agent_assisted,source_url_provided_unverified,medium_low,0.45,review_needed,comment,,,??????????????????????????? ??04-11?,zh-CN,https://bbs.hupu.com/search?q=%E8%91%A3%E8%B7%AF%20%E5%AD%99%E7%BB%A7%E6%B5%B7%20%E9%9D%92%E8%AE%AD&sample=04,https://bbs.hupu.com/search?q=%E8%91%A3%E8%B7%AF%20%E5%AD%99%E7%BB%A7%E6%B5%B7%20%E9%9D%92%E8%AE%AD&sample=04,src_hupu_04,,2026-06-02T19:00:00.000Z,2026-06-17T12:10:16.500Z,,sha256_platform_case_salt,unknown,true,true,,44,15,0,0,sha256:8a6900fb3612465e49658c6e78defd5cc4e711bdf7ab143e717473fbfa0d1821,sha256:8a6900fb3612465e49658c6e78defd5cc4e711bdf7ab143e717473fbfa0d1821,sha256:957d6e0a2bfe01d1a984d508bc24a0b65ada3095d26ee0aab5aeb8f61ff759c1,dup_4e6bb64694a04b832500,1,[],public,public,manual_comment_sample,Selected public sample only. Not full-platform coverage. Not full-web coverage. Not full-thread coverage.,"{""asset_id"":""local-snapshot-src_hupu_04-comment-28-11"",""run_id"":"""",""task_id"":"""",""source_path"":"""",""record_type"":""comment"",""field_score"":0,""keyword"":"""",""entity_ids"":[]}","{""normalized_from"":""opencrawler_local_asset"",""source_record_id"":""local-snapshot-src_hupu_04-comment-28-11"",""source_type"":""local_collector_record"",""acquisition_mode"":""manual_url"",""normalized_at"":""2026-06-17T12:10:16.502Z"",""warnings"":[]}",false,false,,unknown,,youth_training_concern,unknown,unknown,unknown,unknown,unknown,neutral,concern,youth_training_concern_cluster,74
sgv1_3b541020d50caf210c39b7e6,donglu_sunjihai_youth_football_202606,hupu,local_collector_record,manual_url,external_agent_assisted,source_url_provided_unverified,medium_low,0.45,review_needed,comment,,,????????????????????? ??04-12?,zh-CN,https://bbs.hupu.com/search?q=%E8%91%A3%E8%B7%AF%20%E5%AD%99%E7%BB%A7%E6%B5%B7%20%E9%9D%92%E8%AE%AD&sample=04,https://bbs.hupu.com/search?q=%E8%91%A3%E8%B7%AF%20%E5%AD%99%E7%BB%A7%E6%B5%B7%20%E9%9D%92%E8%AE%AD&sample=04,src_hupu_04,,2026-06-03T20:00:00.000Z,2026-06-17T12:10:16.500Z,,sha256_platform_case_salt,unknown,true,true,,48,16,0,0,sha256:8bff293ced62281eb765b1992beffedf2723d5871e31b31b4f0f3eb4d22e2b08,sha256:8bff293ced62281eb765b1992beffedf2723d5871e31b31b4f0f3eb4d22e2b08,sha256:957d6e0a2bfe01d1a984d508bc24a0b65ada3095d26ee0aab5aeb8f61ff759c1,dup_082f7a0fa950d3909e97,1,[],public,public,manual_comment_sample,Selected public sample only. Not full-platform coverage. Not full-web coverage. Not full-thread coverage.,"{""asset_id"":""local-snapshot-src_hupu_04-comment-28-12"",""run_id"":"""",""task_id"":"""",""source_path"":"""",""record_type"":""comment"",""field_score"":0,""keyword"":"""",""entity_ids"":[]}","{""normalized_from"":""opencrawler_local_asset"",""source_record_id"":""local-snapshot-src_hupu_04-comment-28-12"",""source_type"":""local_collector_record"",""acquisition_mode"":""manual_url"",""normalized_at"":""2026-06-17T12:10:16.502Z"",""warnings"":[]}",false,false,,unknown,,anti_conflict_fatigue,youth_training_model,unknown,unknown,unknown,unknown,fatigue,fatigue,fatigue_cluster,80
sgv1_10ad765251aed4790d4fed14,donglu_sunjihai_youth_football_202606,hupu,local_collector_record,manual_url,external_agent_assisted,source_url_provided_unverified,medium_low,0.45,review_needed,comment,,,?????????????????????? ??04-13?,zh-CN,https://bbs.hupu.com/search?q=%E8%91%A3%E8%B7%AF%20%E5%AD%99%E7%BB%A7%E6%B5%B7%20%E9%9D%92%E8%AE%AD&sample=04,https://bbs.hupu.com/search?q=%E8%91%A3%E8%B7%AF%20%E5%AD%99%E7%BB%A7%E6%B5%B7%20%E9%9D%92%E8%AE%AD&sample=04,src_hupu_04,,2026-06-04T21:00:00.000Z,2026-06-17T12:10:16.500Z,,sha256_platform_case_salt,unknown,true,true,,52,17,0,0,sha256:887a887b6a0aac06c89616555077839a2c57d2cc82b3264e747251a6cefcfbc5,sha256:887a887b6a0aac06c89616555077839a2c57d2cc82b3264e747251a6cefcfbc5,sha256:957d6e0a2bfe01d1a984d508bc24a0b65ada3095d26ee0aab5aeb8f61ff759c1,dup_3cebd0456275dd3c5803,1,[],public,public,manual_comment_sample,Selected public sample only. Not full-platform coverage. Not full-web coverage. Not full-thread coverage.,"{""asset_id"":""local-snapshot-src_hupu_04-comment-28-13"",""run_id"":"""",""task_id"":"""",""source_path"":"""",""record_type"":""comment"",""field_score"":0,""keyword"":"""",""entity_ids"":[]}","{""normalized_from"":""opencrawler_local_asset"",""source_record_id"":""local-snapshot-src_hupu_04-comment-28-13"",""source_type"":""local_collector_record"",""acquisition_mode"":""manual_url"",""normalized_at"":""2026-06-17T12:10:16.502Z"",""warnings"":[]}",false,false,,unknown,,media_context,contract_or_responsibility_dispute,unknown,unknown,unknown,unknown,bridge,neutral,media_context_reader,86
sgv1_aac885681c747d91a0fa251f,donglu_sunjihai_youth_football_202606,hupu,local_collector_record,manual_url,external_agent_assisted,source_url_provided_unverified,medium_low,0.45,review_needed,comment,,,??????????????????????? ??04-14?,zh-CN,https://bbs.hupu.com/search?q=%E8%91%A3%E8%B7%AF%20%E5%AD%99%E7%BB%A7%E6%B5%B7%20%E9%9D%92%E8%AE%AD&sample=04,https://bbs.hupu.com/search?q=%E8%91%A3%E8%B7%AF%20%E5%AD%99%E7%BB%A7%E6%B5%B7%20%E9%9D%92%E8%AE%AD&sample=04,src_hupu_04,,2026-06-05T22:00:00.000Z,2026-06-17T12:10:16.500Z,,sha256_platform_case_salt,unknown,true,true,,56,0,0,0,sha256:090c73739974ab1c9fb447cde22ed259a0519c10713bca83c40a5e4909d8fd63,sha256:090c73739974ab1c9fb447cde22ed259a0519c10713bca83c40a5e4909d8fd63,sha256:957d6e0a2bfe01d1a984d508bc24a0b65ada3095d26ee0aab5aeb8f61ff759c1,dup_431565c027ffdc3db767,1,[],public,public,manual_comment_sample,Selected public sample only. Not full-platform coverage. Not full-web coverage. Not full-thread coverage.,"{""asset_id"":""local-snapshot-src_hupu_04-comment-28-14"",""run_id"":"""",""task_id"":"""",""source_path"":"""",""record_type"":""comment"",""field_score"":0,""keyword"":"""",""entity_ids"":[]}","{""normalized_from"":""opencrawler_local_asset"",""source_record_id"":""local-snapshot-src_hupu_04-comment-28-14"",""source_type"":""local_collector_record"",""acquisition_mode"":""manual_url"",""normalized_at"":""2026-06-17T12:10:16.502Z"",""warnings"":[]}",false,false,,unknown,,extreme_attack_or_trolling,public_response,unknown,unknown,unknown,unknown,isolated_extreme,anger,isolated_extreme_cluster,56
sgv1_f9da8550ba5c181fc7ee8c98,donglu_sunjihai_youth_football_202606,hupu,local_collector_record,manual_url,external_agent_assisted,source_url_provided_unverified,medium_low,0.45,review_needed,comment,,,????????????????? ??04-15?,zh-CN,https://bbs.hupu.com/search?q=%E8%91%A3%E8%B7%AF%20%E5%AD%99%E7%BB%A7%E6%B5%B7%20%E9%9D%92%E8%AE%AD&sample=04,https://bbs.hupu.com/search?q=%E8%91%A3%E8%B7%AF%20%E5%AD%99%E7%BB%A7%E6%B5%B7%20%E9%9D%92%E8%AE%AD&sample=04,src_hupu_04,,2026-06-06T23:00:00.000Z,2026-06-17T12:10:16.500Z,,sha256_platform_case_salt,unknown,true,true,,60,1,0,0,sha256:9e62922e664fef97a2ba22e992c5b502e090bc7c0826221009efa028b687d9ef,sha256:9e62922e664fef97a2ba22e992c5b502e090bc7c0826221009efa028b687d9ef,sha256:957d6e0a2bfe01d1a984d508bc24a0b65ada3095d26ee0aab5aeb8f61ff759c1,dup_bc225ac20a541291d39c,1,[],public,public,manual_comment_sample,Selected public sample only. Not full-platform coverage. Not full-web coverage. Not full-thread coverage.,"{""asset_id"":""local-snapshot-src_hupu_04-comment-28-15"",""run_id"":"""",""task_id"":"""",""source_path"":"""",""record_type"":""comment"",""field_score"":0,""keyword"":"""",""entity_ids"":[]}","{""normalized_from"":""opencrawler_local_asset"",""source_record_id"":""local-snapshot-src_hupu_04-comment-28-15"",""source_type"":""local_collector_record"",""acquisition_mode"":""manual_url"",""normalized_at"":""2026-06-17T12:10:16.502Z"",""warnings"":[]}",false,false,,unknown,,unknown,media_reframing,unknown,unknown,unknown,unknown,unknown,unknown,unknown,62
sgv1_647ee7f62a1b5c765d3e21e6,donglu_sunjihai_youth_football_202606,hupu,local_collector_record,manual_url,external_agent_assisted,source_url_provided_unverified,medium_low,0.45,review_needed,comment,,,???????????????????????? ??04-16?,zh-CN,https://bbs.hupu.com/search?q=%E8%91%A3%E8%B7%AF%20%E5%AD%99%E7%BB%A7%E6%B5%B7%20%E9%9D%92%E8%AE%AD&sample=04,https://bbs.hupu.com/search?q=%E8%91%A3%E8%B7%AF%20%E5%AD%99%E7%BB%A7%E6%B5%B7%20%E9%9D%92%E8%AE%AD&sample=04,src_hupu_04,,2026-06-07T00:00:00.000Z,2026-06-17T12:10:16.500Z,,sha256_platform_case_salt,unknown,true,true,,64,2,0,0,sha256:fe6d4b69301d0b71ae5a8987f14fac42fc91b7531b3102b8245fdc9fd98d5d8a,sha256:fe6d4b69301d0b71ae5a8987f14fac42fc91b7531b3102b8245fdc9fd98d5d8a,sha256:957d6e0a2bfe01d1a984d508bc24a0b65ada3095d26ee0aab5aeb8f61ff759c1,dup_3b0b38b9d07d03153fbf,1,[],public,public,manual_comment_sample,Selected public sample only. Not full-platform coverage. Not full-web coverage. Not full-thread coverage.,"{""asset_id"":""local-snapshot-src_hupu_04-comment-28-16"",""run_id"":"""",""task_id"":"""",""source_path"":"""",""record_type"":""comment"",""field_score"":0,""keyword"":"""",""entity_ids"":[]}","{""normalized_from"":""opencrawler_local_asset"",""source_record_id"":""local-snapshot-src_hupu_04-comment-28-16"",""source_type"":""local_collector_record"",""acquisition_mode"":""manual_url"",""normalized_at"":""2026-06-17T12:10:16.502Z"",""warnings"":[]}",false,false,,unknown,,support_donglu_view,fan_community_reaction,unknown,unknown,unknown,unknown,core_support,curiosity,route_supporter_donglu,68
sgv1_f5c0c744efc041cced0074e3,donglu_sunjihai_youth_football_202606,hupu,local_collector_record,manual_url,external_agent_assisted,source_url_provided_unverified,medium_low,0.45,review_needed,comment,,,?????????????????????????? ??04-17?,zh-CN,https://bbs.hupu.com/search?q=%E8%91%A3%E8%B7%AF%20%E5%AD%99%E7%BB%A7%E6%B5%B7%20%E9%9D%92%E8%AE%AD&sample=04,https://bbs.hupu.com/search?q=%E8%91%A3%E8%B7%AF%20%E5%AD%99%E7%BB%A7%E6%B5%B7%20%E9%9D%92%E8%AE%AD&sample=04,src_hupu_04,,2026-06-08T01:00:00.000Z,2026-06-17T12:10:16.500Z,,sha256_platform_case_salt,unknown,true,true,,68,3,0,0,sha256:1780b3711476af6da62b2eb2b5e1ab3bd57eab82812871b2ca465f8962ebc58b,sha256:1780b3711476af6da62b2eb2b5e1ab3bd57eab82812871b2ca465f8962ebc58b,sha256:957d6e0a2bfe01d1a984d508bc24a0b65ada3095d26ee0aab5aeb8f61ff759c1,dup_f20e4369f2ceb523bad0,1,[],public,public,manual_comment_sample,Selected public sample only. Not full-platform coverage. Not full-web coverage. Not full-thread coverage.,"{""asset_id"":""local-snapshot-src_hupu_04-comment-28-17"",""run_id"":"""",""task_id"":"""",""source_path"":"""",""record_type"":""comment"",""field_score"":0,""keyword"":"""",""entity_ids"":[]}","{""normalized_from"":""opencrawler_local_asset"",""source_record_id"":""local-snapshot-src_hupu_04-comment-28-17"",""source_type"":""local_collector_record"",""acquisition_mode"":""manual_url"",""normalized_at"":""2026-06-17T12:10:16.502Z"",""warnings"":[]}",false,false,,unknown,,support_sunjihai_view,children_protection_boundary,unknown,unknown,unknown,unknown,core_support,curiosity,route_supporter_sunjihai,74
sgv1_88a55d5ec720319966cf25ea,donglu_sunjihai_youth_football_202606,hupu,local_collector_record,manual_url,external_agent_assisted,source_url_provided_unverified,medium_low,0.45,review_needed,comment,,,???????????????????????????? ??04-18?,zh-CN,https://bbs.hupu.com/search?q=%E8%91%A3%E8%B7%AF%20%E5%AD%99%E7%BB%A7%E6%B5%B7%20%E9%9D%92%E8%AE%AD&sample=04,https://bbs.hupu.com/search?q=%E8%91%A3%E8%B7%AF%20%E5%AD%99%E7%BB%A7%E6%B5%B7%20%E9%9D%92%E8%AE%AD&sample=04,src_hupu_04,,2026-06-09T02:00:00.000Z,2026-06-17T12:10:16.500Z,,sha256_platform_case_salt,unknown,true,true,,72,4,0,0,sha256:0a320f4cc4a5b505ed3f345d2e4b7f9c489c13fb0bcf02f1a8ba7e3439351a68,sha256:0a320f4cc4a5b505ed3f345d2e4b7f9c489c13fb0bcf02f1a8ba7e3439351a68,sha256:957d6e0a2bfe01d1a984d508bc24a0b65ada3095d26ee0aab5aeb8f61ff759c1,dup_f8c6962bd711712b9132,1,[],public,public,manual_comment_sample,Selected public sample only. Not full-platform coverage. Not full-web coverage. Not full-thread coverage.,"{""asset_id"":""local-snapshot-src_hupu_04-comment-28-18"",""run_id"":"""",""task_id"":"""",""source_path"":"""",""record_type"":""comment"",""field_score"":0,""keyword"":"""",""entity_ids"":[]}","{""normalized_from"":""opencrawler_local_asset"",""source_record_id"":""local-snapshot-src_hupu_04-comment-28-18"",""source_type"":""local_collector_record"",""acquisition_mode"":""manual_url"",""normalized_at"":""2026-06-17T12:10:16.502Z"",""warnings"":[]}",false,false,,unknown,,neutral_process_focused,chinese_football_reputation,unknown,unknown,unknown,unknown,bridge,neutral,process_observer,80
sgv1_636894c804bde7e07ede7029,donglu_sunjihai_youth_football_202606,hupu,local_collector_record,manual_url,external_agent_assisted,source_url_provided_unverified,medium_low,0.45,review_needed,comment,,,?????????????????????? ??04-19?,zh-CN,https://bbs.hupu.com/search?q=%E8%91%A3%E8%B7%AF%20%E5%AD%99%E7%BB%A7%E6%B5%B7%20%E9%9D%92%E8%AE%AD&sample=04,https://bbs.hupu.com/search?q=%E8%91%A3%E8%B7%AF%20%E5%AD%99%E7%BB%A7%E6%B5%B7%20%E9%9D%92%E8%AE%AD&sample=04,src_hupu_04,,2026-06-10T03:00:00.000Z,2026-06-17T12:10:16.500Z,,sha256_platform_case_salt,unknown,true,true,,76,5,0,0,sha256:45ebca58ee79e187ad967699448fafc4ad4595d6a9e8ffede1b70b4233e87ddd,sha256:45ebca58ee79e187ad967699448fafc4ad4595d6a9e8ffede1b70b4233e87ddd,sha256:957d6e0a2bfe01d1a984d508bc24a0b65ada3095d26ee0aab5aeb8f61ff759c1,dup_adcaeb96d9d41c756600,1,[],public,public,manual_comment_sample,Selected public sample only. Not full-platform coverage. Not full-web coverage. Not full-thread coverage.,"{""asset_id"":""local-snapshot-src_hupu_04-comment-28-19"",""run_id"":"""",""task_id"":"""",""source_path"":"""",""record_type"":""comment"",""field_score"":0,""keyword"":"""",""entity_ids"":[]}","{""normalized_from"":""opencrawler_local_asset"",""source_record_id"":""local-snapshot-src_hupu_04-comment-28-19"",""source_type"":""local_collector_record"",""acquisition_mode"":""manual_url"",""normalized_at"":""2026-06-17T12:10:16.502Z"",""warnings"":[]}",false,false,,unknown,,youth_training_concern,platform_discussion,unknown,unknown,unknown,unknown,neutral,concern,youth_training_concern_cluster,86
sgv1_402ff1d78dc0c7cc2eef2b48,donglu_sunjihai_youth_football_202606,hupu,local_collector_record,manual_url,external_agent_assisted,source_url_provided_unverified,medium_low,0.45,review_needed,comment,,,???????????????????????? ??04-20?,zh-CN,https://bbs.hupu.com/search?q=%E8%91%A3%E8%B7%AF%20%E5%AD%99%E7%BB%A7%E6%B5%B7%20%E9%9D%92%E8%AE%AD&sample=04,https://bbs.hupu.com/search?q=%E8%91%A3%E8%B7%AF%20%E5%AD%99%E7%BB%A7%E6%B5%B7%20%E9%9D%92%E8%AE%AD&sample=04,src_hupu_04,,2026-06-11T04:00:00.000Z,2026-06-17T12:10:16.500Z,,sha256_platform_case_salt,unknown,true,true,,80,6,0,0,sha256:9830bc98c3ec62ddbcd447b6fd2204db352877d527b4711f61e96586a8d66ded,sha256:9830bc98c3ec62ddbcd447b6fd2204db352877d527b4711f61e96586a8d66ded,sha256:957d6e0a2bfe01d1a984d508bc24a0b65ada3095d26ee0aab5aeb8f61ff759c1,dup_131da81ef888d757c20f,1,[],public,public,manual_comment_sample,Selected public sample only. Not full-platform coverage. Not full-web coverage. Not full-thread coverage.,"{""asset_id"":""local-snapshot-src_hupu_04-comment-28-20"",""run_id"":"""",""task_id"":"""",""source_path"":"""",""record_type"":""comment"",""field_score"":0,""keyword"":"""",""entity_ids"":[]}","{""normalized_from"":""opencrawler_local_asset"",""source_record_id"":""local-snapshot-src_hupu_04-comment-28-20"",""source_type"":""local_collector_record"",""acquisition_mode"":""manual_url"",""normalized_at"":""2026-06-17T12:10:16.502Z"",""warnings"":[]}",false,false,,unknown,,anti_conflict_fatigue,extreme_cluster_or_trolling,unknown,unknown,unknown,unknown,fatigue,fatigue,fatigue_cluster,92
sgv1_09cc3ac71f350861c0b70571,donglu_sunjihai_youth_football_202606,dongqiudi,local_collector_record,manual_url,external_agent_assisted,source_url_provided_unverified,medium_low,0.45,review_needed,comment,,,?????????????????????? ??01-01?,zh-CN,https://www.dongqiudi.com/search?keyword=%E8%91%A3%E8%B7%AF%20%E5%AD%99%E7%BB%A7%E6%B5%B7%20%E9%9D%92%E8%AE%AD&sample=01,https://www.dongqiudi.com/search?keyword=%E8%91%A3%E8%B7%AF%20%E5%AD%99%E7%BB%A7%E6%B5%B7%20%E9%9D%92%E8%AE%AD&sample=01,src_dongqiudi_01,,2026-06-03T09:00:00.000Z,2026-06-17T12:10:16.500Z,,sha256_platform_case_salt,unknown,true,true,,1,2,0,0,sha256:c0966a24f8cd3d26f3b07f46ae61010d6de862fd1660159bd9a955cb1f8bce90,sha256:c0966a24f8cd3d26f3b07f46ae61010d6de862fd1660159bd9a955cb1f8bce90,sha256:d94317fe9d847c8b18b30e6aceb72b28c02749f72f417593e4de033adfeaad70,dup_ae165529200003c8b72e,1,[],public,public,manual_comment_sample,Selected public sample only. Not full-platform coverage. Not full-web coverage. Not full-thread coverage.,"{""asset_id"":""local-snapshot-src_dongqiudi_01-comment-29-1"",""run_id"":"""",""task_id"":"""",""source_path"":"""",""record_type"":""comment"",""field_score"":0,""keyword"":"""",""entity_ids"":[]}","{""normalized_from"":""opencrawler_local_asset"",""source_record_id"":""local-snapshot-src_dongqiudi_01-comment-29-1"",""source_type"":""local_collector_record"",""acquisition_mode"":""manual_url"",""normalized_at"":""2026-06-17T12:10:16.502Z"",""warnings"":[]}",false,false,,unknown,,youth_training_concern,media_reframing,unknown,unknown,unknown,unknown,neutral,concern,youth_training_concern_cluster,5
sgv1_412f0dd31f8233e5ca059462,donglu_sunjihai_youth_football_202606,dongqiudi,local_collector_record,manual_url,external_agent_assisted,source_url_provided_unverified,medium_low,0.45,review_needed,comment,,,???????????????????????? ??01-02?,zh-CN,https://www.dongqiudi.com/search?keyword=%E8%91%A3%E8%B7%AF%20%E5%AD%99%E7%BB%A7%E6%B5%B7%20%E9%9D%92%E8%AE%AD&sample=01,https://www.dongqiudi.com/search?keyword=%E8%91%A3%E8%B7%AF%20%E5%AD%99%E7%BB%A7%E6%B5%B7%20%E9%9D%92%E8%AE%AD&sample=01,src_dongqiudi_01,,2026-06-04T10:00:00.000Z,2026-06-17T12:10:16.500Z,,sha256_platform_case_salt,unknown,true,true,,2,3,0,0,sha256:4504833c7a2ca0b8aa485910a57471fcc4486b02f9b052f833630216519cdc47,sha256:4504833c7a2ca0b8aa485910a57471fcc4486b02f9b052f833630216519cdc47,sha256:d94317fe9d847c8b18b30e6aceb72b28c02749f72f417593e4de033adfeaad70,dup_565e56067bea298077f4,1,[],public,public,manual_comment_sample,Selected public sample only. Not full-platform coverage. Not full-web coverage. Not full-thread coverage.,"{""asset_id"":""local-snapshot-src_dongqiudi_01-comment-29-2"",""run_id"":"""",""task_id"":"""",""source_path"":"""",""record_type"":""comment"",""field_score"":0,""keyword"":"""",""entity_ids"":[]}","{""normalized_from"":""opencrawler_local_asset"",""source_record_id"":""local-snapshot-src_dongqiudi_01-comment-29-2"",""source_type"":""local_collector_record"",""acquisition_mode"":""manual_url"",""normalized_at"":""2026-06-17T12:10:16.502Z"",""warnings"":[]}",false,false,,unknown,,anti_conflict_fatigue,fan_community_reaction,unknown,unknown,unknown,unknown,fatigue,fatigue,fatigue_cluster,8
sgv1_8c8768969ea66764d32acc6e,donglu_sunjihai_youth_football_202606,dongqiudi,local_collector_record,manual_url,external_agent_assisted,source_url_provided_unverified,medium_low,0.45,review_needed,comment,,,????????????????????????? ??01-03?,zh-CN,https://www.dongqiudi.com/search?keyword=%E8%91%A3%E8%B7%AF%20%E5%AD%99%E7%BB%A7%E6%B5%B7%20%E9%9D%92%E8%AE%AD&sample=01,https://www.dongqiudi.com/search?keyword=%E8%91%A3%E8%B7%AF%20%E5%AD%99%E7%BB%A7%E6%B5%B7%20%E9%9D%92%E8%AE%AD&sample=01,src_dongqiudi_01,,2026-06-05T11:00:00.000Z,2026-06-17T12:10:16.500Z,,sha256_platform_case_salt,unknown,true,true,,3,4,0,0,sha256:33c348595a866b121bb8f1908e5994748e580eba29a5dbeacd05157ffe20ddc0,sha256:33c348595a866b121bb8f1908e5994748e580eba29a5dbeacd05157ffe20ddc0,sha256:d94317fe9d847c8b18b30e6aceb72b28c02749f72f417593e4de033adfeaad70,dup_68b5642f26aef6edac2f,1,[],public,public,manual_comment_sample,Selected public sample only. Not full-platform coverage. Not full-web coverage. Not full-thread coverage.,"{""asset_id"":""local-snapshot-src_dongqiudi_01-comment-29-3"",""run_id"":"""",""task_id"":"""",""source_path"":"""",""record_type"":""comment"",""field_score"":0,""keyword"":"""",""entity_ids"":[]}","{""normalized_from"":""opencrawler_local_asset"",""source_record_id"":""local-snapshot-src_dongqiudi_01-comment-29-3"",""source_type"":""local_collector_record"",""acquisition_mode"":""manual_url"",""normalized_at"":""2026-06-17T12:10:16.502Z"",""warnings"":[]}",false,false,,unknown,,media_context,children_protection_boundary,unknown,unknown,unknown,unknown,bridge,neutral,media_context_reader,11
sgv1_cbdb6d4c3b33dd5bd68cb697,donglu_sunjihai_youth_football_202606,dongqiudi,local_collector_record,manual_url,external_agent_assisted,source_url_provided_unverified,medium_low,0.45,review_needed,comment,,,??????????????????????? ??01-04?,zh-CN,https://www.dongqiudi.com/search?keyword=%E8%91%A3%E8%B7%AF%20%E5%AD%99%E7%BB%A7%E6%B5%B7%20%E9%9D%92%E8%AE%AD&sample=01,https://www.dongqiudi.com/search?keyword=%E8%91%A3%E8%B7%AF%20%E5%AD%99%E7%BB%A7%E6%B5%B7%20%E9%9D%92%E8%AE%AD&sample=01,src_dongqiudi_01,,2026-06-06T12:00:00.000Z,2026-06-17T12:10:16.500Z,,sha256_platform_case_salt,unknown,true,true,,4,5,0,0,sha256:aae4dc9a9a1f77aba34ed45545f48641598ebed4e33e9fc6b9c58d593c296371,sha256:aae4dc9a9a1f77aba34ed45545f48641598ebed4e33e9fc6b9c58d593c296371,sha256:d94317fe9d847c8b18b30e6aceb72b28c02749f72f417593e4de033adfeaad70,dup_9cc0a0ae55142d23ff83,1,[],public,public,manual_comment_sample,Selected public sample only. Not full-platform coverage. Not full-web coverage. Not full-thread coverage.,"{""asset_id"":""local-snapshot-src_dongqiudi_01-comment-29-4"",""run_id"":"""",""task_id"":"""",""source_path"":"""",""record_type"":""comment"",""field_score"":0,""keyword"":"""",""entity_ids"":[]}","{""normalized_from"":""opencrawler_local_asset"",""source_record_id"":""local-snapshot-src_dongqiudi_01-comment-29-4"",""source_type"":""local_collector_record"",""acquisition_mode"":""manual_url"",""normalized_at"":""2026-06-17T12:10:16.502Z"",""warnings"":[]}",false,false,,unknown,,extreme_attack_or_trolling,chinese_football_reputation,unknown,unknown,unknown,unknown,isolated_extreme,anger,isolated_extreme_cluster,14
sgv1_033bc30ac78706ae8837de99,donglu_sunjihai_youth_football_202606,dongqiudi,local_collector_record,manual_url,external_agent_assisted,source_url_provided_unverified,medium_low,0.45,review_needed,comment,,,????????????????????? ??01-05?,zh-CN,https://www.dongqiudi.com/search?keyword=%E8%91%A3%E8%B7%AF%20%E5%AD%99%E7%BB%A7%E6%B5%B7%20%E9%9D%92%E8%AE%AD&sample=01,https://www.dongqiudi.com/search?keyword=%E8%91%A3%E8%B7%AF%20%E5%AD%99%E7%BB%A7%E6%B5%B7%20%E9%9D%92%E8%AE%AD&sample=01,src_dongqiudi_01,,2026-06-07T13:00:00.000Z,2026-06-17T12:10:16.500Z,,sha256_platform_case_salt,unknown,true,true,,5,6,0,0,sha256:35850b484718a11232f03fe1d868a2284adaad0664b2488c1b5d79783d54d101,sha256:35850b484718a11232f03fe1d868a2284adaad0664b2488c1b5d79783d54d101,sha256:d94317fe9d847c8b18b30e6aceb72b28c02749f72f417593e4de033adfeaad70,dup_e325c36c4dff24a3e715,1,[],public,public,manual_comment_sample,Selected public sample only. Not full-platform coverage. Not full-web coverage. Not full-thread coverage.,"{""asset_id"":""local-snapshot-src_dongqiudi_01-comment-29-5"",""run_id"":"""",""task_id"":"""",""source_path"":"""",""record_type"":""comment"",""field_score"":0,""keyword"":"""",""entity_ids"":[]}","{""normalized_from"":""opencrawler_local_asset"",""source_record_id"":""local-snapshot-src_dongqiudi_01-comment-29-5"",""source_type"":""local_collector_record"",""acquisition_mode"":""manual_url"",""normalized_at"":""2026-06-17T12:10:16.502Z"",""warnings"":[]}",false,false,,unknown,,unknown,platform_discussion,unknown,unknown,unknown,unknown,unknown,unknown,unknown,17
sgv1_e107a70a5a4a135251611035,donglu_sunjihai_youth_football_202606,dongqiudi,local_collector_record,manual_url,external_agent_assisted,source_url_provided_unverified,medium_low,0.45,review_needed,comment,,,??????????????????????????? ??01-06?,zh-CN,https://www.dongqiudi.com/search?keyword=%E8%91%A3%E8%B7%AF%20%E5%AD%99%E7%BB%A7%E6%B5%B7%20%E9%9D%92%E8%AE%AD&sample=01,https://www.dongqiudi.com/search?keyword=%E8%91%A3%E8%B7%AF%20%E5%AD%99%E7%BB%A7%E6%B5%B7%20%E9%9D%92%E8%AE%AD&sample=01,src_dongqiudi_01,,2026-06-08T14:00:00.000Z,2026-06-17T12:10:16.500Z,,sha256_platform_case_salt,unknown,true,true,,6,7,0,0,sha256:45432610c59eeda2dfad89587b2733e116e29fd9d615857df4756f3c01bfe73f,sha256:45432610c59eeda2dfad89587b2733e116e29fd9d615857df4756f3c01bfe73f,sha256:d94317fe9d847c8b18b30e6aceb72b28c02749f72f417593e4de033adfeaad70,dup_5567cffd3dfa45c3c2fe,1,[],public,public,manual_comment_sample,Selected public sample only. Not full-platform coverage. Not full-web coverage. Not full-thread coverage.,"{""asset_id"":""local-snapshot-src_dongqiudi_01-comment-29-6"",""run_id"":"""",""task_id"":"""",""source_path"":"""",""record_type"":""comment"",""field_score"":0,""keyword"":"""",""entity_ids"":[]}","{""normalized_from"":""opencrawler_local_asset"",""source_record_id"":""local-snapshot-src_dongqiudi_01-comment-29-6"",""source_type"":""local_collector_record"",""acquisition_mode"":""manual_url"",""normalized_at"":""2026-06-17T12:10:16.502Z"",""warnings"":[]}",false,false,,unknown,,support_donglu_view,extreme_cluster_or_trolling,unknown,unknown,unknown,unknown,core_support,curiosity,route_supporter_donglu,20
sgv1_8159d2bf82815c2016e2e82a,donglu_sunjihai_youth_football_202606,dongqiudi,local_collector_record,manual_url,external_agent_assisted,source_url_provided_unverified,medium_low,0.45,review_needed,comment,,,?????????????????????? ??01-07?,zh-CN,https://www.dongqiudi.com/search?keyword=%E8%91%A3%E8%B7%AF%20%E5%AD%99%E7%BB%A7%E6%B5%B7%20%E9%9D%92%E8%AE%AD&sample=01,https://www.dongqiudi.com/search?keyword=%E8%91%A3%E8%B7%AF%20%E5%AD%99%E7%BB%A7%E6%B5%B7%20%E9%9D%92%E8%AE%AD&sample=01,src_dongqiudi_01,,2026-06-09T15:00:00.000Z,2026-06-17T12:10:16.500Z,,sha256_platform_case_salt,unknown,true,true,,7,8,0,0,sha256:b7953dbe00f3e408d574d7897de4f5b3a949b50c9582f81eecc981f5fb727de3,sha256:b7953dbe00f3e408d574d7897de4f5b3a949b50c9582f81eecc981f5fb727de3,sha256:d94317fe9d847c8b18b30e6aceb72b28c02749f72f417593e4de033adfeaad70,dup_32c4fbbf39b35e99f4b2,1,[],public,public,manual_comment_sample,Selected public sample only. Not full-platform coverage. Not full-web coverage. Not full-thread coverage.,"{""asset_id"":""local-snapshot-src_dongqiudi_01-comment-29-7"",""run_id"":"""",""task_id"":"""",""source_path"":"""",""record_type"":""comment"",""field_score"":0,""keyword"":"""",""entity_ids"":[]}","{""normalized_from"":""opencrawler_local_asset"",""source_record_id"":""local-snapshot-src_dongqiudi_01-comment-29-7"",""source_type"":""local_collector_record"",""acquisition_mode"":""manual_url"",""normalized_at"":""2026-06-17T12:10:16.502Z"",""warnings"":[]}",false,false,,unknown,,support_sunjihai_view,unknown,unknown,unknown,unknown,unknown,core_support,curiosity,route_supporter_sunjihai,23
sgv1_916dc157520e29d2596f2c34,donglu_sunjihai_youth_football_202606,dongqiudi,local_collector_record,manual_url,external_agent_assisted,source_url_provided_unverified,medium_low,0.45,review_needed,comment,,,??????????????????????????? ??01-08?,zh-CN,https://www.dongqiudi.com/search?keyword=%E8%91%A3%E8%B7%AF%20%E5%AD%99%E7%BB%A7%E6%B5%B7%20%E9%9D%92%E8%AE%AD&sample=01,https://www.dongqiudi.com/search?keyword=%E8%91%A3%E8%B7%AF%20%E5%AD%99%E7%BB%A7%E6%B5%B7%20%E9%9D%92%E8%AE%AD&sample=01,src_dongqiudi_01,,2026-06-10T16:00:00.000Z,2026-06-17T12:10:16.500Z,,sha256_platform_case_salt,unknown,true,true,,8,9,0,0,sha256:ab844b94bff753be926948f99204c5a87f5f22182757e5deb102e05eddb8c05f,sha256:ab844b94bff753be926948f99204c5a87f5f22182757e5deb102e05eddb8c05f,sha256:d94317fe9d847c8b18b30e6aceb72b28c02749f72f417593e4de033adfeaad70,dup_cba1b9164866a3b8c46a,1,[],public,public,manual_comment_sample,Selected public sample only. Not full-platform coverage. Not full-web coverage. Not full-thread coverage.,"{""asset_id"":""local-snapshot-src_dongqiudi_01-comment-29-8"",""run_id"":"""",""task_id"":"""",""source_path"":"""",""record_type"":""comment"",""field_score"":0,""keyword"":"""",""entity_ids"":[]}","{""normalized_from"":""opencrawler_local_asset"",""source_record_id"":""local-snapshot-src_dongqiudi_01-comment-29-8"",""source_type"":""local_collector_record"",""acquisition_mode"":""manual_url"",""normalized_at"":""2026-06-17T12:10:16.502Z"",""warnings"":[]}",false,false,,unknown,,neutral_process_focused,youth_training_model,unknown,unknown,unknown,unknown,bridge,neutral,process_observer,26
sgv1_cc131633cd9ea887a5f960d0,donglu_sunjihai_youth_football_202606,dongqiudi,local_collector_record,manual_url,external_agent_assisted,source_url_provided_unverified,medium_low,0.45,review_needed,comment,,,?????????????????????????? ??01-09?,zh-CN,https://www.dongqiudi.com/search?keyword=%E8%91%A3%E8%B7%AF%20%E5%AD%99%E7%BB%A7%E6%B5%B7%20%E9%9D%92%E8%AE%AD&sample=01,https://www.dongqiudi.com/search?keyword=%E8%91%A3%E8%B7%AF%20%E5%AD%99%E7%BB%A7%E6%B5%B7%20%E9%9D%92%E8%AE%AD&sample=01,src_dongqiudi_01,,2026-06-11T17:00:00.000Z,2026-06-17T12:10:16.500Z,,sha256_platform_case_salt,unknown,true,true,,9,10,0,0,sha256:a9df7900754ad13295e1512983eccf700953af5ab654db43c9721726c72fb966,sha256:a9df7900754ad13295e1512983eccf700953af5ab654db43c9721726c72fb966,sha256:d94317fe9d847c8b18b30e6aceb72b28c02749f72f417593e4de033adfeaad70,dup_0f9dd417d7ba1d5b7444,1,[],public,public,manual_comment_sample,Selected public sample only. Not full-platform coverage. Not full-web coverage. Not full-thread coverage.,"{""asset_id"":""local-snapshot-src_dongqiudi_01-comment-29-9"",""run_id"":"""",""task_id"":"""",""source_path"":"""",""record_type"":""comment"",""field_score"":0,""keyword"":"""",""entity_ids"":[]}","{""normalized_from"":""opencrawler_local_asset"",""source_record_id"":""local-snapshot-src_dongqiudi_01-comment-29-9"",""source_type"":""local_collector_record"",""acquisition_mode"":""manual_url"",""normalized_at"":""2026-06-17T12:10:16.502Z"",""warnings"":[]}",false,false,,unknown,,youth_training_concern,contract_or_responsibility_dispute,unknown,unknown,unknown,unknown,neutral,concern,youth_training_concern_cluster,29
sgv1_a115f78d16163f7c30cd47dc,donglu_sunjihai_youth_football_202606,dongqiudi,local_collector_record,manual_url,external_agent_assisted,source_url_provided_unverified,medium_low,0.45,review_needed,comment,,,?????????????????????? ??01-10?,zh-CN,https://www.dongqiudi.com/search?keyword=%E8%91%A3%E8%B7%AF%20%E5%AD%99%E7%BB%A7%E6%B5%B7%20%E9%9D%92%E8%AE%AD&sample=01,https://www.dongqiudi.com/search?keyword=%E8%91%A3%E8%B7%AF%20%E5%AD%99%E7%BB%A7%E6%B5%B7%20%E9%9D%92%E8%AE%AD&sample=01,src_dongqiudi_01,,2026-06-12T18:00:00.000Z,2026-06-17T12:10:16.500Z,,sha256_platform_case_salt,unknown,true,true,,10,11,0,0,sha256:3e170dfc81231f75beacce72259a403d76f821758da4c76558b7f947c924ab56,sha256:3e170dfc81231f75beacce72259a403d76f821758da4c76558b7f947c924ab56,sha256:d94317fe9d847c8b18b30e6aceb72b28c02749f72f417593e4de033adfeaad70,dup_fa9af8bb7f901e28df16,1,[],public,public,manual_comment_sample,Selected public sample only. Not full-platform coverage. Not full-web coverage. Not full-thread coverage.,"{""asset_id"":""local-snapshot-src_dongqiudi_01-comment-29-10"",""run_id"":"""",""task_id"":"""",""source_path"":"""",""record_type"":""comment"",""field_score"":0,""keyword"":"""",""entity_ids"":[]}","{""normalized_from"":""opencrawler_local_asset"",""source_record_id"":""local-snapshot-src_dongqiudi_01-comment-29-10"",""source_type"":""local_collector_record"",""acquisition_mode"":""manual_url"",""normalized_at"":""2026-06-17T12:10:16.502Z"",""warnings"":[]}",false,false,,unknown,,anti_conflict_fatigue,public_response,unknown,unknown,unknown,unknown,fatigue,fatigue,fatigue_cluster,32
sgv1_b3d5eface85000970a941588,donglu_sunjihai_youth_football_202606,dongqiudi,local_collector_record,manual_url,external_agent_assisted,source_url_provided_unverified,medium_low,0.45,review_needed,comment,,,???????????????????????? ??01-11?,zh-CN,https://www.dongqiudi.com/search?keyword=%E8%91%A3%E8%B7%AF%20%E5%AD%99%E7%BB%A7%E6%B5%B7%20%E9%9D%92%E8%AE%AD&sample=01,https://www.dongqiudi.com/search?keyword=%E8%91%A3%E8%B7%AF%20%E5%AD%99%E7%BB%A7%E6%B5%B7%20%E9%9D%92%E8%AE%AD&sample=01,src_dongqiudi_01,,2026-06-13T19:00:00.000Z,2026-06-17T12:10:16.500Z,,sha256_platform_case_salt,unknown,true,true,,11,12,0,0,sha256:ed5cd85169d8ece0c7d2772fe3d9e2f9bc5b02e61241e4869eb68144c3322e8c,sha256:ed5cd85169d8ece0c7d2772fe3d9e2f9bc5b02e61241e4869eb68144c3322e8c,sha256:d94317fe9d847c8b18b30e6aceb72b28c02749f72f417593e4de033adfeaad70,dup_2174a80ec0d51c2e5af9,1,[],public,public,manual_comment_sample,Selected public sample only. Not full-platform coverage. Not full-web coverage. Not full-thread coverage.,"{""asset_id"":""local-snapshot-src_dongqiudi_01-comment-29-11"",""run_id"":"""",""task_id"":"""",""source_path"":"""",""record_type"":""comment"",""field_score"":0,""keyword"":"""",""entity_ids"":[]}","{""normalized_from"":""opencrawler_local_asset"",""source_record_id"":""local-snapshot-src_dongqiudi_01-comment-29-11"",""source_type"":""local_collector_record"",""acquisition_mode"":""manual_url"",""normalized_at"":""2026-06-17T12:10:16.502Z"",""warnings"":[]}",false,false,,unknown,,media_context,media_reframing,unknown,unknown,unknown,unknown,bridge,neutral,media_context_reader,35
sgv1_1a0a78a16dd807599bf32273,donglu_sunjihai_youth_football_202606,dongqiudi,local_collector_record,manual_url,external_agent_assisted,source_url_provided_unverified,medium_low,0.45,review_needed,comment,,,??????????????????????? ??01-12?,zh-CN,https://www.dongqiudi.com/search?keyword=%E8%91%A3%E8%B7%AF%20%E5%AD%99%E7%BB%A7%E6%B5%B7%20%E9%9D%92%E8%AE%AD&sample=01,https://www.dongqiudi.com/search?keyword=%E8%91%A3%E8%B7%AF%20%E5%AD%99%E7%BB%A7%E6%B5%B7%20%E9%9D%92%E8%AE%AD&sample=01,src_dongqiudi_01,,2026-06-14T20:00:00.000Z,2026-06-17T12:10:16.500Z,,sha256_platform_case_salt,unknown,true,true,,12,13,0,0,sha256:6880b2e6806076ff9b1e9ca78a0b874c5ecaeeb226f5e6c04a5a36f9b9c800cc,sha256:6880b2e6806076ff9b1e9ca78a0b874c5ecaeeb226f5e6c04a5a36f9b9c800cc,sha256:d94317fe9d847c8b18b30e6aceb72b28c02749f72f417593e4de033adfeaad70,dup_b5f68df15310e0d68766,1,[],public,public,manual_comment_sample,Selected public sample only. Not full-platform coverage. Not full-web coverage. Not full-thread coverage.,"{""asset_id"":""local-snapshot-src_dongqiudi_01-comment-29-12"",""run_id"":"""",""task_id"":"""",""source_path"":"""",""record_type"":""comment"",""field_score"":0,""keyword"":"""",""entity_ids"":[]}","{""normalized_from"":""opencrawler_local_asset"",""source_record_id"":""local-snapshot-src_dongqiudi_01-comment-29-12"",""source_type"":""local_collector_record"",""acquisition_mode"":""manual_url"",""normalized_at"":""2026-06-17T12:10:16.502Z"",""warnings"":[]}",false,false,,unknown,,extreme_attack_or_trolling,fan_community_reaction,unknown,unknown,unknown,unknown,isolated_extreme,anger,isolated_extreme_cluster,38
sgv1_1ef2759239145208a532003b,donglu_sunjihai_youth_football_202606,dongqiudi,local_collector_record,manual_url,external_agent_assisted,source_url_provided_unverified,medium_low,0.45,review_needed,comment,,,???????????????? ??01-13?,zh-CN,https://www.dongqiudi.com/search?keyword=%E8%91%A3%E8%B7%AF%20%E5%AD%99%E7%BB%A7%E6%B5%B7%20%E9%9D%92%E8%AE%AD&sample=01,https://www.dongqiudi.com/search?keyword=%E8%91%A3%E8%B7%AF%20%E5%AD%99%E7%BB%A7%E6%B5%B7%20%E9%9D%92%E8%AE%AD&sample=01,src_dongqiudi_01,,2026-06-01T21:00:00.000Z,2026-06-17T12:10:16.500Z,,sha256_platform_case_salt,unknown,true,true,,13,14,0,0,sha256:2448726156d91a0972f0e0600d00a9be63b71f1a1dfe07e07a8a4fd8214595f3,sha256:2448726156d91a0972f0e0600d00a9be63b71f1a1dfe07e07a8a4fd8214595f3,sha256:d94317fe9d847c8b18b30e6aceb72b28c02749f72f417593e4de033adfeaad70,dup_77e93efefaafaa26ff33,1,[],public,public,manual_comment_sample,Selected public sample only. Not full-platform coverage. Not full-web coverage. Not full-thread coverage.,"{""asset_id"":""local-snapshot-src_dongqiudi_01-comment-29-13"",""run_id"":"""",""task_id"":"""",""source_path"":"""",""record_type"":""comment"",""field_score"":0,""keyword"":"""",""entity_ids"":[]}","{""normalized_from"":""opencrawler_local_asset"",""source_record_id"":""local-snapshot-src_dongqiudi_01-comment-29-13"",""source_type"":""local_collector_record"",""acquisition_mode"":""manual_url"",""normalized_at"":""2026-06-17T12:10:16.502Z"",""warnings"":[]}",false,false,,unknown,,unknown,children_protection_boundary,unknown,unknown,unknown,unknown,unknown,unknown,unknown,41
sgv1_69f7ae2ad455340d14ff92a2,donglu_sunjihai_youth_football_202606,dongqiudi,local_collector_record,manual_url,external_agent_assisted,source_url_provided_unverified,medium_low,0.45,review_needed,comment,,,???????????????????????? ??01-14?,zh-CN,https://www.dongqiudi.com/search?keyword=%E8%91%A3%E8%B7%AF%20%E5%AD%99%E7%BB%A7%E6%B5%B7%20%E9%9D%92%E8%AE%AD&sample=01,https://www.dongqiudi.com/search?keyword=%E8%91%A3%E8%B7%AF%20%E5%AD%99%E7%BB%A7%E6%B5%B7%20%E9%9D%92%E8%AE%AD&sample=01,src_dongqiudi_01,,2026-06-02T22:00:00.000Z,2026-06-17T12:10:16.500Z,,sha256_platform_case_salt,unknown,true,true,,14,15,0,0,sha256:3ef8fbbcb290c3ed79aa76a9691703d8adff843d2235e2f38262874b1698c200,sha256:3ef8fbbcb290c3ed79aa76a9691703d8adff843d2235e2f38262874b1698c200,sha256:d94317fe9d847c8b18b30e6aceb72b28c02749f72f417593e4de033adfeaad70,dup_a75a041c4bd737605861,1,[],public,public,manual_comment_sample,Selected public sample only. Not full-platform coverage. Not full-web coverage. Not full-thread coverage.,"{""asset_id"":""local-snapshot-src_dongqiudi_01-comment-29-14"",""run_id"":"""",""task_id"":"""",""source_path"":"""",""record_type"":""comment"",""field_score"":0,""keyword"":"""",""entity_ids"":[]}","{""normalized_from"":""opencrawler_local_asset"",""source_record_id"":""local-snapshot-src_dongqiudi_01-comment-29-14"",""source_type"":""local_collector_record"",""acquisition_mode"":""manual_url"",""normalized_at"":""2026-06-17T12:10:16.502Z"",""warnings"":[]}",false,false,,unknown,,support_donglu_view,chinese_football_reputation,unknown,unknown,unknown,unknown,core_support,curiosity,route_supporter_donglu,44
sgv1_653cfe974309ef169f4167f3,donglu_sunjihai_youth_football_202606,dongqiudi,local_collector_record,manual_url,external_agent_assisted,source_url_provided_unverified,medium_low,0.45,review_needed,comment,,,??????????????????????????? ??01-15?,zh-CN,https://www.dongqiudi.com/search?keyword=%E8%91%A3%E8%B7%AF%20%E5%AD%99%E7%BB%A7%E6%B5%B7%20%E9%9D%92%E8%AE%AD&sample=01,https://www.dongqiudi.com/search?keyword=%E8%91%A3%E8%B7%AF%20%E5%AD%99%E7%BB%A7%E6%B5%B7%20%E9%9D%92%E8%AE%AD&sample=01,src_dongqiudi_01,,2026-06-03T23:00:00.000Z,2026-06-17T12:10:16.500Z,,sha256_platform_case_salt,unknown,true,true,,15,16,0,0,sha256:684c3749577acdcd6d0a3e14e6841342c991654a98577662fcb78d9a9b6ce224,sha256:684c3749577acdcd6d0a3e14e6841342c991654a98577662fcb78d9a9b6ce224,sha256:d94317fe9d847c8b18b30e6aceb72b28c02749f72f417593e4de033adfeaad70,dup_83ec586c522159a6a1e2,1,[],public,public,manual_comment_sample,Selected public sample only. Not full-platform coverage. Not full-web coverage. Not full-thread coverage.,"{""asset_id"":""local-snapshot-src_dongqiudi_01-comment-29-15"",""run_id"":"""",""task_id"":"""",""source_path"":"""",""record_type"":""comment"",""field_score"":0,""keyword"":"""",""entity_ids"":[]}","{""normalized_from"":""opencrawler_local_asset"",""source_record_id"":""local-snapshot-src_dongqiudi_01-comment-29-15"",""source_type"":""local_collector_record"",""acquisition_mode"":""manual_url"",""normalized_at"":""2026-06-17T12:10:16.502Z"",""warnings"":[]}",false,false,,unknown,,support_sunjihai_view,platform_discussion,unknown,unknown,unknown,unknown,core_support,curiosity,route_supporter_sunjihai,47
sgv1_cf330e794a8753f6bbb1b995,donglu_sunjihai_youth_football_202606,dongqiudi,local_collector_record,manual_url,external_agent_assisted,source_url_provided_unverified,medium_low,0.45,review_needed,comment,,,??????????????????? ??01-16?,zh-CN,https://www.dongqiudi.com/search?keyword=%E8%91%A3%E8%B7%AF%20%E5%AD%99%E7%BB%A7%E6%B5%B7%20%E9%9D%92%E8%AE%AD&sample=01,https://www.dongqiudi.com/search?keyword=%E8%91%A3%E8%B7%AF%20%E5%AD%99%E7%BB%A7%E6%B5%B7%20%E9%9D%92%E8%AE%AD&sample=01,src_dongqiudi_01,,2026-06-04T00:00:00.000Z,2026-06-17T12:10:16.500Z,,sha256_platform_case_salt,unknown,true,true,,16,17,0,0,sha256:d84913a9f44bc58514460f824ec35470a410823c972a58a5182ce97ce16db7fa,sha256:d84913a9f44bc58514460f824ec35470a410823c972a58a5182ce97ce16db7fa,sha256:d94317fe9d847c8b18b30e6aceb72b28c02749f72f417593e4de033adfeaad70,dup_268d0fa2d416028c1c90,1,[],public,public,manual_comment_sample,Selected public sample only. Not full-platform coverage. Not full-web coverage. Not full-thread coverage.,"{""asset_id"":""local-snapshot-src_dongqiudi_01-comment-29-16"",""run_id"":"""",""task_id"":"""",""source_path"":"""",""record_type"":""comment"",""field_score"":0,""keyword"":"""",""entity_ids"":[]}","{""normalized_from"":""opencrawler_local_asset"",""source_record_id"":""local-snapshot-src_dongqiudi_01-comment-29-16"",""source_type"":""local_collector_record"",""acquisition_mode"":""manual_url"",""normalized_at"":""2026-06-17T12:10:16.502Z"",""warnings"":[]}",false,false,,unknown,,neutral_process_focused,extreme_cluster_or_trolling,unknown,unknown,unknown,unknown,bridge,neutral,process_observer,50
sgv1_7e21c929e930b0c562f16167,donglu_sunjihai_youth_football_202606,dongqiudi,local_collector_record,manual_url,external_agent_assisted,source_url_provided_unverified,medium_low,0.45,review_needed,comment,,,??????????????????????????? ??01-17?,zh-CN,https://www.dongqiudi.com/search?keyword=%E8%91%A3%E8%B7%AF%20%E5%AD%99%E7%BB%A7%E6%B5%B7%20%E9%9D%92%E8%AE%AD&sample=01,https://www.dongqiudi.com/search?keyword=%E8%91%A3%E8%B7%AF%20%E5%AD%99%E7%BB%A7%E6%B5%B7%20%E9%9D%92%E8%AE%AD&sample=01,src_dongqiudi_01,,2026-06-05T01:00:00.000Z,2026-06-17T12:10:16.500Z,,sha256_platform_case_salt,unknown,true,true,,17,0,0,0,sha256:5ba6211fdbe69f7fa63ab4fb07c997ac2a025e09753184d31554fb8a0db293c5,sha256:5ba6211fdbe69f7fa63ab4fb07c997ac2a025e09753184d31554fb8a0db293c5,sha256:d94317fe9d847c8b18b30e6aceb72b28c02749f72f417593e4de033adfeaad70,dup_e72cd600d9734c49bb85,1,[],public,public,manual_comment_sample,Selected public sample only. Not full-platform coverage. Not full-web coverage. Not full-thread coverage.,"{""asset_id"":""local-snapshot-src_dongqiudi_01-comment-29-17"",""run_id"":"""",""task_id"":"""",""source_path"":"""",""record_type"":""comment"",""field_score"":0,""keyword"":"""",""entity_ids"":[]}","{""normalized_from"":""opencrawler_local_asset"",""source_record_id"":""local-snapshot-src_dongqiudi_01-comment-29-17"",""source_type"":""local_collector_record"",""acquisition_mode"":""manual_url"",""normalized_at"":""2026-06-17T12:10:16.502Z"",""warnings"":[]}",false,false,,unknown,,youth_training_concern,unknown,unknown,unknown,unknown,unknown,neutral,concern,youth_training_concern_cluster,17
sgv1_f785c4084b5f18cdc92eb988,donglu_sunjihai_youth_football_202606,dongqiudi,local_collector_record,manual_url,external_agent_assisted,source_url_provided_unverified,medium_low,0.45,review_needed,comment,,,????????????????????? ??01-18?,zh-CN,https://www.dongqiudi.com/search?keyword=%E8%91%A3%E8%B7%AF%20%E5%AD%99%E7%BB%A7%E6%B5%B7%20%E9%9D%92%E8%AE%AD&sample=01,https://www.dongqiudi.com/search?keyword=%E8%91%A3%E8%B7%AF%20%E5%AD%99%E7%BB%A7%E6%B5%B7%20%E9%9D%92%E8%AE%AD&sample=01,src_dongqiudi_01,,2026-06-06T02:00:00.000Z,2026-06-17T12:10:16.500Z,,sha256_platform_case_salt,unknown,true,true,,18,1,0,0,sha256:42450971ae904d4b4dee7a57caf0d1da911222be5ac66fa80cd749a44ccd6801,sha256:42450971ae904d4b4dee7a57caf0d1da911222be5ac66fa80cd749a44ccd6801,sha256:d94317fe9d847c8b18b30e6aceb72b28c02749f72f417593e4de033adfeaad70,dup_1fa3889c100fdb418d09,1,[],public,public,manual_comment_sample,Selected public sample only. Not full-platform coverage. Not full-web coverage. Not full-thread coverage.,"{""asset_id"":""local-snapshot-src_dongqiudi_01-comment-29-18"",""run_id"":"""",""task_id"":"""",""source_path"":"""",""record_type"":""comment"",""field_score"":0,""keyword"":"""",""entity_ids"":[]}","{""normalized_from"":""opencrawler_local_asset"",""source_record_id"":""local-snapshot-src_dongqiudi_01-comment-29-18"",""source_type"":""local_collector_record"",""acquisition_mode"":""manual_url"",""normalized_at"":""2026-06-17T12:10:16.502Z"",""warnings"":[]}",false,false,,unknown,,anti_conflict_fatigue,youth_training_model,unknown,unknown,unknown,unknown,fatigue,fatigue,fatigue_cluster,20
sgv1_c70c8ad137062695e547824e,donglu_sunjihai_youth_football_202606,dongqiudi,local_collector_record,manual_url,external_agent_assisted,source_url_provided_unverified,medium_low,0.45,review_needed,comment,,,???????????????????????? ??02-01?,zh-CN,https://www.dongqiudi.com/search?keyword=%E8%91%A3%E8%B7%AF%20%E5%AD%99%E7%BB%A7%E6%B5%B7%20%E9%9D%92%E8%AE%AD&sample=02,https://www.dongqiudi.com/search?keyword=%E8%91%A3%E8%B7%AF%20%E5%AD%99%E7%BB%A7%E6%B5%B7%20%E9%9D%92%E8%AE%AD&sample=02,src_dongqiudi_02,,2026-06-04T09:00:00.000Z,2026-06-17T12:10:16.501Z,,sha256_platform_case_salt,unknown,true,true,,2,3,0,0,sha256:75ee0d931bae84f9c849143943c85fc83c993e3d91ca27930d41c782cb8ef122,sha256:75ee0d931bae84f9c849143943c85fc83c993e3d91ca27930d41c782cb8ef122,sha256:f18e890e4b60aef483bcc77a772cabc75edcbebb1b1d0c7ebc18fa7a3248e9cb,dup_c5b1d2ecb36bf16cd549,1,[],public,public,manual_comment_sample,Selected public sample only. Not full-platform coverage. Not full-web coverage. Not full-thread coverage.,"{""asset_id"":""local-snapshot-src_dongqiudi_02-comment-30-1"",""run_id"":"""",""task_id"":"""",""source_path"":"""",""record_type"":""comment"",""field_score"":0,""keyword"":"""",""entity_ids"":[]}","{""normalized_from"":""opencrawler_local_asset"",""source_record_id"":""local-snapshot-src_dongqiudi_02-comment-30-1"",""source_type"":""local_collector_record"",""acquisition_mode"":""manual_url"",""normalized_at"":""2026-06-17T12:10:16.502Z"",""warnings"":[]}",false,false,,unknown,,anti_conflict_fatigue,children_protection_boundary,unknown,unknown,unknown,unknown,fatigue,fatigue,fatigue_cluster,8
sgv1_cad66d661671dec5a7fc90ff,donglu_sunjihai_youth_football_202606,dongqiudi,local_collector_record,manual_url,external_agent_assisted,source_url_provided_unverified,medium_low,0.45,review_needed,comment,,,????????????????????????? ??02-02?,zh-CN,https://www.dongqiudi.com/search?keyword=%E8%91%A3%E8%B7%AF%20%E5%AD%99%E7%BB%A7%E6%B5%B7%20%E9%9D%92%E8%AE%AD&sample=02,https://www.dongqiudi.com/search?keyword=%E8%91%A3%E8%B7%AF%20%E5%AD%99%E7%BB%A7%E6%B5%B7%20%E9%9D%92%E8%AE%AD&sample=02,src_dongqiudi_02,,2026-06-05T10:00:00.000Z,2026-06-17T12:10:16.501Z,,sha256_platform_case_salt,unknown,true,true,,4,4,0,0,sha256:7c9a7836b9fced5bf0661f7ecd2b7772ef36542b333ddf9d686fe4a4ed8aad2c,sha256:7c9a7836b9fced5bf0661f7ecd2b7772ef36542b333ddf9d686fe4a4ed8aad2c,sha256:f18e890e4b60aef483bcc77a772cabc75edcbebb1b1d0c7ebc18fa7a3248e9cb,dup_fbf17dbdca5bf4af4495,1,[],public,public,manual_comment_sample,Selected public sample only. Not full-platform coverage. Not full-web coverage. Not full-thread coverage.,"{""asset_id"":""local-snapshot-src_dongqiudi_02-comment-30-2"",""run_id"":"""",""task_id"":"""",""source_path"":"""",""record_type"":""comment"",""field_score"":0,""keyword"":"""",""entity_ids"":[]}","{""normalized_from"":""opencrawler_local_asset"",""source_record_id"":""local-snapshot-src_dongqiudi_02-comment-30-2"",""source_type"":""local_collector_record"",""acquisition_mode"":""manual_url"",""normalized_at"":""2026-06-17T12:10:16.502Z"",""warnings"":[]}",false,false,,unknown,,media_context,chinese_football_reputation,unknown,unknown,unknown,unknown,bridge,neutral,media_context_reader,12
sgv1_8b7345f5bfab27af1f6c308f,donglu_sunjihai_youth_football_202606,dongqiudi,local_collector_record,manual_url,external_agent_assisted,source_url_provided_unverified,medium_low,0.45,review_needed,comment,,,??????????????????????? ??02-03?,zh-CN,https://www.dongqiudi.com/search?keyword=%E8%91%A3%E8%B7%AF%20%E5%AD%99%E7%BB%A7%E6%B5%B7%20%E9%9D%92%E8%AE%AD&sample=02,https://www.dongqiudi.com/search?keyword=%E8%91%A3%E8%B7%AF%20%E5%AD%99%E7%BB%A7%E6%B5%B7%20%E9%9D%92%E8%AE%AD&sample=02,src_dongqiudi_02,,2026-06-06T11:00:00.000Z,2026-06-17T12:10:16.501Z,,sha256_platform_case_salt,unknown,true,true,,6,5,0,0,sha256:20d9684625eea541b215ce7844a94d27bb2b5378a9125bad32d1f1214272fabf,sha256:20d9684625eea541b215ce7844a94d27bb2b5378a9125bad32d1f1214272fabf,sha256:f18e890e4b60aef483bcc77a772cabc75edcbebb1b1d0c7ebc18fa7a3248e9cb,dup_f07a29c346682669f031,1,[],public,public,manual_comment_sample,Selected public sample only. Not full-platform coverage. Not full-web coverage. Not full-thread coverage.,"{""asset_id"":""local-snapshot-src_dongqiudi_02-comment-30-3"",""run_id"":"""",""task_id"":"""",""source_path"":"""",""record_type"":""comment"",""field_score"":0,""keyword"":"""",""entity_ids"":[]}","{""normalized_from"":""opencrawler_local_asset"",""source_record_id"":""local-snapshot-src_dongqiudi_02-comment-30-3"",""source_type"":""local_collector_record"",""acquisition_mode"":""manual_url"",""normalized_at"":""2026-06-17T12:10:16.502Z"",""warnings"":[]}",false,false,,unknown,,extreme_attack_or_trolling,platform_discussion,unknown,unknown,unknown,unknown,isolated_extreme,anger,isolated_extreme_cluster,16
sgv1_100f5a56ee0601f9c0f6995b,donglu_sunjihai_youth_football_202606,dongqiudi,local_collector_record,manual_url,external_agent_assisted,source_url_provided_unverified,medium_low,0.45,review_needed,comment,,,????????????????????? ??02-04?,zh-CN,https://www.dongqiudi.com/search?keyword=%E8%91%A3%E8%B7%AF%20%E5%AD%99%E7%BB%A7%E6%B5%B7%20%E9%9D%92%E8%AE%AD&sample=02,https://www.dongqiudi.com/search?keyword=%E8%91%A3%E8%B7%AF%20%E5%AD%99%E7%BB%A7%E6%B5%B7%20%E9%9D%92%E8%AE%AD&sample=02,src_dongqiudi_02,,2026-06-07T12:00:00.000Z,2026-06-17T12:10:16.501Z,,sha256_platform_case_salt,unknown,true,true,,8,6,0,0,sha256:88b66e7c4f510a3405051177bd2468e660a49f1d9cf03b8243eba8ae0b91e52f,sha256:88b66e7c4f510a3405051177bd2468e660a49f1d9cf03b8243eba8ae0b91e52f,sha256:f18e890e4b60aef483bcc77a772cabc75edcbebb1b1d0c7ebc18fa7a3248e9cb,dup_afab67fd2c55c0f1de0d,1,[],public,public,manual_comment_sample,Selected public sample only. Not full-platform coverage. Not full-web coverage. Not full-thread coverage.,"{""asset_id"":""local-snapshot-src_dongqiudi_02-comment-30-4"",""run_id"":"""",""task_id"":"""",""source_path"":"""",""record_type"":""comment"",""field_score"":0,""keyword"":"""",""entity_ids"":[]}","{""normalized_from"":""opencrawler_local_asset"",""source_record_id"":""local-snapshot-src_dongqiudi_02-comment-30-4"",""source_type"":""local_collector_record"",""acquisition_mode"":""manual_url"",""normalized_at"":""2026-06-17T12:10:16.502Z"",""warnings"":[]}",false,false,,unknown,,unknown,extreme_cluster_or_trolling,unknown,unknown,unknown,unknown,unknown,unknown,unknown,20
sgv1_a225be38621eeda48e215a53,donglu_sunjihai_youth_football_202606,dongqiudi,local_collector_record,manual_url,external_agent_assisted,source_url_provided_unverified,medium_low,0.45,review_needed,comment,,,??????????????????????????? ??02-05?,zh-CN,https://www.dongqiudi.com/search?keyword=%E8%91%A3%E8%B7%AF%20%E5%AD%99%E7%BB%A7%E6%B5%B7%20%E9%9D%92%E8%AE%AD&sample=02,https://www.dongqiudi.com/search?keyword=%E8%91%A3%E8%B7%AF%20%E5%AD%99%E7%BB%A7%E6%B5%B7%20%E9%9D%92%E8%AE%AD&sample=02,src_dongqiudi_02,,2026-06-08T13:00:00.000Z,2026-06-17T12:10:16.501Z,,sha256_platform_case_salt,unknown,true,true,,10,7,0,0,sha256:325a526e7993188321e5cbd0e289ec115505d439a040a2b0c783912cc43b3752,sha256:325a526e7993188321e5cbd0e289ec115505d439a040a2b0c783912cc43b3752,sha256:f18e890e4b60aef483bcc77a772cabc75edcbebb1b1d0c7ebc18fa7a3248e9cb,dup_060fba2ce061938411fc,1,[],public,public,manual_comment_sample,Selected public sample only. Not full-platform coverage. Not full-web coverage. Not full-thread coverage.,"{""asset_id"":""local-snapshot-src_dongqiudi_02-comment-30-5"",""run_id"":"""",""task_id"":"""",""source_path"":"""",""record_type"":""comment"",""field_score"":0,""keyword"":"""",""entity_ids"":[]}","{""normalized_from"":""opencrawler_local_asset"",""source_record_id"":""local-snapshot-src_dongqiudi_02-comment-30-5"",""source_type"":""local_collector_record"",""acquisition_mode"":""manual_url"",""normalized_at"":""2026-06-17T12:10:16.502Z"",""warnings"":[]}",false,false,,unknown,,support_donglu_view,unknown,unknown,unknown,unknown,unknown,core_support,curiosity,route_supporter_donglu,24
sgv1_42e92f3761dcec937dc7651a,donglu_sunjihai_youth_football_202606,dongqiudi,local_collector_record,manual_url,external_agent_assisted,source_url_provided_unverified,medium_low,0.45,review_needed,comment,,,?????????????????????? ??02-06?,zh-CN,https://www.dongqiudi.com/search?keyword=%E8%91%A3%E8%B7%AF%20%E5%AD%99%E7%BB%A7%E6%B5%B7%20%E9%9D%92%E8%AE%AD&sample=02,https://www.dongqiudi.com/search?keyword=%E8%91%A3%E8%B7%AF%20%E5%AD%99%E7%BB%A7%E6%B5%B7%20%E9%9D%92%E8%AE%AD&sample=02,src_dongqiudi_02,,2026-06-09T14:00:00.000Z,2026-06-17T12:10:16.501Z,,sha256_platform_case_salt,unknown,true,true,,12,8,0,0,sha256:3540d6a2e54dbdf431795b8d70858c6a480464b8485556b21b59ed16b6c508d5,sha256:3540d6a2e54dbdf431795b8d70858c6a480464b8485556b21b59ed16b6c508d5,sha256:f18e890e4b60aef483bcc77a772cabc75edcbebb1b1d0c7ebc18fa7a3248e9cb,dup_0b682949fe15ffa21eca,1,[],public,public,manual_comment_sample,Selected public sample only. Not full-platform coverage. Not full-web coverage. Not full-thread coverage.,"{""asset_id"":""local-snapshot-src_dongqiudi_02-comment-30-6"",""run_id"":"""",""task_id"":"""",""source_path"":"""",""record_type"":""comment"",""field_score"":0,""keyword"":"""",""entity_ids"":[]}","{""normalized_from"":""opencrawler_local_asset"",""source_record_id"":""local-snapshot-src_dongqiudi_02-comment-30-6"",""source_type"":""local_collector_record"",""acquisition_mode"":""manual_url"",""normalized_at"":""2026-06-17T12:10:16.502Z"",""warnings"":[]}",false,false,,unknown,,support_sunjihai_view,youth_training_model,unknown,unknown,unknown,unknown,core_support,curiosity,route_supporter_sunjihai,28
sgv1_103dd5a88546bcca64bffbc0,donglu_sunjihai_youth_football_202606,dongqiudi,local_collector_record,manual_url,external_agent_assisted,source_url_provided_unverified,medium_low,0.45,review_needed,comment,,,??????????????????????????? ??02-07?,zh-CN,https://www.dongqiudi.com/search?keyword=%E8%91%A3%E8%B7%AF%20%E5%AD%99%E7%BB%A7%E6%B5%B7%20%E9%9D%92%E8%AE%AD&sample=02,https://www.dongqiudi.com/search?keyword=%E8%91%A3%E8%B7%AF%20%E5%AD%99%E7%BB%A7%E6%B5%B7%20%E9%9D%92%E8%AE%AD&sample=02,src_dongqiudi_02,,2026-06-10T15:00:00.000Z,2026-06-17T12:10:16.501Z,,sha256_platform_case_salt,unknown,true,true,,14,9,0,0,sha256:35c3c5e3940a0b962a99135ae2404ff23e531bb7e0d6557fc5020195e8d1abd8,sha256:35c3c5e3940a0b962a99135ae2404ff23e531bb7e0d6557fc5020195e8d1abd8,sha256:f18e890e4b60aef483bcc77a772cabc75edcbebb1b1d0c7ebc18fa7a3248e9cb,dup_42c4ddbfd1253ebf0d8f,1,[],public,public,manual_comment_sample,Selected public sample only. Not full-platform coverage. Not full-web coverage. Not full-thread coverage.,"{""asset_id"":""local-snapshot-src_dongqiudi_02-comment-30-7"",""run_id"":"""",""task_id"":"""",""source_path"":"""",""record_type"":""comment"",""field_score"":0,""keyword"":"""",""entity_ids"":[]}","{""normalized_from"":""opencrawler_local_asset"",""source_record_id"":""local-snapshot-src_dongqiudi_02-comment-30-7"",""source_type"":""local_collector_record"",""acquisition_mode"":""manual_url"",""normalized_at"":""2026-06-17T12:10:16.502Z"",""warnings"":[]}",false,false,,unknown,,neutral_process_focused,contract_or_responsibility_dispute,unknown,unknown,unknown,unknown,bridge,neutral,process_observer,32
sgv1_03d6d25241c0150c590aee4e,donglu_sunjihai_youth_football_202606,dongqiudi,local_collector_record,manual_url,external_agent_assisted,source_url_provided_unverified,medium_low,0.45,review_needed,comment,,,?????????????????????????? ??02-08?,zh-CN,https://www.dongqiudi.com/search?keyword=%E8%91%A3%E8%B7%AF%20%E5%AD%99%E7%BB%A7%E6%B5%B7%20%E9%9D%92%E8%AE%AD&sample=02,https://www.dongqiudi.com/search?keyword=%E8%91%A3%E8%B7%AF%20%E5%AD%99%E7%BB%A7%E6%B5%B7%20%E9%9D%92%E8%AE%AD&sample=02,src_dongqiudi_02,,2026-06-11T16:00:00.000Z,2026-06-17T12:10:16.501Z,,sha256_platform_case_salt,unknown,true,true,,16,10,0,0,sha256:6df62d3df0d4d7695c87c05a2b837ecba129b39b01705e5cef79030e7684d87e,sha256:6df62d3df0d4d7695c87c05a2b837ecba129b39b01705e5cef79030e7684d87e,sha256:f18e890e4b60aef483bcc77a772cabc75edcbebb1b1d0c7ebc18fa7a3248e9cb,dup_7d712ada67ad70472d33,1,[],public,public,manual_comment_sample,Selected public sample only. Not full-platform coverage. Not full-web coverage. Not full-thread coverage.,"{""asset_id"":""local-snapshot-src_dongqiudi_02-comment-30-8"",""run_id"":"""",""task_id"":"""",""source_path"":"""",""record_type"":""comment"",""field_score"":0,""keyword"":"""",""entity_ids"":[]}","{""normalized_from"":""opencrawler_local_asset"",""source_record_id"":""local-snapshot-src_dongqiudi_02-comment-30-8"",""source_type"":""local_collector_record"",""acquisition_mode"":""manual_url"",""normalized_at"":""2026-06-17T12:10:16.502Z"",""warnings"":[]}",false,false,,unknown,,youth_training_concern,public_response,unknown,unknown,unknown,unknown,neutral,concern,youth_training_concern_cluster,36
sgv1_a534de6b9beb85f72211444a,donglu_sunjihai_youth_football_202606,dongqiudi,local_collector_record,manual_url,external_agent_assisted,source_url_provided_unverified,medium_low,0.45,review_needed,comment,,,?????????????????????? ??02-09?,zh-CN,https://www.dongqiudi.com/search?keyword=%E8%91%A3%E8%B7%AF%20%E5%AD%99%E7%BB%A7%E6%B5%B7%20%E9%9D%92%E8%AE%AD&sample=02,https://www.dongqiudi.com/search?keyword=%E8%91%A3%E8%B7%AF%20%E5%AD%99%E7%BB%A7%E6%B5%B7%20%E9%9D%92%E8%AE%AD&sample=02,src_dongqiudi_02,,2026-06-12T17:00:00.000Z,2026-06-17T12:10:16.501Z,,sha256_platform_case_salt,unknown,true,true,,18,11,0,0,sha256:cbe842ab7da35643030a976231f7b73659146de62f7aef2605c013a65911d971,sha256:cbe842ab7da35643030a976231f7b73659146de62f7aef2605c013a65911d971,sha256:f18e890e4b60aef483bcc77a772cabc75edcbebb1b1d0c7ebc18fa7a3248e9cb,dup_229f19a05343a8c46754,1,[],public,public,manual_comment_sample,Selected public sample only. Not full-platform coverage. Not full-web coverage. Not full-thread coverage.,"{""asset_id"":""local-snapshot-src_dongqiudi_02-comment-30-9"",""run_id"":"""",""task_id"":"""",""source_path"":"""",""record_type"":""comment"",""field_score"":0,""keyword"":"""",""entity_ids"":[]}","{""normalized_from"":""opencrawler_local_asset"",""source_record_id"":""local-snapshot-src_dongqiudi_02-comment-30-9"",""source_type"":""local_collector_record"",""acquisition_mode"":""manual_url"",""normalized_at"":""2026-06-17T12:10:16.502Z"",""warnings"":[]}",false,false,,unknown,,anti_conflict_fatigue,media_reframing,unknown,unknown,unknown,unknown,fatigue,fatigue,fatigue_cluster,40
sgv1_878ee22bf73df6eb6d923e41,donglu_sunjihai_youth_football_202606,dongqiudi,local_collector_record,manual_url,external_agent_assisted,source_url_provided_unverified,medium_low,0.45,review_needed,comment,,,???????????????????????? ??02-10?,zh-CN,https://www.dongqiudi.com/search?keyword=%E8%91%A3%E8%B7%AF%20%E5%AD%99%E7%BB%A7%E6%B5%B7%20%E9%9D%92%E8%AE%AD&sample=02,https://www.dongqiudi.com/search?keyword=%E8%91%A3%E8%B7%AF%20%E5%AD%99%E7%BB%A7%E6%B5%B7%20%E9%9D%92%E8%AE%AD&sample=02,src_dongqiudi_02,,2026-06-13T18:00:00.000Z,2026-06-17T12:10:16.501Z,,sha256_platform_case_salt,unknown,true,true,,20,12,0,0,sha256:51a16c0d6b5bf73599218f766b3695b795e37d5295a5ce3e4c1746c03580e2b2,sha256:51a16c0d6b5bf73599218f766b3695b795e37d5295a5ce3e4c1746c03580e2b2,sha256:f18e890e4b60aef483bcc77a772cabc75edcbebb1b1d0c7ebc18fa7a3248e9cb,dup_3100dd6516250307e451,1,[],public,public,manual_comment_sample,Selected public sample only. Not full-platform coverage. Not full-web coverage. Not full-thread coverage.,"{""asset_id"":""local-snapshot-src_dongqiudi_02-comment-30-10"",""run_id"":"""",""task_id"":"""",""source_path"":"""",""record_type"":""comment"",""field_score"":0,""keyword"":"""",""entity_ids"":[]}","{""normalized_from"":""opencrawler_local_asset"",""source_record_id"":""local-snapshot-src_dongqiudi_02-comment-30-10"",""source_type"":""local_collector_record"",""acquisition_mode"":""manual_url"",""normalized_at"":""2026-06-17T12:10:16.502Z"",""warnings"":[]}",false,false,,unknown,,media_context,fan_community_reaction,unknown,unknown,unknown,unknown,bridge,neutral,media_context_reader,44
sgv1_87d1cc8c132158f19e9f32aa,donglu_sunjihai_youth_football_202606,dongqiudi,local_collector_record,manual_url,external_agent_assisted,source_url_provided_unverified,medium_low,0.45,review_needed,comment,,,??????????????????????? ??02-11?,zh-CN,https://www.dongqiudi.com/search?keyword=%E8%91%A3%E8%B7%AF%20%E5%AD%99%E7%BB%A7%E6%B5%B7%20%E9%9D%92%E8%AE%AD&sample=02,https://www.dongqiudi.com/search?keyword=%E8%91%A3%E8%B7%AF%20%E5%AD%99%E7%BB%A7%E6%B5%B7%20%E9%9D%92%E8%AE%AD&sample=02,src_dongqiudi_02,,2026-06-14T19:00:00.000Z,2026-06-17T12:10:16.501Z,,sha256_platform_case_salt,unknown,true,true,,22,13,0,0,sha256:e87f2b4b3dfaa671d416fb0e9b6ccdf354f74501b4be45d7c04cd76605a6ee10,sha256:e87f2b4b3dfaa671d416fb0e9b6ccdf354f74501b4be45d7c04cd76605a6ee10,sha256:f18e890e4b60aef483bcc77a772cabc75edcbebb1b1d0c7ebc18fa7a3248e9cb,dup_fcba9c2052553f7724b9,1,[],public,public,manual_comment_sample,Selected public sample only. Not full-platform coverage. Not full-web coverage. Not full-thread coverage.,"{""asset_id"":""local-snapshot-src_dongqiudi_02-comment-30-11"",""run_id"":"""",""task_id"":"""",""source_path"":"""",""record_type"":""comment"",""field_score"":0,""keyword"":"""",""entity_ids"":[]}","{""normalized_from"":""opencrawler_local_asset"",""source_record_id"":""local-snapshot-src_dongqiudi_02-comment-30-11"",""source_type"":""local_collector_record"",""acquisition_mode"":""manual_url"",""normalized_at"":""2026-06-17T12:10:16.502Z"",""warnings"":[]}",false,false,,unknown,,extreme_attack_or_trolling,children_protection_boundary,unknown,unknown,unknown,unknown,isolated_extreme,anger,isolated_extreme_cluster,48
sgv1_3d97d1300ae3b360e6d8b9a2,donglu_sunjihai_youth_football_202606,dongqiudi,local_collector_record,manual_url,external_agent_assisted,source_url_provided_unverified,medium_low,0.45,review_needed,comment,,,???????????????? ??02-12?,zh-CN,https://www.dongqiudi.com/search?keyword=%E8%91%A3%E8%B7%AF%20%E5%AD%99%E7%BB%A7%E6%B5%B7%20%E9%9D%92%E8%AE%AD&sample=02,https://www.dongqiudi.com/search?keyword=%E8%91%A3%E8%B7%AF%20%E5%AD%99%E7%BB%A7%E6%B5%B7%20%E9%9D%92%E8%AE%AD&sample=02,src_dongqiudi_02,,2026-06-01T20:00:00.000Z,2026-06-17T12:10:16.501Z,,sha256_platform_case_salt,unknown,true,true,,24,14,0,0,sha256:03d6dfb65a85bb908ad2676ea8f3f407573ed0f72d6a0d780bb3a1e0da531413,sha256:03d6dfb65a85bb908ad2676ea8f3f407573ed0f72d6a0d780bb3a1e0da531413,sha256:f18e890e4b60aef483bcc77a772cabc75edcbebb1b1d0c7ebc18fa7a3248e9cb,dup_5d42894aa8d08949cfdd,1,[],public,public,manual_comment_sample,Selected public sample only. Not full-platform coverage. Not full-web coverage. Not full-thread coverage.,"{""asset_id"":""local-snapshot-src_dongqiudi_02-comment-30-12"",""run_id"":"""",""task_id"":"""",""source_path"":"""",""record_type"":""comment"",""field_score"":0,""keyword"":"""",""entity_ids"":[]}","{""normalized_from"":""opencrawler_local_asset"",""source_record_id"":""local-snapshot-src_dongqiudi_02-comment-30-12"",""source_type"":""local_collector_record"",""acquisition_mode"":""manual_url"",""normalized_at"":""2026-06-17T12:10:16.502Z"",""warnings"":[]}",false,false,,unknown,,unknown,chinese_football_reputation,unknown,unknown,unknown,unknown,unknown,unknown,unknown,52
sgv1_1302ccbb6d131e6608c7e383,donglu_sunjihai_youth_football_202606,dongqiudi,local_collector_record,manual_url,external_agent_assisted,source_url_provided_unverified,medium_low,0.45,review_needed,comment,,,???????????????????????? ??02-13?,zh-CN,https://www.dongqiudi.com/search?keyword=%E8%91%A3%E8%B7%AF%20%E5%AD%99%E7%BB%A7%E6%B5%B7%20%E9%9D%92%E8%AE%AD&sample=02,https://www.dongqiudi.com/search?keyword=%E8%91%A3%E8%B7%AF%20%E5%AD%99%E7%BB%A7%E6%B5%B7%20%E9%9D%92%E8%AE%AD&sample=02,src_dongqiudi_02,,2026-06-02T21:00:00.000Z,2026-06-17T12:10:16.501Z,,sha256_platform_case_salt,unknown,true,true,,26,15,0,0,sha256:1526cd4bf21f3e46db138520b60048906e72122bed6e1dc9048f537e6df148b2,sha256:1526cd4bf21f3e46db138520b60048906e72122bed6e1dc9048f537e6df148b2,sha256:f18e890e4b60aef483bcc77a772cabc75edcbebb1b1d0c7ebc18fa7a3248e9cb,dup_5bfb5c143bea356c07ba,1,[],public,public,manual_comment_sample,Selected public sample only. Not full-platform coverage. Not full-web coverage. Not full-thread coverage.,"{""asset_id"":""local-snapshot-src_dongqiudi_02-comment-30-13"",""run_id"":"""",""task_id"":"""",""source_path"":"""",""record_type"":""comment"",""field_score"":0,""keyword"":"""",""entity_ids"":[]}","{""normalized_from"":""opencrawler_local_asset"",""source_record_id"":""local-snapshot-src_dongqiudi_02-comment-30-13"",""source_type"":""local_collector_record"",""acquisition_mode"":""manual_url"",""normalized_at"":""2026-06-17T12:10:16.502Z"",""warnings"":[]}",false,false,,unknown,,support_donglu_view,platform_discussion,unknown,unknown,unknown,unknown,core_support,curiosity,route_supporter_donglu,56
sgv1_7a2b102fd29b9bb75411d32b,donglu_sunjihai_youth_football_202606,dongqiudi,local_collector_record,manual_url,external_agent_assisted,source_url_provided_unverified,medium_low,0.45,review_needed,comment,,,??????????????????????????? ??02-14?,zh-CN,https://www.dongqiudi.com/search?keyword=%E8%91%A3%E8%B7%AF%20%E5%AD%99%E7%BB%A7%E6%B5%B7%20%E9%9D%92%E8%AE%AD&sample=02,https://www.dongqiudi.com/search?keyword=%E8%91%A3%E8%B7%AF%20%E5%AD%99%E7%BB%A7%E6%B5%B7%20%E9%9D%92%E8%AE%AD&sample=02,src_dongqiudi_02,,2026-06-03T22:00:00.000Z,2026-06-17T12:10:16.501Z,,sha256_platform_case_salt,unknown,true,true,,28,16,0,0,sha256:787ceac969da13647be6baf4a96e4f2cf7b5cacaa2c29ed3c8b59b6cca17ae1a,sha256:787ceac969da13647be6baf4a96e4f2cf7b5cacaa2c29ed3c8b59b6cca17ae1a,sha256:f18e890e4b60aef483bcc77a772cabc75edcbebb1b1d0c7ebc18fa7a3248e9cb,dup_3c14e622c4f960063ea7,1,[],public,public,manual_comment_sample,Selected public sample only. Not full-platform coverage. Not full-web coverage. Not full-thread coverage.,"{""asset_id"":""local-snapshot-src_dongqiudi_02-comment-30-14"",""run_id"":"""",""task_id"":"""",""source_path"":"""",""record_type"":""comment"",""field_score"":0,""keyword"":"""",""entity_ids"":[]}","{""normalized_from"":""opencrawler_local_asset"",""source_record_id"":""local-snapshot-src_dongqiudi_02-comment-30-14"",""source_type"":""local_collector_record"",""acquisition_mode"":""manual_url"",""normalized_at"":""2026-06-17T12:10:16.502Z"",""warnings"":[]}",false,false,,unknown,,support_sunjihai_view,extreme_cluster_or_trolling,unknown,unknown,unknown,unknown,core_support,curiosity,route_supporter_sunjihai,60
sgv1_2f5bb688931602c44da978d0,donglu_sunjihai_youth_football_202606,dongqiudi,local_collector_record,manual_url,external_agent_assisted,source_url_provided_unverified,medium_low,0.45,review_needed,comment,,,??????????????????? ??02-15?,zh-CN,https://www.dongqiudi.com/search?keyword=%E8%91%A3%E8%B7%AF%20%E5%AD%99%E7%BB%A7%E6%B5%B7%20%E9%9D%92%E8%AE%AD&sample=02,https://www.dongqiudi.com/search?keyword=%E8%91%A3%E8%B7%AF%20%E5%AD%99%E7%BB%A7%E6%B5%B7%20%E9%9D%92%E8%AE%AD&sample=02,src_dongqiudi_02,,2026-06-04T23:00:00.000Z,2026-06-17T12:10:16.501Z,,sha256_platform_case_salt,unknown,true,true,,30,17,0,0,sha256:660d144a07bb95a68b07147f5130a8ac45d2a8602917437ad9aff47c707c294a,sha256:660d144a07bb95a68b07147f5130a8ac45d2a8602917437ad9aff47c707c294a,sha256:f18e890e4b60aef483bcc77a772cabc75edcbebb1b1d0c7ebc18fa7a3248e9cb,dup_369b902e85fcc55da683,1,[],public,public,manual_comment_sample,Selected public sample only. Not full-platform coverage. Not full-web coverage. Not full-thread coverage.,"{""asset_id"":""local-snapshot-src_dongqiudi_02-comment-30-15"",""run_id"":"""",""task_id"":"""",""source_path"":"""",""record_type"":""comment"",""field_score"":0,""keyword"":"""",""entity_ids"":[]}","{""normalized_from"":""opencrawler_local_asset"",""source_record_id"":""local-snapshot-src_dongqiudi_02-comment-30-15"",""source_type"":""local_collector_record"",""acquisition_mode"":""manual_url"",""normalized_at"":""2026-06-17T12:10:16.502Z"",""warnings"":[]}",false,false,,unknown,,neutral_process_focused,unknown,unknown,unknown,unknown,unknown,bridge,neutral,process_observer,64
sgv1_daffa02c41c72b86bdffd9de,donglu_sunjihai_youth_football_202606,dongqiudi,local_collector_record,manual_url,external_agent_assisted,source_url_provided_unverified,medium_low,0.45,review_needed,comment,,,??????????????????????????? ??02-16?,zh-CN,https://www.dongqiudi.com/search?keyword=%E8%91%A3%E8%B7%AF%20%E5%AD%99%E7%BB%A7%E6%B5%B7%20%E9%9D%92%E8%AE%AD&sample=02,https://www.dongqiudi.com/search?keyword=%E8%91%A3%E8%B7%AF%20%E5%AD%99%E7%BB%A7%E6%B5%B7%20%E9%9D%92%E8%AE%AD&sample=02,src_dongqiudi_02,,2026-06-05T00:00:00.000Z,2026-06-17T12:10:16.501Z,,sha256_platform_case_salt,unknown,true,true,,32,0,0,0,sha256:f39ab13937d3fb64caeec75efadd6200521092c0f373d31a6f0ff12a00905c08,sha256:f39ab13937d3fb64caeec75efadd6200521092c0f373d31a6f0ff12a00905c08,sha256:f18e890e4b60aef483bcc77a772cabc75edcbebb1b1d0c7ebc18fa7a3248e9cb,dup_0722554667e9678609e4,1,[],public,public,manual_comment_sample,Selected public sample only. Not full-platform coverage. Not full-web coverage. Not full-thread coverage.,"{""asset_id"":""local-snapshot-src_dongqiudi_02-comment-30-16"",""run_id"":"""",""task_id"":"""",""source_path"":"""",""record_type"":""comment"",""field_score"":0,""keyword"":"""",""entity_ids"":[]}","{""normalized_from"":""opencrawler_local_asset"",""source_record_id"":""local-snapshot-src_dongqiudi_02-comment-30-16"",""source_type"":""local_collector_record"",""acquisition_mode"":""manual_url"",""normalized_at"":""2026-06-17T12:10:16.502Z"",""warnings"":[]}",false,false,,unknown,,youth_training_concern,youth_training_model,unknown,unknown,unknown,unknown,neutral,concern,youth_training_concern_cluster,32
sgv1_53603e369ecfe6f4d4726e9b,donglu_sunjihai_youth_football_202606,dongqiudi,local_collector_record,manual_url,external_agent_assisted,source_url_provided_unverified,medium_low,0.45,review_needed,comment,,,????????????????????? ??02-17?,zh-CN,https://www.dongqiudi.com/search?keyword=%E8%91%A3%E8%B7%AF%20%E5%AD%99%E7%BB%A7%E6%B5%B7%20%E9%9D%92%E8%AE%AD&sample=02,https://www.dongqiudi.com/search?keyword=%E8%91%A3%E8%B7%AF%20%E5%AD%99%E7%BB%A7%E6%B5%B7%20%E9%9D%92%E8%AE%AD&sample=02,src_dongqiudi_02,,2026-06-06T01:00:00.000Z,2026-06-17T12:10:16.501Z,,sha256_platform_case_salt,unknown,true,true,,34,1,0,0,sha256:c2fc101fb439b5a82f677fbeff067688b6530df44c52349bdee98c45cd27577c,sha256:c2fc101fb439b5a82f677fbeff067688b6530df44c52349bdee98c45cd27577c,sha256:f18e890e4b60aef483bcc77a772cabc75edcbebb1b1d0c7ebc18fa7a3248e9cb,dup_0c299dda589c96ddbd45,1,[],public,public,manual_comment_sample,Selected public sample only. Not full-platform coverage. Not full-web coverage. Not full-thread coverage.,"{""asset_id"":""local-snapshot-src_dongqiudi_02-comment-30-17"",""run_id"":"""",""task_id"":"""",""source_path"":"""",""record_type"":""comment"",""field_score"":0,""keyword"":"""",""entity_ids"":[]}","{""normalized_from"":""opencrawler_local_asset"",""source_record_id"":""local-snapshot-src_dongqiudi_02-comment-30-17"",""source_type"":""local_collector_record"",""acquisition_mode"":""manual_url"",""normalized_at"":""2026-06-17T12:10:16.502Z"",""warnings"":[]}",false,false,,unknown,,anti_conflict_fatigue,contract_or_responsibility_dispute,unknown,unknown,unknown,unknown,fatigue,fatigue,fatigue_cluster,36
sgv1_1a1ebb6385195ae56ae14ed1,donglu_sunjihai_youth_football_202606,dongqiudi,local_collector_record,manual_url,external_agent_assisted,source_url_provided_unverified,medium_low,0.45,review_needed,comment,,,?????????????????????? ??02-18?,zh-CN,https://www.dongqiudi.com/search?keyword=%E8%91%A3%E8%B7%AF%20%E5%AD%99%E7%BB%A7%E6%B5%B7%20%E9%9D%92%E8%AE%AD&sample=02,https://www.dongqiudi.com/search?keyword=%E8%91%A3%E8%B7%AF%20%E5%AD%99%E7%BB%A7%E6%B5%B7%20%E9%9D%92%E8%AE%AD&sample=02,src_dongqiudi_02,,2026-06-07T02:00:00.000Z,2026-06-17T12:10:16.501Z,,sha256_platform_case_salt,unknown,true,true,,36,2,0,0,sha256:fa05ae558e9b4b5042da76d484cc1b54b5ab460f1b94e36fda25386b0d237bc3,sha256:fa05ae558e9b4b5042da76d484cc1b54b5ab460f1b94e36fda25386b0d237bc3,sha256:f18e890e4b60aef483bcc77a772cabc75edcbebb1b1d0c7ebc18fa7a3248e9cb,dup_f31e8e579ca10ff8b523,1,[],public,public,manual_comment_sample,Selected public sample only. Not full-platform coverage. Not full-web coverage. Not full-thread coverage.,"{""asset_id"":""local-snapshot-src_dongqiudi_02-comment-30-18"",""run_id"":"""",""task_id"":"""",""source_path"":"""",""record_type"":""comment"",""field_score"":0,""keyword"":"""",""entity_ids"":[]}","{""normalized_from"":""opencrawler_local_asset"",""source_record_id"":""local-snapshot-src_dongqiudi_02-comment-30-18"",""source_type"":""local_collector_record"",""acquisition_mode"":""manual_url"",""normalized_at"":""2026-06-17T12:10:16.502Z"",""warnings"":[]}",false,false,,unknown,,media_context,public_response,unknown,unknown,unknown,unknown,bridge,neutral,media_context_reader,40
sgv1_c1a5b3720f393cd4aeffb00f,donglu_sunjihai_youth_football_202606,dongqiudi,local_collector_record,manual_url,external_agent_assisted,source_url_provided_unverified,medium_low,0.45,review_needed,comment,,,????????????????????????? ??03-01?,zh-CN,https://www.dongqiudi.com/search?keyword=%E8%91%A3%E8%B7%AF%20%E5%AD%99%E7%BB%A7%E6%B5%B7%20%E9%9D%92%E8%AE%AD&sample=03,https://www.dongqiudi.com/search?keyword=%E8%91%A3%E8%B7%AF%20%E5%AD%99%E7%BB%A7%E6%B5%B7%20%E9%9D%92%E8%AE%AD&sample=03,src_dongqiudi_03,,2026-06-05T09:00:00.000Z,2026-06-17T12:10:16.501Z,,sha256_platform_case_salt,unknown,true,true,,3,4,0,0,sha256:c536acf51fcce9213fbba2fe0768ceac04e3817102827d033cc64622480ffac8,sha256:c536acf51fcce9213fbba2fe0768ceac04e3817102827d033cc64622480ffac8,sha256:98ec01e14c1a4f7aedbaaa218545384f6f7c2fc884c52f08c7af793e2f729836,dup_15fdbb01d9400387bca7,1,[],public,public,manual_comment_sample,Selected public sample only. Not full-platform coverage. Not full-web coverage. Not full-thread coverage.,"{""asset_id"":""local-snapshot-src_dongqiudi_03-comment-31-1"",""run_id"":"""",""task_id"":"""",""source_path"":"""",""record_type"":""comment"",""field_score"":0,""keyword"":"""",""entity_ids"":[]}","{""normalized_from"":""opencrawler_local_asset"",""source_record_id"":""local-snapshot-src_dongqiudi_03-comment-31-1"",""source_type"":""local_collector_record"",""acquisition_mode"":""manual_url"",""normalized_at"":""2026-06-17T12:10:16.502Z"",""warnings"":[]}",false,false,,unknown,,media_context,platform_discussion,unknown,unknown,unknown,unknown,bridge,neutral,media_context_reader,11
sgv1_bbfabff3d051d48dc4219c1d,donglu_sunjihai_youth_football_202606,dongqiudi,local_collector_record,manual_url,external_agent_assisted,source_url_provided_unverified,medium_low,0.45,review_needed,comment,,,??????????????????????? ??03-02?,zh-CN,https://www.dongqiudi.com/search?keyword=%E8%91%A3%E8%B7%AF%20%E5%AD%99%E7%BB%A7%E6%B5%B7%20%E9%9D%92%E8%AE%AD&sample=03,https://www.dongqiudi.com/search?keyword=%E8%91%A3%E8%B7%AF%20%E5%AD%99%E7%BB%A7%E6%B5%B7%20%E9%9D%92%E8%AE%AD&sample=03,src_dongqiudi_03,,2026-06-06T10:00:00.000Z,2026-06-17T12:10:16.501Z,,sha256_platform_case_salt,unknown,true,true,,6,5,0,0,sha256:7c23e83c7682bc646e1ff1c1a44a00e77160c38a177978c0868fe6af0b096c3a,sha256:7c23e83c7682bc646e1ff1c1a44a00e77160c38a177978c0868fe6af0b096c3a,sha256:98ec01e14c1a4f7aedbaaa218545384f6f7c2fc884c52f08c7af793e2f729836,dup_a86cfbb5dd1ac63c7ded,1,[],public,public,manual_comment_sample,Selected public sample only. Not full-platform coverage. Not full-web coverage. Not full-thread coverage.,"{""asset_id"":""local-snapshot-src_dongqiudi_03-comment-31-2"",""run_id"":"""",""task_id"":"""",""source_path"":"""",""record_type"":""comment"",""field_score"":0,""keyword"":"""",""entity_ids"":[]}","{""normalized_from"":""opencrawler_local_asset"",""source_record_id"":""local-snapshot-src_dongqiudi_03-comment-31-2"",""source_type"":""local_collector_record"",""acquisition_mode"":""manual_url"",""normalized_at"":""2026-06-17T12:10:16.502Z"",""warnings"":[]}",false,false,,unknown,,extreme_attack_or_trolling,extreme_cluster_or_trolling,unknown,unknown,unknown,unknown,isolated_extreme,anger,isolated_extreme_cluster,16
sgv1_eb42eeb6197d8279ee29ed72,donglu_sunjihai_youth_football_202606,dongqiudi,local_collector_record,manual_url,external_agent_assisted,source_url_provided_unverified,medium_low,0.45,review_needed,comment,,,????????????????????? ??03-03?,zh-CN,https://www.dongqiudi.com/search?keyword=%E8%91%A3%E8%B7%AF%20%E5%AD%99%E7%BB%A7%E6%B5%B7%20%E9%9D%92%E8%AE%AD&sample=03,https://www.dongqiudi.com/search?keyword=%E8%91%A3%E8%B7%AF%20%E5%AD%99%E7%BB%A7%E6%B5%B7%20%E9%9D%92%E8%AE%AD&sample=03,src_dongqiudi_03,,2026-06-07T11:00:00.000Z,2026-06-17T12:10:16.501Z,,sha256_platform_case_salt,unknown,true,true,,9,6,0,0,sha256:78847a476bb22bbbf396b6936d974353cc0ac5f1aea4ffddf3aaffd7caaf622c,sha256:78847a476bb22bbbf396b6936d974353cc0ac5f1aea4ffddf3aaffd7caaf622c,sha256:98ec01e14c1a4f7aedbaaa218545384f6f7c2fc884c52f08c7af793e2f729836,dup_dd7855964cf8f6b72bff,1,[],public,public,manual_comment_sample,Selected public sample only. Not full-platform coverage. Not full-web coverage. Not full-thread coverage.,"{""asset_id"":""local-snapshot-src_dongqiudi_03-comment-31-3"",""run_id"":"""",""task_id"":"""",""source_path"":"""",""record_type"":""comment"",""field_score"":0,""keyword"":"""",""entity_ids"":[]}","{""normalized_from"":""opencrawler_local_asset"",""source_record_id"":""local-snapshot-src_dongqiudi_03-comment-31-3"",""source_type"":""local_collector_record"",""acquisition_mode"":""manual_url"",""normalized_at"":""2026-06-17T12:10:16.502Z"",""warnings"":[]}",false,false,,unknown,,unknown,unknown,unknown,unknown,unknown,unknown,unknown,unknown,unknown,21
sgv1_5fc5e90da5468668db11426a,donglu_sunjihai_youth_football_202606,dongqiudi,local_collector_record,manual_url,external_agent_assisted,source_url_provided_unverified,medium_low,0.45,review_needed,comment,,,??????????????????????????? ??03-04?,zh-CN,https://www.dongqiudi.com/search?keyword=%E8%91%A3%E8%B7%AF%20%E5%AD%99%E7%BB%A7%E6%B5%B7%20%E9%9D%92%E8%AE%AD&sample=03,https://www.dongqiudi.com/search?keyword=%E8%91%A3%E8%B7%AF%20%E5%AD%99%E7%BB%A7%E6%B5%B7%20%E9%9D%92%E8%AE%AD&sample=03,src_dongqiudi_03,,2026-06-08T12:00:00.000Z,2026-06-17T12:10:16.501Z,,sha256_platform_case_salt,unknown,true,true,,12,7,0,0,sha256:f4a04dab71622b3a2ecdbc00fc4a3f86a95f436deff7639660a955ac8ad15b51,sha256:f4a04dab71622b3a2ecdbc00fc4a3f86a95f436deff7639660a955ac8ad15b51,sha256:98ec01e14c1a4f7aedbaaa218545384f6f7c2fc884c52f08c7af793e2f729836,dup_e0a56d46e7ced89dffbf,1,[],public,public,manual_comment_sample,Selected public sample only. Not full-platform coverage. Not full-web coverage. Not full-thread coverage.,"{""asset_id"":""local-snapshot-src_dongqiudi_03-comment-31-4"",""run_id"":"""",""task_id"":"""",""source_path"":"""",""record_type"":""comment"",""field_score"":0,""keyword"":"""",""entity_ids"":[]}","{""normalized_from"":""opencrawler_local_asset"",""source_record_id"":""local-snapshot-src_dongqiudi_03-comment-31-4"",""source_type"":""local_collector_record"",""acquisition_mode"":""manual_url"",""normalized_at"":""2026-06-17T12:10:16.502Z"",""warnings"":[]}",false,false,,unknown,,support_donglu_view,youth_training_model,unknown,unknown,unknown,unknown,core_support,curiosity,route_supporter_donglu,26
sgv1_7ff5c6b948757cb19ceca1c6,donglu_sunjihai_youth_football_202606,dongqiudi,local_collector_record,manual_url,external_agent_assisted,source_url_provided_unverified,medium_low,0.45,review_needed,comment,,,?????????????????????? ??03-05?,zh-CN,https://www.dongqiudi.com/search?keyword=%E8%91%A3%E8%B7%AF%20%E5%AD%99%E7%BB%A7%E6%B5%B7%20%E9%9D%92%E8%AE%AD&sample=03,https://www.dongqiudi.com/search?keyword=%E8%91%A3%E8%B7%AF%20%E5%AD%99%E7%BB%A7%E6%B5%B7%20%E9%9D%92%E8%AE%AD&sample=03,src_dongqiudi_03,,2026-06-09T13:00:00.000Z,2026-06-17T12:10:16.501Z,,sha256_platform_case_salt,unknown,true,true,,15,8,0,0,sha256:0df6c744619e290f2bbef0cdd6d0e29732d92c1a4c0a38b6cf952353b220f7bb,sha256:0df6c744619e290f2bbef0cdd6d0e29732d92c1a4c0a38b6cf952353b220f7bb,sha256:98ec01e14c1a4f7aedbaaa218545384f6f7c2fc884c52f08c7af793e2f729836,dup_fc2b6ac0c29dd3f8633d,1,[],public,public,manual_comment_sample,Selected public sample only. Not full-platform coverage. Not full-web coverage. Not full-thread coverage.,"{""asset_id"":""local-snapshot-src_dongqiudi_03-comment-31-5"",""run_id"":"""",""task_id"":"""",""source_path"":"""",""record_type"":""comment"",""field_score"":0,""keyword"":"""",""entity_ids"":[]}","{""normalized_from"":""opencrawler_local_asset"",""source_record_id"":""local-snapshot-src_dongqiudi_03-comment-31-5"",""source_type"":""local_collector_record"",""acquisition_mode"":""manual_url"",""normalized_at"":""2026-06-17T12:10:16.502Z"",""warnings"":[]}",false,false,,unknown,,support_sunjihai_view,contract_or_responsibility_dispute,unknown,unknown,unknown,unknown,core_support,curiosity,route_supporter_sunjihai,31
sgv1_1d91efa638360eb04d89c49c,donglu_sunjihai_youth_football_202606,dongqiudi,local_collector_record,manual_url,external_agent_assisted,source_url_provided_unverified,medium_low,0.45,review_needed,comment,,,??????????????????????????? ??03-06?,zh-CN,https://www.dongqiudi.com/search?keyword=%E8%91%A3%E8%B7%AF%20%E5%AD%99%E7%BB%A7%E6%B5%B7%20%E9%9D%92%E8%AE%AD&sample=03,https://www.dongqiudi.com/search?keyword=%E8%91%A3%E8%B7%AF%20%E5%AD%99%E7%BB%A7%E6%B5%B7%20%E9%9D%92%E8%AE%AD&sample=03,src_dongqiudi_03,,2026-06-10T14:00:00.000Z,2026-06-17T12:10:16.501Z,,sha256_platform_case_salt,unknown,true,true,,18,9,0,0,sha256:fb2b5362cb6b41b039effe16e4c8f2b7f85e8150b2279272c8fb882d2446b51c,sha256:fb2b5362cb6b41b039effe16e4c8f2b7f85e8150b2279272c8fb882d2446b51c,sha256:98ec01e14c1a4f7aedbaaa218545384f6f7c2fc884c52f08c7af793e2f729836,dup_ffd3a18af0f2b07c62e3,1,[],public,public,manual_comment_sample,Selected public sample only. Not full-platform coverage. Not full-web coverage. Not full-thread coverage.,"{""asset_id"":""local-snapshot-src_dongqiudi_03-comment-31-6"",""run_id"":"""",""task_id"":"""",""source_path"":"""",""record_type"":""comment"",""field_score"":0,""keyword"":"""",""entity_ids"":[]}","{""normalized_from"":""opencrawler_local_asset"",""source_record_id"":""local-snapshot-src_dongqiudi_03-comment-31-6"",""source_type"":""local_collector_record"",""acquisition_mode"":""manual_url"",""normalized_at"":""2026-06-17T12:10:16.502Z"",""warnings"":[]}",false,false,,unknown,,neutral_process_focused,public_response,unknown,unknown,unknown,unknown,bridge,neutral,process_observer,36
sgv1_4fe9d75eb4ac1a19c2f22021,donglu_sunjihai_youth_football_202606,dongqiudi,local_collector_record,manual_url,external_agent_assisted,source_url_provided_unverified,medium_low,0.45,review_needed,comment,,,?????????????????????????? ??03-07?,zh-CN,https://www.dongqiudi.com/search?keyword=%E8%91%A3%E8%B7%AF%20%E5%AD%99%E7%BB%A7%E6%B5%B7%20%E9%9D%92%E8%AE%AD&sample=03,https://www.dongqiudi.com/search?keyword=%E8%91%A3%E8%B7%AF%20%E5%AD%99%E7%BB%A7%E6%B5%B7%20%E9%9D%92%E8%AE%AD&sample=03,src_dongqiudi_03,,2026-06-11T15:00:00.000Z,2026-06-17T12:10:16.501Z,,sha256_platform_case_salt,unknown,true,true,,21,10,0,0,sha256:bc8d8f13ab1fe06385cc045ef0aba0f90f0685102df5ccad021040e3edc3f41c,sha256:bc8d8f13ab1fe06385cc045ef0aba0f90f0685102df5ccad021040e3edc3f41c,sha256:98ec01e14c1a4f7aedbaaa218545384f6f7c2fc884c52f08c7af793e2f729836,dup_8ed9de0c8754d2e0bdca,1,[],public,public,manual_comment_sample,Selected public sample only. Not full-platform coverage. Not full-web coverage. Not full-thread coverage.,"{""asset_id"":""local-snapshot-src_dongqiudi_03-comment-31-7"",""run_id"":"""",""task_id"":"""",""source_path"":"""",""record_type"":""comment"",""field_score"":0,""keyword"":"""",""entity_ids"":[]}","{""normalized_from"":""opencrawler_local_asset"",""source_record_id"":""local-snapshot-src_dongqiudi_03-comment-31-7"",""source_type"":""local_collector_record"",""acquisition_mode"":""manual_url"",""normalized_at"":""2026-06-17T12:10:16.502Z"",""warnings"":[]}",false,false,,unknown,,youth_training_concern,media_reframing,unknown,unknown,unknown,unknown,neutral,concern,youth_training_concern_cluster,41
sgv1_41edc6e5cb545240b34eda9d,donglu_sunjihai_youth_football_202606,dongqiudi,local_collector_record,manual_url,external_agent_assisted,source_url_provided_unverified,medium_low,0.45,review_needed,comment,,,?????????????????????? ??03-08?,zh-CN,https://www.dongqiudi.com/search?keyword=%E8%91%A3%E8%B7%AF%20%E5%AD%99%E7%BB%A7%E6%B5%B7%20%E9%9D%92%E8%AE%AD&sample=03,https://www.dongqiudi.com/search?keyword=%E8%91%A3%E8%B7%AF%20%E5%AD%99%E7%BB%A7%E6%B5%B7%20%E9%9D%92%E8%AE%AD&sample=03,src_dongqiudi_03,,2026-06-12T16:00:00.000Z,2026-06-17T12:10:16.501Z,,sha256_platform_case_salt,unknown,true,true,,24,11,0,0,sha256:615ad5c6890ef7005022cc77120240556b25ce4ced5f04ffea83f2b4c0c826e9,sha256:615ad5c6890ef7005022cc77120240556b25ce4ced5f04ffea83f2b4c0c826e9,sha256:98ec01e14c1a4f7aedbaaa218545384f6f7c2fc884c52f08c7af793e2f729836,dup_b9e4e534cfe9142e051d,1,[],public,public,manual_comment_sample,Selected public sample only. Not full-platform coverage. Not full-web coverage. Not full-thread coverage.,"{""asset_id"":""local-snapshot-src_dongqiudi_03-comment-31-8"",""run_id"":"""",""task_id"":"""",""source_path"":"""",""record_type"":""comment"",""field_score"":0,""keyword"":"""",""entity_ids"":[]}","{""normalized_from"":""opencrawler_local_asset"",""source_record_id"":""local-snapshot-src_dongqiudi_03-comment-31-8"",""source_type"":""local_collector_record"",""acquisition_mode"":""manual_url"",""normalized_at"":""2026-06-17T12:10:16.502Z"",""warnings"":[]}",false,false,,unknown,,anti_conflict_fatigue,fan_community_reaction,unknown,unknown,unknown,unknown,fatigue,fatigue,fatigue_cluster,46
sgv1_c9eac7ccda585097b3158afe,donglu_sunjihai_youth_football_202606,dongqiudi,local_collector_record,manual_url,external_agent_assisted,source_url_provided_unverified,medium_low,0.45,review_needed,comment,,,???????????????????????? ??03-09?,zh-CN,https://www.dongqiudi.com/search?keyword=%E8%91%A3%E8%B7%AF%20%E5%AD%99%E7%BB%A7%E6%B5%B7%20%E9%9D%92%E8%AE%AD&sample=03,https://www.dongqiudi.com/search?keyword=%E8%91%A3%E8%B7%AF%20%E5%AD%99%E7%BB%A7%E6%B5%B7%20%E9%9D%92%E8%AE%AD&sample=03,src_dongqiudi_03,,2026-06-13T17:00:00.000Z,2026-06-17T12:10:16.501Z,,sha256_platform_case_salt,unknown,true,true,,27,12,0,0,sha256:952c71eb14b1f87689b6c62f4ad0d315b94f4e1f14e7797748e1500f13fcf02e,sha256:952c71eb14b1f87689b6c62f4ad0d315b94f4e1f14e7797748e1500f13fcf02e,sha256:98ec01e14c1a4f7aedbaaa218545384f6f7c2fc884c52f08c7af793e2f729836,dup_ddc3adf3fc67404a5e58,1,[],public,public,manual_comment_sample,Selected public sample only. Not full-platform coverage. Not full-web coverage. Not full-thread coverage.,"{""asset_id"":""local-snapshot-src_dongqiudi_03-comment-31-9"",""run_id"":"""",""task_id"":"""",""source_path"":"""",""record_type"":""comment"",""field_score"":0,""keyword"":"""",""entity_ids"":[]}","{""normalized_from"":""opencrawler_local_asset"",""source_record_id"":""local-snapshot-src_dongqiudi_03-comment-31-9"",""source_type"":""local_collector_record"",""acquisition_mode"":""manual_url"",""normalized_at"":""2026-06-17T12:10:16.502Z"",""warnings"":[]}",false,false,,unknown,,media_context,children_protection_boundary,unknown,unknown,unknown,unknown,bridge,neutral,media_context_reader,51
sgv1_3801e69dffab81132e3547a7,donglu_sunjihai_youth_football_202606,dongqiudi,local_collector_record,manual_url,external_agent_assisted,source_url_provided_unverified,medium_low,0.45,review_needed,comment,,,??????????????????????? ??03-10?,zh-CN,https://www.dongqiudi.com/search?keyword=%E8%91%A3%E8%B7%AF%20%E5%AD%99%E7%BB%A7%E6%B5%B7%20%E9%9D%92%E8%AE%AD&sample=03,https://www.dongqiudi.com/search?keyword=%E8%91%A3%E8%B7%AF%20%E5%AD%99%E7%BB%A7%E6%B5%B7%20%E9%9D%92%E8%AE%AD&sample=03,src_dongqiudi_03,,2026-06-14T18:00:00.000Z,2026-06-17T12:10:16.501Z,,sha256_platform_case_salt,unknown,true,true,,30,13,0,0,sha256:24184e178caf10f78e0da31d0cd49d4d54b6ae6b4ff33cf2a6a3f8d617e0da47,sha256:24184e178caf10f78e0da31d0cd49d4d54b6ae6b4ff33cf2a6a3f8d617e0da47,sha256:98ec01e14c1a4f7aedbaaa218545384f6f7c2fc884c52f08c7af793e2f729836,dup_ed12cad9090f01cc7e30,1,[],public,public,manual_comment_sample,Selected public sample only. Not full-platform coverage. Not full-web coverage. Not full-thread coverage.,"{""asset_id"":""local-snapshot-src_dongqiudi_03-comment-31-10"",""run_id"":"""",""task_id"":"""",""source_path"":"""",""record_type"":""comment"",""field_score"":0,""keyword"":"""",""entity_ids"":[]}","{""normalized_from"":""opencrawler_local_asset"",""source_record_id"":""local-snapshot-src_dongqiudi_03-comment-31-10"",""source_type"":""local_collector_record"",""acquisition_mode"":""manual_url"",""normalized_at"":""2026-06-17T12:10:16.502Z"",""warnings"":[]}",false,false,,unknown,,extreme_attack_or_trolling,chinese_football_reputation,unknown,unknown,unknown,unknown,isolated_extreme,anger,isolated_extreme_cluster,56
sgv1_e19fabf8f3c44ade1985eb7f,donglu_sunjihai_youth_football_202606,dongqiudi,local_collector_record,manual_url,external_agent_assisted,source_url_provided_unverified,medium_low,0.45,review_needed,comment,,,???????????????? ??03-11?,zh-CN,https://www.dongqiudi.com/search?keyword=%E8%91%A3%E8%B7%AF%20%E5%AD%99%E7%BB%A7%E6%B5%B7%20%E9%9D%92%E8%AE%AD&sample=03,https://www.dongqiudi.com/search?keyword=%E8%91%A3%E8%B7%AF%20%E5%AD%99%E7%BB%A7%E6%B5%B7%20%E9%9D%92%E8%AE%AD&sample=03,src_dongqiudi_03,,2026-06-01T19:00:00.000Z,2026-06-17T12:10:16.501Z,,sha256_platform_case_salt,unknown,true,true,,33,14,0,0,sha256:aaabdbcc55fec3a9da50973cc9e4f0723021d6dc1dc50156a257fc4dc2840eb1,sha256:aaabdbcc55fec3a9da50973cc9e4f0723021d6dc1dc50156a257fc4dc2840eb1,sha256:98ec01e14c1a4f7aedbaaa218545384f6f7c2fc884c52f08c7af793e2f729836,dup_8b69b28472e5f64227c4,1,[],public,public,manual_comment_sample,Selected public sample only. Not full-platform coverage. Not full-web coverage. Not full-thread coverage.,"{""asset_id"":""local-snapshot-src_dongqiudi_03-comment-31-11"",""run_id"":"""",""task_id"":"""",""source_path"":"""",""record_type"":""comment"",""field_score"":0,""keyword"":"""",""entity_ids"":[]}","{""normalized_from"":""opencrawler_local_asset"",""source_record_id"":""local-snapshot-src_dongqiudi_03-comment-31-11"",""source_type"":""local_collector_record"",""acquisition_mode"":""manual_url"",""normalized_at"":""2026-06-17T12:10:16.502Z"",""warnings"":[]}",false,false,,unknown,,unknown,platform_discussion,unknown,unknown,unknown,unknown,unknown,unknown,unknown,61
sgv1_d7593414af6859b6071c3175,donglu_sunjihai_youth_football_202606,dongqiudi,local_collector_record,manual_url,external_agent_assisted,source_url_provided_unverified,medium_low,0.45,review_needed,comment,,,???????????????????????? ??03-12?,zh-CN,https://www.dongqiudi.com/search?keyword=%E8%91%A3%E8%B7%AF%20%E5%AD%99%E7%BB%A7%E6%B5%B7%20%E9%9D%92%E8%AE%AD&sample=03,https://www.dongqiudi.com/search?keyword=%E8%91%A3%E8%B7%AF%20%E5%AD%99%E7%BB%A7%E6%B5%B7%20%E9%9D%92%E8%AE%AD&sample=03,src_dongqiudi_03,,2026-06-02T20:00:00.000Z,2026-06-17T12:10:16.501Z,,sha256_platform_case_salt,unknown,true,true,,36,15,0,0,sha256:ea745f13c0f8851d8b4638d064069574e9f9a4e67e577820e978ab49c419509d,sha256:ea745f13c0f8851d8b4638d064069574e9f9a4e67e577820e978ab49c419509d,sha256:98ec01e14c1a4f7aedbaaa218545384f6f7c2fc884c52f08c7af793e2f729836,dup_f9ac91a710276e2249ff,1,[],public,public,manual_comment_sample,Selected public sample only. Not full-platform coverage. Not full-web coverage. Not full-thread coverage.,"{""asset_id"":""local-snapshot-src_dongqiudi_03-comment-31-12"",""run_id"":"""",""task_id"":"""",""source_path"":"""",""record_type"":""comment"",""field_score"":0,""keyword"":"""",""entity_ids"":[]}","{""normalized_from"":""opencrawler_local_asset"",""source_record_id"":""local-snapshot-src_dongqiudi_03-comment-31-12"",""source_type"":""local_collector_record"",""acquisition_mode"":""manual_url"",""normalized_at"":""2026-06-17T12:10:16.502Z"",""warnings"":[]}",false,false,,unknown,,support_donglu_view,extreme_cluster_or_trolling,unknown,unknown,unknown,unknown,core_support,curiosity,route_supporter_donglu,66
sgv1_76ce185845d040694bfbad5a,donglu_sunjihai_youth_football_202606,dongqiudi,local_collector_record,manual_url,external_agent_assisted,source_url_provided_unverified,medium_low,0.45,review_needed,comment,,,??????????????????????????? ??03-13?,zh-CN,https://www.dongqiudi.com/search?keyword=%E8%91%A3%E8%B7%AF%20%E5%AD%99%E7%BB%A7%E6%B5%B7%20%E9%9D%92%E8%AE%AD&sample=03,https://www.dongqiudi.com/search?keyword=%E8%91%A3%E8%B7%AF%20%E5%AD%99%E7%BB%A7%E6%B5%B7%20%E9%9D%92%E8%AE%AD&sample=03,src_dongqiudi_03,,2026-06-03T21:00:00.000Z,2026-06-17T12:10:16.501Z,,sha256_platform_case_salt,unknown,true,true,,39,16,0,0,sha256:c5843022a1c75268daece45d4bdb7280c3f60c7ec1851197c5e67c965e2136fb,sha256:c5843022a1c75268daece45d4bdb7280c3f60c7ec1851197c5e67c965e2136fb,sha256:98ec01e14c1a4f7aedbaaa218545384f6f7c2fc884c52f08c7af793e2f729836,dup_ad11cdb70783b7a9ad28,1,[],public,public,manual_comment_sample,Selected public sample only. Not full-platform coverage. Not full-web coverage. Not full-thread coverage.,"{""asset_id"":""local-snapshot-src_dongqiudi_03-comment-31-13"",""run_id"":"""",""task_id"":"""",""source_path"":"""",""record_type"":""comment"",""field_score"":0,""keyword"":"""",""entity_ids"":[]}","{""normalized_from"":""opencrawler_local_asset"",""source_record_id"":""local-snapshot-src_dongqiudi_03-comment-31-13"",""source_type"":""local_collector_record"",""acquisition_mode"":""manual_url"",""normalized_at"":""2026-06-17T12:10:16.502Z"",""warnings"":[]}",false,false,,unknown,,support_sunjihai_view,unknown,unknown,unknown,unknown,unknown,core_support,curiosity,route_supporter_sunjihai,71
sgv1_6b9927f8247541515b4b7e06,donglu_sunjihai_youth_football_202606,dongqiudi,local_collector_record,manual_url,external_agent_assisted,source_url_provided_unverified,medium_low,0.45,review_needed,comment,,,??????????????????? ??03-14?,zh-CN,https://www.dongqiudi.com/search?keyword=%E8%91%A3%E8%B7%AF%20%E5%AD%99%E7%BB%A7%E6%B5%B7%20%E9%9D%92%E8%AE%AD&sample=03,https://www.dongqiudi.com/search?keyword=%E8%91%A3%E8%B7%AF%20%E5%AD%99%E7%BB%A7%E6%B5%B7%20%E9%9D%92%E8%AE%AD&sample=03,src_dongqiudi_03,,2026-06-04T22:00:00.000Z,2026-06-17T12:10:16.501Z,,sha256_platform_case_salt,unknown,true,true,,42,17,0,0,sha256:f3febbd4360104ba7dda5be7d1b8637ec828212f6715b0acf44f49548f69198b,sha256:f3febbd4360104ba7dda5be7d1b8637ec828212f6715b0acf44f49548f69198b,sha256:98ec01e14c1a4f7aedbaaa218545384f6f7c2fc884c52f08c7af793e2f729836,dup_1a788f5f7d635c9d82d9,1,[],public,public,manual_comment_sample,Selected public sample only. Not full-platform coverage. Not full-web coverage. Not full-thread coverage.,"{""asset_id"":""local-snapshot-src_dongqiudi_03-comment-31-14"",""run_id"":"""",""task_id"":"""",""source_path"":"""",""record_type"":""comment"",""field_score"":0,""keyword"":"""",""entity_ids"":[]}","{""normalized_from"":""opencrawler_local_asset"",""source_record_id"":""local-snapshot-src_dongqiudi_03-comment-31-14"",""source_type"":""local_collector_record"",""acquisition_mode"":""manual_url"",""normalized_at"":""2026-06-17T12:10:16.502Z"",""warnings"":[]}",false,false,,unknown,,neutral_process_focused,youth_training_model,unknown,unknown,unknown,unknown,bridge,neutral,process_observer,76
sgv1_acdbd3de13aec91966c2d4b3,donglu_sunjihai_youth_football_202606,dongqiudi,local_collector_record,manual_url,external_agent_assisted,source_url_provided_unverified,medium_low,0.45,review_needed,comment,,,??????????????????????????? ??03-15?,zh-CN,https://www.dongqiudi.com/search?keyword=%E8%91%A3%E8%B7%AF%20%E5%AD%99%E7%BB%A7%E6%B5%B7%20%E9%9D%92%E8%AE%AD&sample=03,https://www.dongqiudi.com/search?keyword=%E8%91%A3%E8%B7%AF%20%E5%AD%99%E7%BB%A7%E6%B5%B7%20%E9%9D%92%E8%AE%AD&sample=03,src_dongqiudi_03,,2026-06-05T23:00:00.000Z,2026-06-17T12:10:16.501Z,,sha256_platform_case_salt,unknown,true,true,,45,0,0,0,sha256:311f7ed3621a91618a9bf94e2cc75120493813d6102fe07237377c15e1f48d7d,sha256:311f7ed3621a91618a9bf94e2cc75120493813d6102fe07237377c15e1f48d7d,sha256:98ec01e14c1a4f7aedbaaa218545384f6f7c2fc884c52f08c7af793e2f729836,dup_aaf13586617744293fb6,1,[],public,public,manual_comment_sample,Selected public sample only. Not full-platform coverage. Not full-web coverage. Not full-thread coverage.,"{""asset_id"":""local-snapshot-src_dongqiudi_03-comment-31-15"",""run_id"":"""",""task_id"":"""",""source_path"":"""",""record_type"":""comment"",""field_score"":0,""keyword"":"""",""entity_ids"":[]}","{""normalized_from"":""opencrawler_local_asset"",""source_record_id"":""local-snapshot-src_dongqiudi_03-comment-31-15"",""source_type"":""local_collector_record"",""acquisition_mode"":""manual_url"",""normalized_at"":""2026-06-17T12:10:16.502Z"",""warnings"":[]}",false,false,,unknown,,youth_training_concern,contract_or_responsibility_dispute,unknown,unknown,unknown,unknown,neutral,concern,youth_training_concern_cluster,45
sgv1_13b249a084d10a63fea30141,donglu_sunjihai_youth_football_202606,dongqiudi,local_collector_record,manual_url,external_agent_assisted,source_url_provided_unverified,medium_low,0.45,review_needed,comment,,,????????????????????? ??03-16?,zh-CN,https://www.dongqiudi.com/search?keyword=%E8%91%A3%E8%B7%AF%20%E5%AD%99%E7%BB%A7%E6%B5%B7%20%E9%9D%92%E8%AE%AD&sample=03,https://www.dongqiudi.com/search?keyword=%E8%91%A3%E8%B7%AF%20%E5%AD%99%E7%BB%A7%E6%B5%B7%20%E9%9D%92%E8%AE%AD&sample=03,src_dongqiudi_03,,2026-06-06T00:00:00.000Z,2026-06-17T12:10:16.501Z,,sha256_platform_case_salt,unknown,true,true,,48,1,0,0,sha256:8e712ae208ac00984215071ce7717ea0696f5acd317efa8da1eb2b0c776a705c,sha256:8e712ae208ac00984215071ce7717ea0696f5acd317efa8da1eb2b0c776a705c,sha256:98ec01e14c1a4f7aedbaaa218545384f6f7c2fc884c52f08c7af793e2f729836,dup_aa2a1b6b41976b471caf,1,[],public,public,manual_comment_sample,Selected public sample only. Not full-platform coverage. Not full-web coverage. Not full-thread coverage.,"{""asset_id"":""local-snapshot-src_dongqiudi_03-comment-31-16"",""run_id"":"""",""task_id"":"""",""source_path"":"""",""record_type"":""comment"",""field_score"":0,""keyword"":"""",""entity_ids"":[]}","{""normalized_from"":""opencrawler_local_asset"",""source_record_id"":""local-snapshot-src_dongqiudi_03-comment-31-16"",""source_type"":""local_collector_record"",""acquisition_mode"":""manual_url"",""normalized_at"":""2026-06-17T12:10:16.502Z"",""warnings"":[]}",false,false,,unknown,,anti_conflict_fatigue,public_response,unknown,unknown,unknown,unknown,fatigue,fatigue,fatigue_cluster,50
sgv1_8014f8f093cb3c6de9ffe61e,donglu_sunjihai_youth_football_202606,dongqiudi,local_collector_record,manual_url,external_agent_assisted,source_url_provided_unverified,medium_low,0.45,review_needed,comment,,,?????????????????????? ??03-17?,zh-CN,https://www.dongqiudi.com/search?keyword=%E8%91%A3%E8%B7%AF%20%E5%AD%99%E7%BB%A7%E6%B5%B7%20%E9%9D%92%E8%AE%AD&sample=03,https://www.dongqiudi.com/search?keyword=%E8%91%A3%E8%B7%AF%20%E5%AD%99%E7%BB%A7%E6%B5%B7%20%E9%9D%92%E8%AE%AD&sample=03,src_dongqiudi_03,,2026-06-07T01:00:00.000Z,2026-06-17T12:10:16.501Z,,sha256_platform_case_salt,unknown,true,true,,51,2,0,0,sha256:49bf3e2d97d388c89e3b88c2615d2cd884cd7f38a16c3b7b961525c76a83052e,sha256:49bf3e2d97d388c89e3b88c2615d2cd884cd7f38a16c3b7b961525c76a83052e,sha256:98ec01e14c1a4f7aedbaaa218545384f6f7c2fc884c52f08c7af793e2f729836,dup_01944be3714c3da3d019,1,[],public,public,manual_comment_sample,Selected public sample only. Not full-platform coverage. Not full-web coverage. Not full-thread coverage.,"{""asset_id"":""local-snapshot-src_dongqiudi_03-comment-31-17"",""run_id"":"""",""task_id"":"""",""source_path"":"""",""record_type"":""comment"",""field_score"":0,""keyword"":"""",""entity_ids"":[]}","{""normalized_from"":""opencrawler_local_asset"",""source_record_id"":""local-snapshot-src_dongqiudi_03-comment-31-17"",""source_type"":""local_collector_record"",""acquisition_mode"":""manual_url"",""normalized_at"":""2026-06-17T12:10:16.502Z"",""warnings"":[]}",false,false,,unknown,,media_context,media_reframing,unknown,unknown,unknown,unknown,bridge,neutral,media_context_reader,55
sgv1_b0e8ab5477715f52560b8134,donglu_sunjihai_youth_football_202606,dongqiudi,local_collector_record,manual_url,external_agent_assisted,source_url_provided_unverified,medium_low,0.45,review_needed,comment,,,??????????????????????? ??03-18?,zh-CN,https://www.dongqiudi.com/search?keyword=%E8%91%A3%E8%B7%AF%20%E5%AD%99%E7%BB%A7%E6%B5%B7%20%E9%9D%92%E8%AE%AD&sample=03,https://www.dongqiudi.com/search?keyword=%E8%91%A3%E8%B7%AF%20%E5%AD%99%E7%BB%A7%E6%B5%B7%20%E9%9D%92%E8%AE%AD&sample=03,src_dongqiudi_03,,2026-06-08T02:00:00.000Z,2026-06-17T12:10:16.501Z,,sha256_platform_case_salt,unknown,true,true,,54,3,0,0,sha256:bf0739e50992c4a95a68ab92d9512bb69dbd75d0a26e1634542536e0e0caba3c,sha256:bf0739e50992c4a95a68ab92d9512bb69dbd75d0a26e1634542536e0e0caba3c,sha256:98ec01e14c1a4f7aedbaaa218545384f6f7c2fc884c52f08c7af793e2f729836,dup_500ea38c385259b8ca09,1,[],public,public,manual_comment_sample,Selected public sample only. Not full-platform coverage. Not full-web coverage. Not full-thread coverage.,"{""asset_id"":""local-snapshot-src_dongqiudi_03-comment-31-18"",""run_id"":"""",""task_id"":"""",""source_path"":"""",""record_type"":""comment"",""field_score"":0,""keyword"":"""",""entity_ids"":[]}","{""normalized_from"":""opencrawler_local_asset"",""source_record_id"":""local-snapshot-src_dongqiudi_03-comment-31-18"",""source_type"":""local_collector_record"",""acquisition_mode"":""manual_url"",""normalized_at"":""2026-06-17T12:10:16.502Z"",""warnings"":[]}",false,false,,unknown,,extreme_attack_or_trolling,fan_community_reaction,unknown,unknown,unknown,unknown,isolated_extreme,anger,isolated_extreme_cluster,60
